:0200000460009A
:100000004643464200000156000000000103030081
:1000100000000000000000000000000000000000E0
:1000200000000000000000000000000000000000D0
:1000300000000000000000000000000000000000C0
:1000400000000000010408000000000000000000A3
:100050000000800000000000000000000000000020
:100060000000000000000000000000000000000090
:100070000000000000000000000000000000000080
:10008000EB04180A063204260000000000000000FD
:10009000050404240000000000000000000000002F
:1000A0000000000000000000000000000000000050
:1000B0000604000000000000000000000000000036
:1000C0000000000000000000000000000000000030
:1000D00020041808000000000000000000000000DC
:1000E0000000000000000000000000000000000010
:1000F0000000000000000000000000000000000000
:10010000D8041808000000000000000000000000F3
:100110000204180804200000000000000000000095
:1001200000000000000000000000000000000000CF
:10013000600400000000000000000000000000005B
:1001400000000000000000000000000000000000AF
:10015000000000000000000000000000000000009F
:10016000000000000000000000000000000000008F
:10017000000000000000000000000000000000007F
:10018000000000000000000000000000000000006F
:10019000000000000000000000000000000000005F
:1001A000000000000000000000000000000000004F
:1001B000000000000000000000000000000000003F
:1001C000000100000010000001000000000000001D
:1001D000000001000000000000000000000000001E
:1001E000000000000000000000000000000000000F
:1001F00000000000000000000000000000000000FF
:10020000FFFFFFFFFFFFFFFFFFFFFFFFFFFFFFFFFE
:10021000FFFFFFFFFFFFFFFFFFFFFFFFFFFFFFFFEE
:10022000FFFFFFFFFFFFFFFFFFFFFFFFFFFFFFFFDE
:10023000FFFFFFFFFFFFFFFFFFFFFFFFFFFFFFFFCE
:10024000FFFFFFFFFFFFFFFFFFFFFFFFFFFFFFFFBE
:10025000FFFFFFFFFFFFFFFFFFFFFFFFFFFFFFFFAE
:10026000FFFFFFFFFFFFFFFFFFFFFFFFFFFFFFFF9E
:10027000FFFFFFFFFFFFFFFFFFFFFFFFFFFFFFFF8E
:10028000FFFFFFFFFFFFFFFFFFFFFFFFFFFFFFFF7E
:10029000FFFFFFFFFFFFFFFFFFFFFFFFFFFFFFFF6E
:1002A000FFFFFFFFFFFFFFFFFFFFFFFFFFFFFFFF5E
:1002B000FFFFFFFFFFFFFFFFFFFFFFFFFFFFFFFF4E
:1002C000FFFFFFFFFFFFFFFFFFFFFFFFFFFFFFFF3E
:1002D000FFFFFFFFFFFFFFFFFFFFFFFFFFFFFFFF2E
:1002E000FFFFFFFFFFFFFFFFFFFFFFFFFFFFFFFF1E
:1002F000FFFFFFFFFFFFFFFFFFFFFFFFFFFFFFFF0E
:10030000FFFFFFFFFFFFFFFFFFFFFFFFFFFFFFFFFD
:10031000FFFFFFFFFFFFFFFFFFFFFFFFFFFFFFFFED
:10032000FFFFFFFFFFFFFFFFFFFFFFFFFFFFFFFFDD
:10033000FFFFFFFFFFFFFFFFFFFFFFFFFFFFFFFFCD
:10034000FFFFFFFFFFFFFFFFFFFFFFFFFFFFFFFFBD
:10035000FFFFFFFFFFFFFFFFFFFFFFFFFFFFFFFFAD
:10036000FFFFFFFFFFFFFFFFFFFFFFFFFFFFFFFF9D
:10037000FFFFFFFFFFFFFFFFFFFFFFFFFFFFFFFF8D
:10038000FFFFFFFFFFFFFFFFFFFFFFFFFFFFFFFF7D
:10039000FFFFFFFFFFFFFFFFFFFFFFFFFFFFFFFF6D
:1003A000FFFFFFFFFFFFFFFFFFFFFFFFFFFFFFFF5D
:1003B000FFFFFFFFFFFFFFFFFFFFFFFFFFFFFFFF4D
:1003C000FFFFFFFFFFFFFFFFFFFFFFFFFFFFFFFF3D
:1003D000FFFFFFFFFFFFFFFFFFFFFFFFFFFFFFFF2D
:1003E000FFFFFFFFFFFFFFFFFFFFFFFFFFFFFFFF1D
:1003F000FFFFFFFFFFFFFFFFFFFFFFFFFFFFFFFF0D
:10040000FFFFFFFFFFFFFFFFFFFFFFFFFFFFFFFFFC
:10041000FFFFFFFFFFFFFFFFFFFFFFFFFFFFFFFFEC
:10042000FFFFFFFFFFFFFFFFFFFFFFFFFFFFFFFFDC
:10043000FFFFFFFFFFFFFFFFFFFFFFFFFFFFFFFFCC
:10044000FFFFFFFFFFFFFFFFFFFFFFFFFFFFFFFFBC
:10045000FFFFFFFFFFFFFFFFFFFFFFFFFFFFFFFFAC
:10046000FFFFFFFFFFFFFFFFFFFFFFFFFFFFFFFF9C
:10047000FFFFFFFFFFFFFFFFFFFFFFFFFFFFFFFF8C
:10048000FFFFFFFFFFFFFFFFFFFFFFFFFFFFFFFF7C
:10049000FFFFFFFFFFFFFFFFFFFFFFFFFFFFFFFF6C
:1004A000FFFFFFFFFFFFFFFFFFFFFFFFFFFFFFFF5C
:1004B000FFFFFFFFFFFFFFFFFFFFFFFFFFFFFFFF4C
:1004C000FFFFFFFFFFFFFFFFFFFFFFFFFFFFFFFF3C
:1004D000FFFFFFFFFFFFFFFFFFFFFFFFFFFFFFFF2C
:1004E000FFFFFFFFFFFFFFFFFFFFFFFFFFFFFFFF1C
:1004F000FFFFFFFFFFFFFFFFFFFFFFFFFFFFFFFF0C
:10050000FFFFFFFFFFFFFFFFFFFFFFFFFFFFFFFFFB
:10051000FFFFFFFFFFFFFFFFFFFFFFFFFFFFFFFFEB
:10052000FFFFFFFFFFFFFFFFFFFFFFFFFFFFFFFFDB
:10053000FFFFFFFFFFFFFFFFFFFFFFFFFFFFFFFFCB
:10054000FFFFFFFFFFFFFFFFFFFFFFFFFFFFFFFFBB
:10055000FFFFFFFFFFFFFFFFFFFFFFFFFFFFFFFFAB
:10056000FFFFFFFFFFFFFFFFFFFFFFFFFFFFFFFF9B
:10057000FFFFFFFFFFFFFFFFFFFFFFFFFFFFFFFF8B
:10058000FFFFFFFFFFFFFFFFFFFFFFFFFFFFFFFF7B
:10059000FFFFFFFFFFFFFFFFFFFFFFFFFFFFFFFF6B
:1005A000FFFFFFFFFFFFFFFFFFFFFFFFFFFFFFFF5B
:1005B000FFFFFFFFFFFFFFFFFFFFFFFFFFFFFFFF4B
:1005C000FFFFFFFFFFFFFFFFFFFFFFFFFFFFFFFF3B
:1005D000FFFFFFFFFFFFFFFFFFFFFFFFFFFFFFFF2B
:1005E000FFFFFFFFFFFFFFFFFFFFFFFFFFFFFFFF1B
:1005F000FFFFFFFFFFFFFFFFFFFFFFFFFFFFFFFF0B
:10060000FFFFFFFFFFFFFFFFFFFFFFFFFFFFFFFFFA
:10061000FFFFFFFFFFFFFFFFFFFFFFFFFFFFFFFFEA
:10062000FFFFFFFFFFFFFFFFFFFFFFFFFFFFFFFFDA
:10063000FFFFFFFFFFFFFFFFFFFFFFFFFFFFFFFFCA
:10064000FFFFFFFFFFFFFFFFFFFFFFFFFFFFFFFFBA
:10065000FFFFFFFFFFFFFFFFFFFFFFFFFFFFFFFFAA
:10066000FFFFFFFFFFFFFFFFFFFFFFFFFFFFFFFF9A
:10067000FFFFFFFFFFFFFFFFFFFFFFFFFFFFFFFF8A
:10068000FFFFFFFFFFFFFFFFFFFFFFFFFFFFFFFF7A
:10069000FFFFFFFFFFFFFFFFFFFFFFFFFFFFFFFF6A
:1006A000FFFFFFFFFFFFFFFFFFFFFFFFFFFFFFFF5A
:1006B000FFFFFFFFFFFFFFFFFFFFFFFFFFFFFFFF4A
:1006C000FFFFFFFFFFFFFFFFFFFFFFFFFFFFFFFF3A
:1006D000FFFFFFFFFFFFFFFFFFFFFFFFFFFFFFFF2A
:1006E000FFFFFFFFFFFFFFFFFFFFFFFFFFFFFFFF1A
:1006F000FFFFFFFFFFFFFFFFFFFFFFFFFFFFFFFF0A
:10070000FFFFFFFFFFFFFFFFFFFFFFFFFFFFFFFFF9
:10071000FFFFFFFFFFFFFFFFFFFFFFFFFFFFFFFFE9
:10072000FFFFFFFFFFFFFFFFFFFFFFFFFFFFFFFFD9
:10073000FFFFFFFFFFFFFFFFFFFFFFFFFFFFFFFFC9
:10074000FFFFFFFFFFFFFFFFFFFFFFFFFFFFFFFFB9
:10075000FFFFFFFFFFFFFFFFFFFFFFFFFFFFFFFFA9
:10076000FFFFFFFFFFFFFFFFFFFFFFFFFFFFFFFF99
:10077000FFFFFFFFFFFFFFFFFFFFFFFFFFFFFFFF89
:10078000FFFFFFFFFFFFFFFFFFFFFFFFFFFFFFFF79
:10079000FFFFFFFFFFFFFFFFFFFFFFFFFFFFFFFF69
:1007A000FFFFFFFFFFFFFFFFFFFFFFFFFFFFFFFF59
:1007B000FFFFFFFFFFFFFFFFFFFFFFFFFFFFFFFF49
:1007C000FFFFFFFFFFFFFFFFFFFFFFFFFFFFFFFF39
:1007D000FFFFFFFFFFFFFFFFFFFFFFFFFFFFFFFF29
:1007E000FFFFFFFFFFFFFFFFFFFFFFFFFFFFFFFF19
:1007F000FFFFFFFFFFFFFFFFFFFFFFFFFFFFFFFF09
:10080000FFFFFFFFFFFFFFFFFFFFFFFFFFFFFFFFF8
:10081000FFFFFFFFFFFFFFFFFFFFFFFFFFFFFFFFE8
:10082000FFFFFFFFFFFFFFFFFFFFFFFFFFFFFFFFD8
:10083000FFFFFFFFFFFFFFFFFFFFFFFFFFFFFFFFC8
:10084000FFFFFFFFFFFFFFFFFFFFFFFFFFFFFFFFB8
:10085000FFFFFFFFFFFFFFFFFFFFFFFFFFFFFFFFA8
:10086000FFFFFFFFFFFFFFFFFFFFFFFFFFFFFFFF98
:10087000FFFFFFFFFFFFFFFFFFFFFFFFFFFFFFFF88
:10088000FFFFFFFFFFFFFFFFFFFFFFFFFFFFFFFF78
:10089000FFFFFFFFFFFFFFFFFFFFFFFFFFFFFFFF68
:1008A000FFFFFFFFFFFFFFFFFFFFFFFFFFFFFFFF58
:1008B000FFFFFFFFFFFFFFFFFFFFFFFFFFFFFFFF48
:1008C000FFFFFFFFFFFFFFFFFFFFFFFFFFFFFFFF38
:1008D000FFFFFFFFFFFFFFFFFFFFFFFFFFFFFFFF28
:1008E000FFFFFFFFFFFFFFFFFFFFFFFFFFFFFFFF18
:1008F000FFFFFFFFFFFFFFFFFFFFFFFFFFFFFFFF08
:10090000FFFFFFFFFFFFFFFFFFFFFFFFFFFFFFFFF7
:10091000FFFFFFFFFFFFFFFFFFFFFFFFFFFFFFFFE7
:10092000FFFFFFFFFFFFFFFFFFFFFFFFFFFFFFFFD7
:10093000FFFFFFFFFFFFFFFFFFFFFFFFFFFFFFFFC7
:10094000FFFFFFFFFFFFFFFFFFFFFFFFFFFFFFFFB7
:10095000FFFFFFFFFFFFFFFFFFFFFFFFFFFFFFFFA7
:10096000FFFFFFFFFFFFFFFFFFFFFFFFFFFFFFFF97
:10097000FFFFFFFFFFFFFFFFFFFFFFFFFFFFFFFF87
:10098000FFFFFFFFFFFFFFFFFFFFFFFFFFFFFFFF77
:10099000FFFFFFFFFFFFFFFFFFFFFFFFFFFFFFFF67
:1009A000FFFFFFFFFFFFFFFFFFFFFFFFFFFFFFFF57
:1009B000FFFFFFFFFFFFFFFFFFFFFFFFFFFFFFFF47
:1009C000FFFFFFFFFFFFFFFFFFFFFFFFFFFFFFFF37
:1009D000FFFFFFFFFFFFFFFFFFFFFFFFFFFFFFFF27
:1009E000FFFFFFFFFFFFFFFFFFFFFFFFFFFFFFFF17
:1009F000FFFFFFFFFFFFFFFFFFFFFFFFFFFFFFFF07
:100A0000FFFFFFFFFFFFFFFFFFFFFFFFFFFFFFFFF6
:100A1000FFFFFFFFFFFFFFFFFFFFFFFFFFFFFFFFE6
:100A2000FFFFFFFFFFFFFFFFFFFFFFFFFFFFFFFFD6
:100A3000FFFFFFFFFFFFFFFFFFFFFFFFFFFFFFFFC6
:100A4000FFFFFFFFFFFFFFFFFFFFFFFFFFFFFFFFB6
:100A5000FFFFFFFFFFFFFFFFFFFFFFFFFFFFFFFFA6
:100A6000FFFFFFFFFFFFFFFFFFFFFFFFFFFFFFFF96
:100A7000FFFFFFFFFFFFFFFFFFFFFFFFFFFFFFFF86
:100A8000FFFFFFFFFFFFFFFFFFFFFFFFFFFFFFFF76
:100A9000FFFFFFFFFFFFFFFFFFFFFFFFFFFFFFFF66
:100AA000FFFFFFFFFFFFFFFFFFFFFFFFFFFFFFFF56
:100AB000FFFFFFFFFFFFFFFFFFFFFFFFFFFFFFFF46
:100AC000FFFFFFFFFFFFFFFFFFFFFFFFFFFFFFFF36
:100AD000FFFFFFFFFFFFFFFFFFFFFFFFFFFFFFFF26
:100AE000FFFFFFFFFFFFFFFFFFFFFFFFFFFFFFFF16
:100AF000FFFFFFFFFFFFFFFFFFFFFFFFFFFFFFFF06
:100B0000FFFFFFFFFFFFFFFFFFFFFFFFFFFFFFFFF5
:100B1000FFFFFFFFFFFFFFFFFFFFFFFFFFFFFFFFE5
:100B2000FFFFFFFFFFFFFFFFFFFFFFFFFFFFFFFFD5
:100B3000FFFFFFFFFFFFFFFFFFFFFFFFFFFFFFFFC5
:100B4000FFFFFFFFFFFFFFFFFFFFFFFFFFFFFFFFB5
:100B5000FFFFFFFFFFFFFFFFFFFFFFFFFFFFFFFFA5
:100B6000FFFFFFFFFFFFFFFFFFFFFFFFFFFFFFFF95
:100B7000FFFFFFFFFFFFFFFFFFFFFFFFFFFFFFFF85
:100B8000FFFFFFFFFFFFFFFFFFFFFFFFFFFFFFFF75
:100B9000FFFFFFFFFFFFFFFFFFFFFFFFFFFFFFFF65
:100BA000FFFFFFFFFFFFFFFFFFFFFFFFFFFFFFFF55
:100BB000FFFFFFFFFFFFFFFFFFFFFFFFFFFFFFFF45
:100BC000FFFFFFFFFFFFFFFFFFFFFFFFFFFFFFFF35
:100BD000FFFFFFFFFFFFFFFFFFFFFFFFFFFFFFFF25
:100BE000FFFFFFFFFFFFFFFFFFFFFFFFFFFFFFFF15
:100BF000FFFFFFFFFFFFFFFFFFFFFFFFFFFFFFFF05
:100C0000FFFFFFFFFFFFFFFFFFFFFFFFFFFFFFFFF4
:100C1000FFFFFFFFFFFFFFFFFFFFFFFFFFFFFFFFE4
:100C2000FFFFFFFFFFFFFFFFFFFFFFFFFFFFFFFFD4
:100C3000FFFFFFFFFFFFFFFFFFFFFFFFFFFFFFFFC4
:100C4000FFFFFFFFFFFFFFFFFFFFFFFFFFFFFFFFB4
:100C5000FFFFFFFFFFFFFFFFFFFFFFFFFFFFFFFFA4
:100C6000FFFFFFFFFFFFFFFFFFFFFFFFFFFFFFFF94
:100C7000FFFFFFFFFFFFFFFFFFFFFFFFFFFFFFFF84
:100C8000FFFFFFFFFFFFFFFFFFFFFFFFFFFFFFFF74
:100C9000FFFFFFFFFFFFFFFFFFFFFFFFFFFFFFFF64
:100CA000FFFFFFFFFFFFFFFFFFFFFFFFFFFFFFFF54
:100CB000FFFFFFFFFFFFFFFFFFFFFFFFFFFFFFFF44
:100CC000FFFFFFFFFFFFFFFFFFFFFFFFFFFFFFFF34
:100CD000FFFFFFFFFFFFFFFFFFFFFFFFFFFFFFFF24
:100CE000FFFFFFFFFFFFFFFFFFFFFFFFFFFFFFFF14
:100CF000FFFFFFFFFFFFFFFFFFFFFFFFFFFFFFFF04
:100D0000FFFFFFFFFFFFFFFFFFFFFFFFFFFFFFFFF3
:100D1000FFFFFFFFFFFFFFFFFFFFFFFFFFFFFFFFE3
:100D2000FFFFFFFFFFFFFFFFFFFFFFFFFFFFFFFFD3
:100D3000FFFFFFFFFFFFFFFFFFFFFFFFFFFFFFFFC3
:100D4000FFFFFFFFFFFFFFFFFFFFFFFFFFFFFFFFB3
:100D5000FFFFFFFFFFFFFFFFFFFFFFFFFFFFFFFFA3
:100D6000FFFFFFFFFFFFFFFFFFFFFFFFFFFFFFFF93
:100D7000FFFFFFFFFFFFFFFFFFFFFFFFFFFFFFFF83
:100D8000FFFFFFFFFFFFFFFFFFFFFFFFFFFFFFFF73
:100D9000FFFFFFFFFFFFFFFFFFFFFFFFFFFFFFFF63
:100DA000FFFFFFFFFFFFFFFFFFFFFFFFFFFFFFFF53
:100DB000FFFFFFFFFFFFFFFFFFFFFFFFFFFFFFFF43
:100DC000FFFFFFFFFFFFFFFFFFFFFFFFFFFFFFFF33
:100DD000FFFFFFFFFFFFFFFFFFFFFFFFFFFFFFFF23
:100DE000FFFFFFFFFFFFFFFFFFFFFFFFFFFFFFFF13
:100DF000FFFFFFFFFFFFFFFFFFFFFFFFFFFFFFFF03
:100E0000FFFFFFFFFFFFFFFFFFFFFFFFFFFFFFFFF2
:100E1000FFFFFFFFFFFFFFFFFFFFFFFFFFFFFFFFE2
:100E2000FFFFFFFFFFFFFFFFFFFFFFFFFFFFFFFFD2
:100E3000FFFFFFFFFFFFFFFFFFFFFFFFFFFFFFFFC2
:100E4000FFFFFFFFFFFFFFFFFFFFFFFFFFFFFFFFB2
:100E5000FFFFFFFFFFFFFFFFFFFFFFFFFFFFFFFFA2
:100E6000FFFFFFFFFFFFFFFFFFFFFFFFFFFFFFFF92
:100E7000FFFFFFFFFFFFFFFFFFFFFFFFFFFFFFFF82
:100E8000FFFFFFFFFFFFFFFFFFFFFFFFFFFFFFFF72
:100E9000FFFFFFFFFFFFFFFFFFFFFFFFFFFFFFFF62
:100EA000FFFFFFFFFFFFFFFFFFFFFFFFFFFFFFFF52
:100EB000FFFFFFFFFFFFFFFFFFFFFFFFFFFFFFFF42
:100EC000FFFFFFFFFFFFFFFFFFFFFFFFFFFFFFFF32
:100ED000FFFFFFFFFFFFFFFFFFFFFFFFFFFFFFFF22
:100EE000FFFFFFFFFFFFFFFFFFFFFFFFFFFFFFFF12
:100EF000FFFFFFFFFFFFFFFFFFFFFFFFFFFFFFFF02
:100F0000FFFFFFFFFFFFFFFFFFFFFFFFFFFFFFFFF1
:100F1000FFFFFFFFFFFFFFFFFFFFFFFFFFFFFFFFE1
:100F2000FFFFFFFFFFFFFFFFFFFFFFFFFFFFFFFFD1
:100F3000FFFFFFFFFFFFFFFFFFFFFFFFFFFFFFFFC1
:100F4000FFFFFFFFFFFFFFFFFFFFFFFFFFFFFFFFB1
:100F5000FFFFFFFFFFFFFFFFFFFFFFFFFFFFFFFFA1
:100F6000FFFFFFFFFFFFFFFFFFFFFFFFFFFFFFFF91
:100F7000FFFFFFFFFFFFFFFFFFFFFFFFFFFFFFFF81
:100F8000FFFFFFFFFFFFFFFFFFFFFFFFFFFFFFFF71
:100F9000FFFFFFFFFFFFFFFFFFFFFFFFFFFFFFFF61
:100FA000FFFFFFFFFFFFFFFFFFFFFFFFFFFFFFFF51
:100FB000FFFFFFFFFFFFFFFFFFFFFFFFFFFFFFFF41
:100FC000FFFFFFFFFFFFFFFFFFFFFFFFFFFFFFFF31
:100FD000FFFFFFFFFFFFFFFFFFFFFFFFFFFFFFFF21
:100FE000FFFFFFFFFFFFFFFFFFFFFFFFFFFFFFFF11
:100FF000FFFFFFFFFFFFFFFFFFFFFFFFFFFFFFFF01
:10100000D10020432914006000000000000000000F
:10101000201000600010006000140160000000005B
:10102000000000600020010000000000FFFFFFFF43
:10103000FFFFFFFFFFFFFFFFFFFFFFFFFFFFFFFFC0
:10104000FFFFFFFFFFFFFFFFFFFFFFFFFFFFFFFFB0
:10105000FFFFFFFFFFFFFFFFFFFFFFFFFFFFFFFFA0
:10106000FFFFFFFFFFFFFFFFFFFFFFFFFFFFFFFF90
:10107000FFFFFFFFFFFFFFFFFFFFFFFFFFFFFFFF80
:10108000FFFFFFFFFFFFFFFFFFFFFFFFFFFFFFFF70
:10109000FFFFFFFFFFFFFFFFFFFFFFFFFFFFFFFF60
:1010A000FFFFFFFFFFFFFFFFFFFFFFFFFFFFFFFF50
:1010B000FFFFFFFFFFFFFFFFFFFFFFFFFFFFFFFF40
:1010C000FFFFFFFFFFFFFFFFFFFFFFFFFFFFFFFF30
:1010D000FFFFFFFFFFFFFFFFFFFFFFFFFFFFFFFF20
:1010E000FFFFFFFFFFFFFFFFFFFFFFFFFFFFFFFF10
:1010F000FFFFFFFFFFFFFFFFFFFFFFFFFFFFFFFF00
:10110000FFFFFFFFFFFFFFFFFFFFFFFFFFFFFFFFEF
:10111000FFFFFFFFFFFFFFFFFFFFFFFFFFFFFFFFDF
:10112000FFFFFFFFFFFFFFFFFFFFFFFFFFFFFFFFCF
:10113000FFFFFFFFFFFFFFFFFFFFFFFFFFFFFFFFBF
:10114000FFFFFFFFFFFFFFFFFFFFFFFFFFFFFFFFAF
:10115000FFFFFFFFFFFFFFFFFFFFFFFFFFFFFFFF9F
:10116000FFFFFFFFFFFFFFFFFFFFFFFFFFFFFFFF8F
:10117000FFFFFFFFFFFFFFFFFFFFFFFFFFFFFFFF7F
:10118000FFFFFFFFFFFFFFFFFFFFFFFFFFFFFFFF6F
:10119000FFFFFFFFFFFFFFFFFFFFFFFFFFFFFFFF5F
:1011A000FFFFFFFFFFFFFFFFFFFFFFFFFFFFFFFF4F
:1011B000FFFFFFFFFFFFFFFFFFFFFFFFFFFFFFFF3F
:1011C000FFFFFFFFFFFFFFFFFFFFFFFFFFFFFFFF2F
:1011D000FFFFFFFFFFFFFFFFFFFFFFFFFFFFFFFF1F
:1011E000FFFFFFFFFFFFFFFFFFFFFFFFFFFFFFFF0F
:1011F000FFFFFFFFFFFFFFFFFFFFFFFFFFFFFFFFFF
:10120000FFFFFFFFFFFFFFFFFFFFFFFFFFFFFFFFEE
:10121000FFFFFFFFFFFFFFFFFFFFFFFFFFFFFFFFDE
:10122000FFFFFFFFFFFFFFFFFFFFFFFFFFFFFFFFCE
:10123000FFFFFFFFFFFFFFFFFFFFFFFFFFFFFFFFBE
:10124000FFFFFFFFFFFFFFFFFFFFFFFFFFFFFFFFAE
:10125000FFFFFFFFFFFFFFFFFFFFFFFFFFFFFFFF9E
:10126000FFFFFFFFFFFFFFFFFFFFFFFFFFFFFFFF8E
:10127000FFFFFFFFFFFFFFFFFFFFFFFFFFFFFFFF7E
:10128000FFFFFFFFFFFFFFFFFFFFFFFFFFFFFFFF6E
:10129000FFFFFFFFFFFFFFFFFFFFFFFFFFFFFFFF5E
:1012A000FFFFFFFFFFFFFFFFFFFFFFFFFFFFFFFF4E
:1012B000FFFFFFFFFFFFFFFFFFFFFFFFFFFFFFFF3E
:1012C000FFFFFFFFFFFFFFFFFFFFFFFFFFFFFFFF2E
:1012D000FFFFFFFFFFFFFFFFFFFFFFFFFFFFFFFF1E
:1012E000FFFFFFFFFFFFFFFFFFFFFFFFFFFFFFFF0E
:1012F000FFFFFFFFFFFFFFFFFFFFFFFFFFFFFFFFFE
:10130000FFFFFFFFFFFFFFFFFFFFFFFFFFFFFFFFED
:10131000FFFFFFFFFFFFFFFFFFFFFFFFFFFFFFFFDD
:10132000FFFFFFFFFFFFFFFFFFFFFFFFFFFFFFFFCD
:10133000FFFFFFFFFFFFFFFFFFFFFFFFFFFFFFFFBD
:10134000FFFFFFFFFFFFFFFFFFFFFFFFFFFFFFFFAD
:10135000FFFFFFFFFFFFFFFFFFFFFFFFFFFFFFFF9D
:10136000FFFFFFFFFFFFFFFFFFFFFFFFFFFFFFFF8D
:10137000FFFFFFFFFFFFFFFFFFFFFFFFFFFFFFFF7D
:10138000FFFFFFFFFFFFFFFFFFFFFFFFFFFFFFFF6D
:10139000FFFFFFFFFFFFFFFFFFFFFFFFFFFFFFFF5D
:1013A000FFFFFFFFFFFFFFFFFFFFFFFFFFFFFFFF4D
:1013B000FFFFFFFFFFFFFFFFFFFFFFFFFFFFFFFF3D
:1013C000FFFFFFFFFFFFFFFFFFFFFFFFFFFFFFFF2D
:1013D000FFFFFFFFFFFFFFFFFFFFFFFFFFFFFFFF1D
:1013E000FFFFFFFFFFFFFFFFFFFFFFFFFFFFFFFF0D
:1013F000FFFFFFFFFFFFFFFFFFFFFFFFFFFFFFFFFD
:10140000884207D0904205D251F8043B40F8043B93
:101410008242F9D8704700BF884204D2002340F8C6
:10142000043B8142FBD87047664B4FF42A01664A61
:1014300066482DE9F0475A641864654A99639546F1
:10144000BFF34F8FBFF36F8F00F004F9614B08209B
:10145000614A6249C3F854016148FFF7D1FF614A0C
:1014600061496248FFF7CCFF61496248FFF7D4FF4A
:10147000614C62494FF470000023614A086044F8EF
:1014800023200133B02BFAD15E4B80215E4A03F852
:10149000011B9342FBD14F4D4FF080385B494FF019
:1014A000FF325B4B0026DFF8A4A1DFF8A4911C609B
:1014B000C5F80481C5F800A1C5F8F480C5F8F0901E
:1014C0000B68544F43F4E0230B60FB693D4923F064
:1014D0007F0343F04003FB617B6A23F07F0343F00B
:1014E00040037B628A66CA660A674A6700F0B8F8FA
:1014F000494A4A4B6320A2630321E363484A494BAC
:10150000106000F160401E6042F8041C00F6A170FB
:101510004549464AC3F8082D0B68454A43F0807395
:101520000B601368434943F00103136003680B60C9
:1015300000F0E6FAC5F804813F48C5F800A1C5F8F7
:10154000F480C5F8F09000F08BFCF96E3B4A41F452
:1015500040513B4BF9661660C2F80861C2F8186149
:10156000C2F82861C2F838619A6BD20708D442F6F3
:101570001562344959651A659A6B42F001029A6303
:101580002F4A314C936843F00113936000F0DAF86E
:1015900000F016FC00F048FC00F0E4FA00F05CF803
:1015A0002368132BFCD900F06BFB2368B3F5967FFF
:1015B000FBD300F053F800F047FC00F041FC30BFD3
:1015C000FDE700BF00C00A40AFAAAAAA070020009A
:1015D0000000072000800D4068D500004C1F00600F
:1015E00000000000C01E0020B8F4006000000020D1
:1015F00040270020C01E0020001C002088ED00E0D5
:101600003978000000E400E0A0E400E024ED00E010
:1016100008ED00E000C00F40218D0000258D000086
:1016200014E000E018E000E0FCED00E00000202005
:10163000001000E0442600200046C323004008407C
:1016400000400D400000C056482600201B10182006
:101650000C0D1113704700BF704700BF704700BFEB
:10166000F0B5244A0020244B4FF0100C234C1126D7
:10167000DFF8C8E0122720600125C2F800C0C3F8D7
:1016800000E01660DFF8B8E01D4EC3F800E01D4929
:1016900017601E6041F015011B4F1C4E17601E6045
:1016A0001B4F1C4E17601E601B4F11601B4E1C49C8
:1016B0001F6016601B4F19601B4E1C4917601E608F
:1016C0001B4F11601B4E1C491F601660196025607E
:1016D000BFF34F8FBFF36F8FC3F8B001BFF34F8FCE
:1016E000BFF36F8F52F8883C43F4403342F8883C94
:1016F000F0BD00BF9CED00E0A0ED00E094ED00E047
:1017000009001000402700201300200021000207DC
:1017100014000020250008130900001016002020E6
:1017200027000B131700004033001013180000604F
:101730002F000B07190000702F000B133F00001043
:1017400025000803F0B58D4B18228D4E01208D49E0
:1017500048F20C7E8C4D4FF0FF378C4C83B0C3F8B1
:101760005C12C3F860520025C3F86412C3F86842E3
:101770004FF40054C3F86C628549C3F87062C3F833
:101780007462C3F87862834EDA661A675A679A679A
:10179000DA67C3F88020C3F88420C3F8882040F2B9
:1017A0000562C1F82C03C1F83003C1F83403C1F855
:1017B0003803C1F83C03C1F850032946B3697648A1
:1017C0001840764B03437648B361D6F8843043F033
:1017D0000C03C6F8843002260368334303600368B1
:1017E00003EA0E0E6F4B4EEA0303DFF8F0E10360ED
:1017F0006D4B4760DEF808703B406C4F43F0005380
:101800008360C36823F07803C360036A1F40684B9A
:101810003B43664F0362036A1F40654B3B43654F82
:1018200043628762C762DEF8B830634F23F03F033C
:1018300043F00103C0F8B830DEF8BC30DFF884E1D3
:1018400023F03F0343F00103C0F8BC300561046698
:101850000767C0F8802044664767C0F884200468A2
:10186000564B24F00204564A0460C0F818E0C661E2
:1018700043F8041B9342FBD1494B1A68194642F0C6
:1018800001021A600B68464A13F00103FAD14D4E6B
:10189000022540F2F56440F2664040F299414A4F19
:1018A000966142F20146D56140F23545C2F80042E8
:1018B00042F20124C2F810020120C2F8201211469F
:1018C000C2F8307207F15A47C2F8346207F513774D
:1018D000C2F840523D4E3E4DC2F85072C2F85462BA
:1018E000C2F86052C2F86442C2F8A030C2F8A43014
:1018F000C2F8B0004B692A4ADD07FBD5012300245A
:101900004FF4803011465361C2F8A040C2F8A400E1
:10191000C2F8B0304B69224ADC07FBD50123002412
:101920004FF4003011465361C2F8A040C2F8A40041
:10193000C2F8B0304B691A4AD807FBD501230024FE
:10194000244811465361C2F8A040C2F8A400C2F86E
:10195000B0304B69124ADB07FBD5D2F8003145F6AF
:101960000D5121209BB250618B4239D01A4B00227D
:101970001A605A609A60DA6003B0F0BD00801F40C0
:10198000F9700100F9B00100F9100100F90001003F
:1019900000841F4000C00F40FFFCFF1F000300A099
:1019A00000402A401200FFFFFF37F70000FFF07CE5
:1019B00040000080FF000F836300020000422A40C5
:1019C00000432A40F05AF05A9F041830063201268C
:1019D0003806180A04000300E426002000802A408C
:1019E00000244FF4802001231146C2F8A040C2F821
:1019F000A400C2F8B0304B693B4ADF07FBD5012396
:101A00004FF40004002011465361C2F8A040C2F810
:101A1000A400C2F8B0304B69334ADE07FBD501237E
:101A20004FF400044FF4803011465361C2F8A040D7
:101A3000C2F8A400C2F8B0304B692B4ADD07FBD5D1
:101A400001234FF400044FF4003011465361C2F8F3
:101A5000A040C2F8A400C2F8B0304B69224ADC07AB
:101A6000FBD501234FF40004204811465361C2F80E
:101A7000A040C2F8A400C2F8B0304B691A4AD80797
:101A8000FBD5D2F8003145F60D5121209BB25061B3
:101A90008B4210D0164B08224FF400041A701549DF
:101AA0000020154A01230090521A1448224400F0E5
:101AB000BFF903B0F0BD4FF400044FF480210123BF
:101AC0001046C2F8A040C2F8A410C2F8B030436972
:101AD0000549DB07FBD50120054B10224FF0807430
:101AE00048611A70DBE700BF00402A400400030091
:101AF000902600200000007000000070E426002006
:101B0000F0B4174A40274FF480314FF480564FF419
:101B100000554FF4404443F24200136913F0020FA2
:101B200006D0946151619061136913F0020FF8D1EE
:101B300013F4005F01D15561EFE713F4805F01D129
:101B40005661EAE7002BE8DA13F4803F01D0916197
:101B5000E3E75B0601D45761DFE7F0BC704700BFE5
:101B600000800D40394A03203949F3EE095A1368C1
:101B70009FED386A23F00103DFED376AF0B413609C
:101B800000241061D1F8E030344FD8B2C3F30B21F8
:101B90001B0D334E07EE100A05EE101A07EE903AB1
:101BA000304BB8EEC55A304DB8EEC77A3060F8EE1B
:101BB000E77A29602D4937EE466A2D4E77EEC57AD1
:101BC0002C4877EE666A2C4D37EE657A26EE276A4A
:101BD000C7ED007A66EEA76A176867EE277A83ED8D
:101BE000007AC6EE075A86EE876AC7EE876A35EE38
:101BF000857AFCEEC77A36EE057A17EE903ABCEE9F
:101C0000C77A47EA035376EE857A136017EE103AE7
:101C1000D2F81071FCEEE77A01EA0341394317EE7E
:101C2000903AC2F81011C3F30B03D2F810110B4312
:101C3000C2F81031136843F0020313603470C0F827
:101C400040510E4B0122F0BC1A60704780810D405C
:101C500000441F400000AA420000B4423C2600207D
:101C60003426002038260020302600200000FF0FF8
:101C700040E400E0001C0020FD79000008E100E0E5
:101C8000304B40F6617270B5C3F8202140F2044534
:101C900000F0E2F82C492D48D1F880202C4C42F07D
:101CA00003022C4BC1F88020C0F860512268134019
:101CB0001BB9D0F8A8319A071AD0244B4FF0004135
:101CC000234A51631A46D3F8401141F00201C3F888
:101CD0004011D2F840319B07FBD44FF400301E492D
:101CE0001B4B4FF00042086019209A6300F0A4F8E3
:101CF0001A4D0022164B4FF08041144C0A2699636E
:101D000028461A601146C4F8A8614FF4207200F00A
:101D10009FF84FF4810640F243114FF48000104BBE
:101D2000104A2E602864C4F85851C4F84811C3F80A
:101D300004220D4A4FF4003101231160C4F84031F0
:101D400070BD00BF00800D4000C00F4000002E405D
:101D500000900D40001C1E008CE200E000000020FE
:101D6000001C0020C97B00000CE100E008B50E4B10
:101D70001B6E9B0700D4FBBE72B60C4B00200C4AB6
:101D8000C3F8400103F160430A49A3F55F231164DE
:101D90009D46BFF34F8F084A03F5E0430749126899
:101DA000184619609368984700441F4000002E4071
:101DB00000C00A40030020001C002000000012EBBD
:101DC000114B1249D86E0A4640F4403030B4D86600
:101DD00040F23765D86EA02440F44070D8664D6458
:101DE0008C64936C1B06FCD4094B40F23760A02135
:101DF0001A4658649964936C13F08003FBD1054A2A
:101E0000137030BC704700BF00C00F4000400C4052
:101E100000800C408F260020F8B500BFF8BC08BC3D
:101E20009E467047000000005FF800F00990000037
:101E30005FF800F0159300005FF800F03D740000BB
:101E40005FF800F06D7600005FF800F08DC90000CB
:101E50005FF800F0D1CF00005FF800F06983000068
:101E60005FF800F0458D000045000000290C0000DF
:041E700041710000BC
:101E74001603550053004200200053006500720011
:101E8400690061006C0000001803540065006500DF
:101E94006E00730079006400750069006E006F00C5
:101EA4000403090409024B00020100C032080B00BC
:101EB40002020201000904000001020201000524DB
:101EC4000010010524010101042402060524060072
:101ED400010705820310001009040100020A000032
:101EE40000070503024000000705840240000000CB
:101EF40009024B00020100C032080B000202020179
:101F0400000904000001020201000524001001057B
:101F140024010101042402060524060001070582A8
:101F24000310000509040100020A0000000705036C
:101F34000200020007058402000200000A060002F3
:081F4400EF0201400100010061
:101F4C000000000000000000000000000000000085
:101F5C000000000000000000000000000000000075
:101F6C0010B5054C237833B9044B13B10448AFF3C7
:101F7C0000800123237010BD4820002000000000C9
:101F8C0064D50000084B10B51BB108490848AFF3E5
:101F9C0000800848036803B910BD074B002BFBD029
:101FAC00BDE81040184700BF000000004C20002086
:101FBC0064D50000C01E0020000000000020704707
:101FCC00704700BF036D0BB101207047406D0030AE
:101FDC0018BF0120704700BF10B50446806D18B1C2
:101FEC000CF0A4FC0023A365236D2BB104F11800A5
:101FFC00BDE8104006F090B9636D002BF6D110BD12
:10200C00F0B5002395B04FF47A74234F1A46054669
:10201C00183104A88DF804308DF80C3012931393FA
:10202C000294009706F0CCF9129B53B35C20002667
:10203C0007F05EFB9DF804300446184A04A91830DA
:10204C002373029B22602361154A9DF80C30A26019
:10205C002375666006F01EF963684FF47A71114AB5
:10206C000133A760A6652E712E732C616360A96085
:10207C002A600D4B04A8009306F04EF9284615B0C3
:10208C00F0BD139B002BD1D1064A2B71AC602B7386
:10209C002B612A60EDE700BFA00B0020C40B0020D1
:1020AC00200C0020740B0020080A0020836C13B154
:1020BC00184604F0E3BCC06C08B102F0C7BD4FF089
:1020CC00FF307047836C00B583B063B118460122B2
:1020DC000DF1070104F004FC01280CD19DF8070058
:1020EC0003B05DF804FBC06C28B101220DF10701AF
:1020FC0002F0D2FCF0E74FF0FF30F1E7036DF0B5E2
:10210C000C4683B02BB318460DF1060201A904F05E
:10211C001DFAD8B1BDF80430BDF8062003B9AAB138
:10212C0002F01F06C3F343155912C2F3451703F00F
:10213C001F037600013D01F5EA61D212267065712C
:10214C00A17123716770A27003B0F0BD002003B0C1
:10215C00F0BD406D0028F9D00DF1060201A902F086
:10216C001BFCD6E7036D9BB11A7812F0700F00D1EF
:10217C00704710B504460021184604F0D5FD606D7B
:10218C0028B100220023BDE8104002F075BD10BD3F
:10219C00406D0028ECD090F8313013F0500FE7D0A0
:1021AC000022002302F068BD38B5846D0CB12046C6
:1021BC0038BD05464FF480700CF0B0FB0146A865A5
:1021CC0080B1286D0C7028B14FF4807205F0B0FD11
:1021DC00AC6DECE7686D40B14FF4807203F0D8FD44
:1021EC00AC6DE4E7024CAC65E1E70C46DFE700BF01
:1021FC008E2600208A79A2F150031B0621D402F20C
:10220C006C72F0B54B7985B0046D01330D798E7815
:10221C004F78DBB209784CB103912046029702212A
:10222C000196009504F0A0FE05B0F0BD406D0028AD
:10223C00FAD0039102218DE8E00003F00FFB05B00A
:10224C00F0BD0020704700BFD0B5046D8CB1012BE0
:10225C0008BF002A01D30020D0BD1146204604F04F
:10226C0063FD0028F7D0204604F0EAFE0028F2D0E7
:10227C00D0BD446D002CEED0204602F0FDFC0028B1
:10228C00E9D02046BDE8D04003F0B6BB036DF0B5F5
:10229C000C4683B02BB318460DF1060201A904F0CD
:1022AC0065F9D8B1BDF80430BDF8062003B9AAB160
:1022BC0002F01F06C3F343155912C2F3451703F07E
:1022CC001F037600013D01F5EA61D212267065719B
:1022DC00A17123716770A27003B0F0BD002003B030
:1022EC00F0BD406D0028F9D00DF1060201A902F0F5
:1022FC0065FBD6E7036D13B1586900217047436D38
:10230C0013B193E80300704718461946704700BF95
:10231C00036D13B1D86900217047436D13B118696F
:10232C005969704718461946704700BF036D13B1C1
:10233C00184604F0D5BA406D08B102F0ADBB4FF0B1
:10234C00FF307047036D13B1184604F097BB406D16
:10235C0008B102F07BBC4FF0FF307047036D33B116
:10236C001B7813F0700F14BF012000207047406DD4
:10237C0030B190F8313013F0500F14BF0120002011
:10238C00704700BF8A79A2F150031B0621D402F2D8
:10239C006C72F0B54B7985B0046D01330D798E7884
:1023AC004F78DBB209784CB1039120460297042197
:1023BC000196009504F0D8FD05B0F0BD406D0028E5
:1023CC00FAD0039104218DE8E00003F047FA05B040
:1023DC00F0BD0020704700BF006900282FD00368B3
:1023EC00184A1B6993420ED1026D6AB1137803F03F
:1023FC00080303F0FF0013B3D3695069181A48BFE0
:10240C006FF0004070471847416DC9B191F83130F9
:10241C0003F0080303F0FF008BB1D1E90423D1E9E9
:10242C00000130B4101A4FF000056FF0004463EB5C
:10243C0001018D4208BF844200D2204630BC704757
:10244C000846704779060000036963B11A680749AA
:10245C0092698A4208D1186D08B104F07FBD586D9D
:10246C0008B103F087B870471846104731050000D3
:10247C00036D13B1184604F071BD406D08B103F043
:10248C0079B87047836C13B1184604F067BDC06C03
:10249C0008B103F06FB8704703698BB10E4810B4E4
:1024AC001C68E468844211D1186D18B15DF8044BB6
:1024BC0004F002BE586D28B15DF8044B03F00EBB5E
:1024CC000020704700205DF8044B704718462346E7
:1024DC005DF8044B184700BFC9050000036973B1D0
:1024EC001A68084952698A4207D1186D08B104F07C
:1024FC00C5BA586D18B102F0A9BB184610474FF079
:10250C00FF30704705040000036D13B1184604F04A
:10251C00D3BD406D08B103F0E1BA7047836C13B1C1
:10252C00184604F0C9BDC06C08B103F0D7BA7047A7
:10253C0000B5836C83B08DF8071043B118460122A7
:10254C000DF1070104F0B8FD03B05DF804FBC06C9D
:10255C000028F9D001220DF1070103F0BFFA03B0F6
:10256C005DF804FB10B5036982B08DF80710BBB1A0
:10257C001968104ACC68944215D1186D30B10122FB
:10258C000DF1070104F098FD02B010BD586D002844
:10259C00FAD001220DF1070103F0A0FA02B010BD30
:1025AC00184602B010BD01220DF107011846A047D4
:1025BC0002B010BDC9050000026D62B1137803F0C2
:1025CC00080303F0FF000BB3D3695069181A48BF16
:1025DC006FF000407047416DC9B191F8313003F094
:1025EC00080303F0FF008BB1D1E90423D1E900010A
:1025FC0030B4101A4FF000056FF0004463EB01018A
:10260C008D4208BF844200D2204630BC7047084639
:10261C00704700BF826C62B1137803F0080303F0BB
:10262C00FF000BB3D3695069181A48BF6FF0004014
:10263C007047C16CC9B191F8313003F0080303F055
:10264C00FF008BB1D1E90423D1E9000130B4101A99
:10265C004FF000056FF0004463EB01018D4208BFA1
:10266C00844200D2204630BC70470846704700BFF9
:10267C00036923B31968134A10B58C6882B094426D
:10268C0014D1186D48B101220DF1070104F028F99D
:10269C0090B19DF8070002B010BD586D0028F8D01D
:1026AC0001220DF1070102F0F7F9F1E718460122BA
:1026BC000DF10701A047EBE74FF0FF30EBE74FF0D0
:1026CC00FF307047ED030000D0B4039C16461F4644
:1026DC0034B1012C1ED0022C0DD00020D0BC704780
:1026EC00046DDCB1012B08BF002AF6D2204611463E
:1026FC00D0BC04F019BB036DB3B1DA69B61847F15D
:10270C000007012F08BF002EE7D231461846D0BC77
:10271C0004F00ABB036D93B15A69EFE7406D0028D2
:10272C00DBD0D0BC02F0A8BA436D002BD5D0184634
:10273C00D3E9042392197B41D0BC02F09DBA436DBE
:10274C00002BCAD01846D3E9002392197B41E8E745
:10275C0038B504460C4B806D236018B10CF0E6F8CC
:10276C000023A365236D04F118054BB1284605F031
:10277C00D3FD064B2846A36005F0CEFD204638BDA0
:10278C00636D002BF2D1F4E7C40B0020080A002083
:10279C0038B504460E4B806D236018B10CF0C6F8AA
:1027AC000023A365236D04F118056BB1284605F0D1
:1027BC00B3FD084B2846A36005F0AEFD20465C2116
:1027CC0006F098FF204638BD636D002BEED1F0E784
:1027DC00C40B0020080A002070B5254B054604697F
:1027EC0003601CB16668013E66600EB1284670BD80
:1027FC002368204ADB6A93422CD1A06D10B10CF0F7
:10280C0095F8A665236D5BB304F1180005F084FD03
:10281C002C69002CEAD02368174A5B6893421CD1C0
:10282C00164BA06D236018B10CF080F80023A36543
:10283C00236D04F11806BBB1304605F06DFD104B4D
:10284C003046A36005F068FD20465C2106F052FF7F
:10285C00284670BD20469847DAE720469847C5E7DA
:10286C00636D002BD0D1D3E7636D002BE4D1E6E789
:10287C00740B00209900000051080000C40B0020CC
:10288C00080A002070B5294B0446056903601DB188
:10289C006E68013E6E602EB12046142106F02AFFB0
:1028AC00204670BD2B68224ADB6A934230D1A86D5A
:1028BC0010B10CF03BF8AE652B6D7BB305F1180035
:1028CC0005F02AFD2569002DE6D02B68194A5B68B6
:1028DC00934220D1184BA86D2B6018B10CF026F840
:1028EC000023AB652B6D05F11806DBB1304605F006
:1028FC0013FD124B3046AB6005F00EFD28465C21F3
:10290C0006F0F8FE2046142106F0F4FE204670BDB9
:10291C0028469847D6E728469847BDE76B6D002BAD
:10292C00CCD1CFE76B6D002BE0D1E2E7740B00202C
:10293C009900000051080000C40B0020080A002078
:10294C00704700BF036970B582B0002B34D01A6891
:10295C000446294D9668AE4247D1186DF8B1012254
:10296C000DF1060103F0BCFF236918B39DF8062096
:10297C008DF806201BB31A689468AC422FD1186DE1
:10298C0020B301220DF1050103F0AAFFB8B19DF8A7
:10299C0005308DF80730BDF8060002B070BD586DDB
:1029AC000028E3D001220DF1060102F075F823692D
:1029BC000028DBD1FF22DBE7FF238DF80630FF2355
:1029CC008DF80730BDF8060002B070BD586D0028B8
:1029DC00DDD001220DF1050102F05EF8D6E71846B4
:1029EC0001220DF10501A047D0E7184601220DF197
:1029FC000601B0472369B8E7ED030000036970B521
:102A0C0082B0002B5FD01A680446564D9668AE42D1
:102A1C0040F09C80186D002849D0012201A903F0D8
:102A2C005FFF236900284CD09DF804208DF804200A
:102A3C00002B00F091801A689668AE427FD1186D19
:102A4C00002865D001220DF1030103F049FF236931
:102A5C00002848D09DF803208DF80520002B37D096
:102A6C001A689668AE4263D1186D002846D00122D0
:102A7C000DF1030103F034FF2369002831D09DF8D8
:102A8C0003208DF8062033B31A689468AC4249D100
:102A9C00186D50B301220DF1030103F021FFD0B1E9
:102AAC009DF803308DF80730019802B070BD586D59
:102ABC000028B9D0012201A901F0EEFF23690028FA
:102ACC00B2D1FF22B2E7FF238DF804308DF8053028
:102ADC00FF238DF80630FF238DF80730019802B0E4
:102AEC0070BDFF22CDE7FF22B6E7586D0028D7D086
:102AFC0001220DF1030101F0CFFFD0E7586D002842
:102B0C00BDD001220DF1030101F0C6FF2369B4E72A
:102B1C00586D00289ED001220DF1030101F0BCFF7D
:102B2C00236995E7184601220DF10301A047B6E78A
:102B3C00184601220DF10301B04723699DE71846A1
:102B4C0001220DF10301B047236981E718460122E8
:102B5C0001A9B047236965E7FF238DF805308DF88F
:102B6C000630B8E7ED03000022220021014801F0F5
:102B7C0017B800BF4C2600202DE9F04F964EA1B09F
:102B8C000D460446336817469448029301F01CF82E
:102B9C00A84202DC21B0BDE8F08F904801F016F895
:102BAC00B842F7DD8E4806F0C1FA0F218D4807F0C8
:102BBC00E9FE20460CF024FA0146204607F0E2FE1E
:102BCC00272007F0C9FE864806F0B0FA00232246FB
:102BDC000CA8854905F09AFC1E9B002B00F0A281E5
:102BEC005C204FF0000806F083FD804B04469DF8F6
:102BFC0034C09DF83C2000F1180BA36010A90E9B6B
:102C0C00584684F80CC02361794B22752360C4F8B4
:102C1C00048005F03FFB6368764A10A80133C4F8C2
:102C2C005880A2606360744B0C9305F075FB73487D
:102C3C0094E80C00116B9E4601338142636040F0B6
:102C4C008781216D002900F0E380C4F804E0BEF117
:102C5C00000F00F06481636800224FF47A71DFF892
:102C6C00AC8101330CA8109463608DF834208DF87E
:102C7C003C200E91CDF83080FFF764FE109B81460E
:102C8C00CDF8308023B15A68013A5A60002A5DD0E1
:102C9C005B4B039344F64253994500F07181002637
:102CAC002368039ADB6A934240F05A81A06D18B1F5
:102CBC000BF03CFE0023A365236D002B00F09683E4
:102CCC00584605F029FB6568013D656055B1002E3D
:102CDC007FF460AF1A214B4807F054FE404806F0D1
:102CEC0025FA57E72368039ADB6A934240F09383F3
:102CFC00A06D10B10BF01AFEA565236D002B00F032
:102D0C000981584605F008FB23683F4A5B689342EB
:102D1C0040F08E83364BA06D236018B10BF006FE8D
:102D2C000023A365236D002B00F08D85584605F01C
:102D3C00F3FA314B5846A36005F0EEFA20465C21BD
:102D4C0006F0D8FC002E7FF425AFC3E71968049277
:102D5C00C96A2B4A9142039240F0D980986D28B1F0
:102D6C0005930BF0E3FD059B049A9A651A6D002AF6
:102D7C0000F0638503F1180005F0CEFADDF840A0F1
:102D8C00BAF1000F86D0DAF800301F4A5B68934224
:102D9C0040F05483164BDAF85800CAF8003020B1D2
:102DAC000BF0C4FD0023CAF85830DAF85030002B71
:102DBC0000F04F850AF118031846049305F0ACFA9D
:102DCC00049B0D4A1846CAF8082005F0A5FA50468F
:102DDC005C2106F08FFC5DE7482600204C26002085
:102DEC002C1700207010002068200020200C0020E0
:102DFC00C40B0020A00B0020080A00208500000056
:102E0C0099000000D810002051080000740B00201D
:102E1C00626D12F1000818BF4FF00108013B6360AE
:102E2C00002B42D0B8F1000F7FF415AF0E214E48A5
:102E3C0007F0A8FD4D4806F079F96368013B636023
:102E4C00002B7FF4A7AE2368494ADB6A93427CD1FE
:102E5C00A06D18B10BF06AFDC4F85880236D002BDF
:102E6C0000F09A82584605F057FA2368414A5B688D
:102E7C00934272D1404BA06D236018B10BF056FDFC
:102E8C000023A365236D002B00F0AB82584605F0A0
:102E9C0043FA3A4B5846A36005F03EFA20465C21B3
:102EAC0006F028FC21B0BDE8F08F2268D36A304AC6
:102EBC00934240F0AA82A06D18B10BF037FD0023AD
:102ECC00A365236D002B00F0AE82584605F024FA62
:102EDC002368284A5B68934240F09A82264BA06D87
:102EEC00236018B10BF022FD0023A365236D002B8A
:102EFC0000F09D84584605F00FFA204B5846A3600D
:102F0C0005F00AFA5C21204606F0F4FB8AE7184625
:102F1C00884733E7636D002B7FF4F3AEF4E64FF094
:102F2C000108C3E71F9B002B7FF45AAE134B10A86C
:102F3C000C9305F0F1F90E210B4807F023FD0B481B
:102F4C0006F0F4F821B0BDE8F08F204698478CE7E6
:102F5C00204688476368804660E72046984719E614
:102F6C0020469847AFE600BF801000202C170020A9
:102F7C009900000051080000C40B0020080A002032
:102F8C000B21B94807F0FEFCB84806F0CFF863688F
:102F9C004FF000094FF47A7201330CA80E92636063
:102FAC00CDF8308010948DF834908DF83C90FFF76C
:102FBC0025FD4B4601460A22AC4806F0C7F8AB4843
:102FCC0006F0B4F8109BCDF830802BB15A68013A5A
:102FDC005A60002A00F03582636800224FF47A713F
:102FEC000CA80133CDF83080109463608DF8342038
:102FFC008DF83C200E91FFF701FD109BCDF8308031
:10300C002BB15A68013A5A60002A00F05E8263685C
:10301C0000224FF47A710CA80133CDF83080109453
:10302C0063608DF834208DF83C200E91FFF7E6FCA0
:10303C00109B0490CDF830802BB15A68013A5A603D
:10304C00002A00F09D820E21894807F09BFC00238A
:10305C000A2204998548994606F078F8834806F0C8
:10306C0065F80D21834807F08DFC63684FF47A7284
:10307C000CA80133CDF830800E92636010948DF85B
:10308C0034908DF83C90FFF7B9FC4B4601460A2270
:10309C00764806F05BF8754806F048F8109BCDF8BA
:1030AC0030802BB15A68013A5A60002A00F0AC8289
:1030BC00636800224FF47A710CA80133CDF830808C
:1030CC00109463608DF834208DF83C200E91FFF73E
:1030DC0095FC109B8246CDF830802BB15A68013A92
:1030EC005A60002A00F01A83636800224FF47A7148
:1030FC000CA80133CDF83080109463608DF8342027
:10310C008DF83C200E91FFF779FC109B0590CDF8C3
:10311C0030802BB15A68013A5A60002A00F0B8820C
:10312C00636800224FF47A710CA80133CDF830801B
:10313C00109463608DF834208DF83C200E91FFF7CD
:10314C0001FC109B8146CDF830802BB15A68013AB6
:10315C005A60002A00F02883B9F1010F7FF49FAD6B
:10316C00636800224FF47A710CA80133CDF83080DB
:10317C00109463608DF834208DF83C200E91FFF78D
:10318C00E1FB109B5FFA80F9CDF830802BB15A68C7
:10319C00013A5A60002A00F07B830B21364807F075
:1031AC00F1FB00230A224946304805F0CFFF2F4897
:1031BC0005F0BCFFB9F1180F7FF471AD6368002204
:1031CC004FF47A710CA80133CDF830801094636001
:1031DC008DF834208DF83C200E91FFF70FFC034640
:1031EC001098CDF8308028B14268013A4260002A2C
:1031FC0000F08A830793002B7FF451AD0C211F48FC
:10320C0007F0C0FB5146DDF81490D046174805F086
:10321C00DDFF782007F0A0FB4946144805F0D6FFE7
:10322C00124805F083FF0AF10102B9F1000F02EB1D
:10323C00420222F003030693C0F2D78301230793C3
:10324C00AA440F4800F0C0FC824500F3B58309EB9B
:10325C0007030B48099300F0B9FC099B834200F368
:10326C00A68348460EE000BF901000202C170020CB
:10327C009C100020AC100020BC100020601000201E
:10328C004C260020002840F39780049B3C270A958D
:10329C0045460593C0EB0903CDF82CB00893079B6A
:1032AC00002B00F0BB8009F1FF38069B049A03FB4E
:1032BC00082A2368A74A5B6A934240F0D382236DA5
:1032CC00002B00F0D88258690021002352468B4213
:1032DC0008BF82450DD021689F48096A814240F0A1
:1032EC00C482206D002800F0DF823C27514603F099
:1032FC001BFD002D55DD099B4FF0000ABDF828B0D1
:10330C00C9EB03090FFA89F930E023683C22934892
:10331C000CA99B6883426ED1236D18469BB303F0B6
:10332C00DFFA0221032701224FF0000E20A820AB68
:10333C000244194486448A4B11F850CC0BEB0A0119
:10334C0012F8500C0AF1010A4FEA0C221EF850EC4C
:10335C00C000134009B200F4FC604A4603438148A4
:10336C0043EADE0300F0FCFE55451AD03B2F07F173
:10337C00010207F1020107F10303C6D8BE46D2B21F
:10338C00C9B2DFB2D2E7636D3C220CA91846002B00
:10339C00C7D001F081FBC4E7636D002B7FF462ADF5
:1033AC0063E5059BC146069A13440593089B434568
:1033BC007FF475AFDDF82CB00A216B4807F0E2FA08
:1033CC000298316800230A220126091A674805F081
:1033DC00BDFE0321664807F0D5FA644805F0A6FE49
:1033EC005EE4636D002B7FF451AD52E5636D002BF1
:1033FC007FF466AC67E43C220CA92046032798476F
:10340C00022101224FF0000E90E7204698475FE51D
:10341C002046984706E52046984775E4DDF814A049
:10342C0009F1FF3845E7636D002B7FF44EAD4FE596
:10343C0020469847002E7FF4ADAB4BE4504698479E
:10344C0028E419680492C96A039A914240F06A828E
:10345C00986D28B105930BF069FA059B049A9A654F
:10346C001A6D002A00F0698203F1180004F054FF71
:10347C00DDF84090B9F1000F3FF4AEADD9F8003053
:10348C003C4A5B68934240F017823B4BD9F858009A
:10349C00C9F8003020B10BF049FA0023C9F85830B4
:1034AC00D9F8503009F1180A002B00F092825046DE
:1034BC0004F032FF314B5046C9F8083004F02CFFB1
:1034CC0048465C2106F016F986E519680492C96A2B
:1034DC00039A914240F02982986D28B105930BF024
:1034EC0025FA059B049A9A651A6D002A00F0208231
:1034FC0003F1180004F010FFDDF84090B9F1000F53
:10350C003FF485ADD9F800301A4A5B68934240F01D
:10351C00E881194BD9F85800C9F8003020B10BF0EC
:10352C0005FA0023C9F85830D9F8503009F1180AB7
:10353C00002B00F05482504604F0EEFE0F4B504628
:10354C00C9F8083004F0E8FE48465C2106F0D2F8D1
:10355C005DE500BFB503000089070000ED03000026
:10356C0000F8FFFF4C260020C81000202C1700206C
:10357C00D410002051080000C40B0020080A0020C1
:10358C0019680592C96A039A914240F0AE81986D10
:10359C0028B106930BF0CAF9069B059A9A651A6D29
:1035AC00002A00F0DE8103F1180004F0B5FEDDF80E
:1035BC004090B9F1000F3FF446ADD9F80030B14A54
:1035CC005B68934240F08981AF4BD9F85800C9F839
:1035DC00003020B10BF0AAF90023C9F85830D9F803
:1035EC00503009F1180A002B00F0C581504604F048
:1035FC0093FEA64B5046C9F8083004F08DFE4846A1
:10360C005C2106F077F81EE519680592C96A039AE1
:10361C00914240F07681986D28B106930BF086F9B3
:10362C00069B059A9A651A6D002A00F0908103F1A9
:10363C00180004F071FEDDF84090B9F1000F3FF472
:10364C0037ADD9F800308F4A5B68934240F0418126
:10365C008D4BD9F85800C9F8003020B10BF066F941
:10366C000023C9F85830D9F8503009F1180A002B4A
:10367C0000F08F81504604F04FFE844B5046C9F841
:10368C00083004F049FE48465C2106F033F80FE59B
:10369C0019680692C96A039A914240F02981986D83
:1036AC0028B107930BF042F9079B069A9A651A6D9D
:1036BC00002A00F05B8103F1180004F02DFEDDF808
:1036CC004090B9F1000F3FF42BADD9F800306D4AA2
:1036DC005B68934240F0FA806B4BD9F85800C9F8FC
:1036EC00003020B10BF022F90023C9F85830D9F87A
:1036FC005030002B00F0458109F118031846069351
:10370C0004F00AFE069B614A1846C9F8082004F02A
:10371C0003FE48465C2105F0EDFF01E519680592B2
:10372C00C96A039A914240F0E980986D28B10693DA
:10373C000BF0FCF8069B059A9A651A6D002A00F0AE
:10374C00018103F1180004F0E7FDDDF84090B9F1B8
:10375C00000F3FF4C9ACD9F800304A4A5B68934279
:10376C0040F0B180484BD9F85800C9F8003020B16E
:10377C000BF0DCF80023C9F85830D9F85030002B86
:10378C0000F00D8109F118031846059304F0C4FDEF
:10379C00059B3E4A1846C9F8082004F0BDFD484672
:1037AC005C2105F0A7FF9FE419680692C96A039A89
:1037BC00914240F0A080986D28B107930BF0B6F8B9
:1037CC00079B069A9A651A6D002A00F0C58003F1D2
:1037DC00180004F0A1FD109B002B3FF4BDAC1A683F
:1037EC00284952688A426BD1274A986D1A6028B1D1
:1037FC0006930BF09BF80022069B9A651A6D002A23
:10380C0000F0E08003F1180207931046069204F0D2
:10381C0083FD069A079B1D4910460693996004F098
:10382C007BFD069B5C21184605F064FF94E4636DF8
:10383C00002B7FF45FABFFF760BB5A6D002A7FF45F
:10384C0099AAFFF79BBA636D002B7FF46FAAFFF761
:10385C0070BADAF85430002B7FF4ACAA0AF11803D2
:10386C00FFF7AFBA204698472FE500272046009770
:10387C003C2788473DE5636D002B00F0B980D3E908
:10388C00000122E551080000C40B0020080A0020AA
:10389C001A681846D36A9847109800283FF47DACF4
:1038AC0003685B68984778E4606D002800F0A3809B
:1038BC0001F0E2F93C271CE548469847FFF78CBB22
:1038CC001846904748E4484698470DE448469847C0
:1038DC0026E448469847FFF7EBBB48469847FFF766
:1038EC00B2BB48469847FFF792BB184688475EE63E
:1038FC0018468847E3E6184688476CE71846884719
:10390C0023E71846884796E602680693D26A9047E2
:10391C001098069B00283FF46DAC026852689047E3
:10392C00069B67E418468847A2E518468847E3E5F6
:10393C005A6D002A7FF4DCADDEE55A6D002A7FF467
:10394C0093AD95E55A6D002A7FF4FBAEFDE65A6DFA
:10395C00002A7FF46CAE6EE65A6D002A7FF437AF06
:10396C0039E75A6D002A7FF41EAE20E65A6D002A04
:10397C007FF4A1AEA3E6D9F85430002B7FF436AE19
:10398C0037E6D9F85430002B7FF4B6AE09F11803A2
:10399C00B9E6D9F85430002B7FF46CAE6DE6D9F84B
:1039AC005430002B7FF4EEAE09F11803F1E6134806
:1039BC0000F00CF9C01B65E4104800F005F9431B3E
:1039CC00984644E45A6D002A7FF41CAF03F11802A8
:1039DC0021E7D9F85430002B7FF469AD6AE5D9F8AA
:1039EC005430002B7FF4A7ADA8E5C9F1000927E4FA
:1039FC000020002169E43C277BE400BF4C2600201A
:103A0C002DE9F843484D40F2EE28484C2E68484FBB
:103A1C00DFF8509104E0B3F5FA6F15D807F038F8D9
:103A2C0007F036F8237843B13B78DB0705D52B68D4
:103A3C00D9F800209B1A0E2B06D82B6822789B1BDA
:103A4C00002AE8D14345E9D9FE213A4805F096FA17
:103A5C00002860D01421384806F094FF374805F050
:103A6C0065FB0C21364806F08DFF344805F05EFBF3
:103A7C000321344800F0F4FE38B91121324806F025
:103A8C0081FF2E4805F052FBFEE70C212F4806F073
:103A9C0079FF2A4805F04AFB01212A4800F0FAFB7D
:103AAC000121284800F0BAFB0A220121254800F028
:103ABC00D7FBFF21234800F0C7FB0121244806F067
:103ACC0061FF204800F080F801461C4805F07EFBA1
:103ADC000221204806F056FF1A4800F077F80146FC
:103AEC00164805F073FB01211B4806F04BFF1348E9
:103AFC0005F01CFB134800F023FB0021114800F0DB
:103B0C0055FD104800F01CFB002214481146BDE87E
:103B1C00F843FFF731B81621114806F033FF074878
:103B2C00BDE8F84305F002BB48260020982600208B
:103B3C0097260020642000200C1100202C17002058
:103B4C00241100204C2600203411002048110020A4
:103B5C00581100205C11002060110020641100201D
:103B6C00F4100020FC26002070B5D41882B0056833
:103B7C000B46BDF8186024B28DE85000AC6CA04721
:103B8C0002B070BD30B583B00B440468BDF818505A
:103B9C001BB28DE82400A46CA04703B030BD00BF5D
:103BAC0070B50E4615464FF448714FF4F07204464A
:103BBC0007F05AFF034B84F82060204684F821500C
:103BCC00236070BD840A0020408C7047808C704745
:103BDC00F8B504460D4690F82000002105F09AFC3B
:103BEC005649574BC87C1E6800282CD072B6CA7C2C
:103BFC00D007134608D5DFF87CE14F69DEF80000EA
:103C0C0038408862CEF80000970706D54D488A697F
:103C1C000768CB7C3A40CA620260580706D54A480E
:103C2C00CA690768CB7C3A400A6302601A0706D55A
:103C3C0046480A6A0768CB7C3A404A630260DB0656
:103C4C0066D462B6C87C8B683C4A9E4267D0404BB7
:103C5C00404F9B699660C3F30112C3F3826357F81C
:103C6C0022200133B2FBF3F2002E4CD0B2FBF6F360
:103C7C00002B4BD0B2FBF3F2964238BF0133B3F5B5
:103C8C00817F4ED3344ACA600B6800264FF0030C78
:103C9C004FF0070E01271E61C3F824C01A64C3F845
:103CAC0060E01F615E66DA6D12F4F81FFBD05A6F8C
:103CBC005D66DA6D12F4F81FFBD05B6FE0B1C707DD
:103CCC0003D58A6A254BC87C1A60860703D5CA6A55
:103CDC00234BC87C1A60450703D50A6B214BC87C63
:103CEC001A60020703D54A6B1F4BC87C1A60C306C7
:103CFC0002D58A6B1D4B1A6094F820000121BDE897
:103D0C00F84005F007BC1346002BB3D11A46BAE7AE
:103D1C00174A4B6A106803408B63136091E7D268B3
:103D2C00B2E7022B08D9023B5E08320443EA0623B1
:103D3C0002F47F021A43A6E70022A4E7DC16002057
:103D4C00681B002084E100E088E100E08CE100E0E9
:103D5C0000C00F40DC0C0020FF7F7F0000E100E082
:103D6C0004E100E008E100E00CE100E010E100E01B
:103D7C0090E100E080E100E0F8B50021054690F804
:103D8C00200005F0C7FB5549554BCC7C1868002C1E
:103D9C0029D072B6CB7CDC071A4605D5514E4C693E
:103DAC0037683C408C6234609F0706D54E4C8B695B
:103DBC002668CA7C3340CB622360560706D54B4C31
:103DCC00CB692668CA7C33400B632360140706D585
:103DDC00474C0B6A2668CA7C33404B632360D2067F
:103DEC0065D462B6CC7C8B683C4A984266D0414B19
:103DFC00414E9B699060C3F30112C3F3826356F882
:103E0C0022200133B2FBF3F200284BD0B2FBF0F3CB
:103E1C00002B4AD0B2FBF3F2904238BF0133B3F51A
:103E2C00817F4DD3354ACA600B68002603200727D3
:103E3C001E610126586240201A641F661E61586676
:103E4C00DA6D12F4F81FFBD00022586F5A66DA6D47
:103E5C0012F4F81FFBD05E6FF6B2E4B1E30703D5A2
:103E6C008A6A274BCC7C1A60A70703D5CA6A254BF4
:103E7C00CC7C1A60600703D50A6B234BCC7C1A6090
:103E8C00220703D54A6B214BCC7C1A60E30602D582
:103E9C008A6B1F4B1A6095F82000012105F03AFB44
:103EAC003046F8BD1346002BB4D11A46BBE7194A6D
:103EBC004B6A146823408B63136092E7D268B3E7B4
:103ECC00022B08D9023B5808020443EA002302F4EF
:103EDC007F021A43A7E70022A5E700BFDC160020EB
:103EEC00681B002080E100E084E100E088E100E054
:103EFC008CE100E000C00F40DC0C0020FF7F7F0055
:103F0C0000E100E004E100E008E100E00CE100E089
:103F1C0010E100E090E100E0F8B504460D4690F8A1
:103F2C002000002105F0F6FA5649574BC87C1E6854
:103F3C0000282CD072B6CA7CD007134608D5DFF8FF
:103F4C007CE14F69DEF8000038408862CEF8000052
:103F5C00970706D54D488A690768CB7C3A40CA62F8
:103F6C000260580706D54A48CA690768CB7C3A40B4
:103F7C000A6302601A0706D546480A6A0768CB7CB2
:103F8C003A404A630260DB0665D462B6C87C8B6833
:103F9C003C4A9E4266D0404B404F9B699660C3F3AF
:103FAC000112C3F3826357F822200133B2FBF3F200
:103FBC00002E4BD0B2FBF6F3002B4AD0B2FBF3F23F
:103FCC00964238BF0133B3F5817F4DD3344ACA6072
:103FDC000B68002703264FF0070E1F6101275E6256
:103FEC0080261A64C3F860E01F615E66DA6D12F415
:103FFC00F81FFBD05A6F5D66DA6D12F4F81FFBD018
:10400C005B6FE0B1C70703D58A6A264BC87C1A6080
:10401C00860703D5CA6A244BC87C1A60450703D5AA
:10402C000A6B224BC87C1A60020703D54A6B204BE3
:10403C00C87C1A60C30602D58A6B1E4B1A6094F8B2
:10404C0020000121BDE8F84005F064BA1346002BAE
:10405C00B4D11A46BBE7184A4B6A106803408B630D
:10406C00136092E7D268B3E7022B08D9023B5E08D3
:10407C00320443EA062302F47F021A43A7E7002224
:10408C00A5E700BFDC160020681B002084E100E0DF
:10409C0088E100E08CE100E000C00F40DC0C002067
:1040AC00FF7F7F0000E100E004E100E008E100E0B8
:1040BC000CE100E010E100E090E100E080E100E0C4
:1040CC00F8B50F46054602BB08460AF099FF0221D7
:1040DC0086B22846FFF720FFB6B13C4603E0E31B4F
:1040EC009BB29E420FD914F8011B2846FFF770FDB6
:1040FC0095F82630002BF2D0012005F03FF9E31B98
:10410C009BB29E42EFD8F8BDF8BD02211646FFF7D0
:10411C0003FFE2E710B5144692B2FFF7D1FF204639
:10412C0010BD00BF00B583B0012202AB03F8011D26
:10413C001946FFF7C5FF012003B05DF804FB00BF73
:10414C0010B504464021FFF7E7FE2046FFF714FEAA
:10415C0000F07F012046BDE81040FFF739BD00BFDD
:10416C00F8B51E4690F8273004460F46022B07D1AF
:10417C00438C818C013B0139DF1B8A1A3FB212B28E
:10418C0094F82850462120462A4495B2FFF7C4FEE5
:10419C002046F9B2FFF71CFD47212046FFF7BCFE75
:1041AC00C7F307212046FFF713FD48212046FFF7F0
:1041BC00B3FE2046E9B2FFF70BFD49212046FFF77D
:1041CC00ABFE2046290AFFF703FD02212046FFF72C
:1041DC00A3FE002194F8200005F09CF90E4A002360
:1041EC0012685366D16D11F4F81FFBD03312516F66
:1041FC005366D16D11F4F81FFBD0F6B2536F5666AF
:10420C00D36D13F4F81FFBD0536F012194F82000E9
:10421C00BDE8F84005F07EB9DC16002038B505463F
:10422C0049B90C46C721FFF777FE28462146BDE861
:10423C003840FFF7CDBCC721FFF76EFE28460121A1
:10424C00BDE83840FFF7C4BC38B50D4604468B2199
:10425C00FFF762FE29462046BDE83840FFF7B8BCA0
:10426C0038B51446054649B98A21FFF755FE04F0C6
:10427C000F012846BDE83840FFF7AABC8A21FFF79A
:10428C004BFE04F00F01284641F08001BDE8384098
:10429C00FFF79EBC38B5054649B90C460121FFF71E
:1042AC003BFE28462146BDE83840FFF791BC012172
:1042BC00FFF732FE28468021BDE83840FFF788BC66
:1042CC0070B504460E46154631462046FFF724FECF
:1042DC002046FFF751FD0542F6D1012070BD00BF0D
:1042EC002DE9F047994690F8273004460F46022BEB
:1042FC00BDF92000BDF8248040F08580A38C618C32
:10430C00013B94F8285001399BB289B29E1A1B1AB2
:10431C00CF1BC9EB01012E4418B23FB2B6B20FFA53
:10432C0081F90FFA86FA054491212046FFF7F4FD36
:10433C002046F9B2FFF74CFC20469221ADB2FFF7B4
:10434C00EBFDC7F307212046FFF742FC20469321E3
:10435C00FFF7E2FD2046F1B2FFF73AFC204694212C
:10436C00FFF7DAFDCAF307212046FFF731FC2046A0
:10437C009521FFF7D1FD20465FFA89F1FFF728FC64
:10438C0020469621FFF7C8FDC9F307212046FFF709
:10439C001FFC20469721FFF7BFFD2046E9B2FFF72F
:1043AC0017FC20469821FFF7B7FD2046290AFFF796
:1043BC000FFC20466321FFF7AFFD20464FEAD821C2
:1043CC00FFF706FC20466421FFF7A6FDC8F3451154
:1043DC002046FFF7FDFB20466521FFF79DFD08F009
:1043EC001F012046FFF7F4FB20469021FFF794FDB8
:1043FC0020468021FFF7ECFB204680229021BDE86F
:10440C00F047FFF75DBF94F828502A4496B20FFA94
:10441C0086FA88E72DE9F84F994690F8273004463C
:10442C000F46022BBDF92800BDF82C809DF830A05A
:10443C0040F08880A18C638C013994F82850013BA2
:10444C0089B29BB28E1A081ADF1BC9EB03092E44E2
:10445C0000B23FB2B6B20FFA89F90FFA86FB0544E7
:10446C0091212046FFF758FD2046F9B2FFF7B0FB2B
:10447C0092212046ADB2FFF74FFDC7F3072120462E
:10448C00FFF7A6FB93212046FFF746FD2046F1B22D
:10449C00FFF79EFB94212046FFF73EFDCBF307214F
:1044AC002046FFF795FB95212046FFF735FD20466A
:1044BC005FFA89F1FFF78CFB96212046FFF72CFD64
:1044CC00C9F307212046FFF783FB97212046FFF70E
:1044DC0023FD2046E9B2FFF77BFB98212046FFF72E
:1044EC001BFD2046290AFFF773FB63212046FFF7CB
:1044FC0013FD20464FEAD821FFF76AFB64212046C2
:10450C00FFF70AFDC8F345112046FFF761FB652153
:10451C002046FFF701FD08F01F012046FFF758FB6E
:10452C0090212046FFF7F8FCBAF1000F11D1902131
:10453C002046FFF74DFB204680229021BDE8F84F26
:10454C00FFF7BEBE94F828502A4496B20FFA86FBA9
:10455C0085E7B0212046FFF73BFBECE770B584B054
:10456C00013B0025BDF920400B44BDF82460013C03
:10457C001BB201961444029524B20094FFF74AFF33
:10458C0004B070BD70B584B0013B0125BDF920406D
:10459C000B44BDF82460013C1BB2019614440295F7
:1045AC0024B20094FFF736FF04B070BD30B5848C94
:1045BC0085B0438C0022013C0125013B019124B2C2
:1045CC0011461BB202950094FFF724FF05B030BDD5
:1045DC0090F829308821022B10B5044615D9FFF725
:1045EC009BFC0B212046FFF7F3FA012004F0C6FEDA
:1045FC0020468921FFF790FC20460221FFF7E8FABC
:10460C000120BDE8104004F0B9BEFFF785FC0A217B
:10461C00E8E700BF2DE9F84F0446FFF7D9FF10215A
:10462C002046FFF779FC20460C21FFF7D1FA94F8CD
:10463C002930002B00F0F88003F1FF3BBBF1010F98
:10464C0040F200814FF0030B002301261627DA46B7
:10465C004FF01F084FF00B09812584F828302046B5
:10466C000421FFF759FC29462046FFF7B1FA012037
:10467C0004F084FE658C20461421ED08FFF74CFCF9
:10468C002046013DEDB22946FFF7A2FA204615213E
:10469C00FFF742FC20460021FFF79AFA204616212C
:1046AC00FFF73AFC51462046FFF792FA20461721B5
:1046BC00FFF732FC59462046FFF78AFA20461821AC
:1046CC00FFF72AFC49462046FFF782FA94F8285057
:1046DC0094F824302046013D19211D44FFF71CFCA1
:1046EC002046EDB22946FFF773FAA58C94F82830D2
:1046FC002046013D1A211D44FFF70EFC2046C5F350
:10470C0007252946FFF764FA20461B21FFF704FC16
:10471C0041462046FFF75CFA20461C21FFF7FCFBC4
:10472C0020460021FFF754FA20461D21FFF7F4FB29
:10473C0039462046FFF74CFA20461E21FFF7ECFBCA
:10474C0020460021FFF744FA20461F21FFF7E4FB27
:10475C0031462046FFF73CFA20463021FFF7DCFBC0
:10476C0020460021FFF734FA20463121FFF7D4FB15
:10477C0020460021FFF72CFA94F8225020463421D1
:10478C00013DFFF7C9FB2046EDB22946FFF720FAA1
:10479C00658C20463521013DFFF7BEFB2046C5F355
:1047AC0007252946FFF714FA94F8285020463221A1
:1047BC00FFF7B2FB29462046FFF70AFA94F8285077
:1047CC0020463321FFF7A8FB29462046FFF700FAC5
:1047DC0094F8285094F824302046013D36211D448D
:1047EC00FFF79AFB2046EDB22946FFF7F1F9A58CAD
:1047FC0094F828302046013D37211D44FFF78CFBEF
:10480C002046C5F307252946FFF7E2F920468E21FD
:10481C00FFF782FB20468021FFF7DAF94FF4FA709C
:10482C00BDE8F84F04F0AABDC0229B460926072715
:10483C0084F828204FF002084FF005094FF0010AC8
:10484C0082250CE74FF0000B092607274FF00208D2
:10485C0084F828B04FF005094FF0010A8225FEE6D6
:10486C0070B580F82910002941D14FF4F072502313
:10487C00428483840446002590F82000012184F8AA
:10488C00275004F053FE012194F8200004F042FE5E
:10489C00012194F8210004F049FE294694F82100E6
:1048AC0004F038FE642004F069FD012194F8210025
:1048BC0004F030FE642004F061FD1E4806F0AEFDED
:1048CC001D4E1E4B294620463360FFF725FB204624
:1048DC00FFF752FA752812D001462B460A221848C7
:1048EC0004F034FC164804F021FC284670BD012964
:1048FC000CD0022917D003290ED0002070BD204601
:10490C00FFF788FE0F4B0120336070BD4FF4F0723F
:10491C00802342848384ADE74FF448724FF4F073E4
:10492C0042848384A6E74FF4F0724FF48873428478
:10493C0083849FE7DC160020681B002048E80100F8
:10494C002C17002000093D00F0B500F1240385B0C0
:10495C0005460E4601AC174693E8070084E80700AD
:10496C0072012146286A01F0AFFB012806D13A46B4
:10497C002146286A01F06CFB05B0F0BD002005B0A3
:10498C00F0BD00BF10B5044600F0F4FD002384F820
:10499C00313084F8333010BD38B50D46144600F173
:1049AC0024010022006A01F053FB034628B142891E
:1049BC0001202A801B89238038BD38BD38B50D46AF
:1049CC00144600F124010022006A01F041FB034669
:1049DC0028B1C28901202A809B89238038BD38BD2B
:1049EC0090F831200AB10020704738B50D461146B9
:1049FC00382204460AF08CFA40230120256284F800
:104A0C00313084F8330038BDF0B40C78202C03D14D
:104A1C0011F8014F202CFBD00E461E4F11609160F7
:104A2C003578344601362F2D18BF002D22D0A5F134
:104A3C0022041F2DE4B28CBF002101211D2C0ED9A4
:104A4C000124A14213D205F0BF013C290FD05C2DEB
:104A5C000DD02E2DE4D0202DE2D09660E0E727FA81
:104A6C0004F404F0010484F00104A142EBD300200F
:104A7C00F0BC7047202D01D02F2D05D114F8011F4B
:104A8C002029FBD02F29F9D01C601146F0BC01F075
:104A9C00E5B900BF010100312DE9F04F90F833303A
:104AAC0083B00546DE0760D55C060E46914640F1A4
:104ABC00BD80D5E90001D5E9042310EB090A41F1C9
:104ACC00000B5B4508BF5245C0F0B680B9F1000F32
:104ADC0074D0AA464C4640F2FF17FAE806012B6A3E
:104AEC00D3F8382402EA0008C8F3080BB8F1000F19
:104AFC006AD150EA010279D195F8312051064CBFA8
:104B0C00D3F83414E969A9614FEA58200239D3F873
:104B1C002C24BC4293F845E4024401FA0EF11144F2
:104B2C002ED9BBF1000F2BD1D3F81C22914227D0E8
:104B3C00B4F5806F61D34FF0010C4FEA54280CFA96
:104B4C000EFEC0EB0E00804528BF804691423DD83A
:104B5C0001EB0800824239D203F5047001910093F5
:104B6C0003F03CFD009B019980BB95F832304FF06F
:104B7C00FF3043F0020385F8323003B0BDE8F08F0C
:104B8C0003F50470002203F0F9FC0028EDD0CBF5FE
:104B9C00007800EB0B013046A04528BFA0464246EA
:104BAC0004F00CFD404600214644D5E90023801852
:104BBC005941B4EB0804C5E9000190D10024C4EBC1
:104BCC00090003B0BDE8F08FA9699DE7D3F8140282
:104BDC0032464346D0F800E0DEF814B0D84700283F
:104BEC00C3D04FEA482800214046DDE795F8332032
:104BFC00520610D5A969013185E7D3F81402324663
:104C0C0003681B6998470028AFD04FF4007000214F
:104C1C004FF40078C8E718465246A96901F034FAF7
:104C2C000028A2DB0BD02B6AA9696DE790F8313014
:104C3C0018073FF53EAF49E7C0EB020946E795F888
:104C4C00313013F0500FBAD18FE700BFF0B583B0FD
:104C5C000122044685690DF10701D0E90067FFF7D1
:104C6C001BFF0128A5610CBF9DF807004FF0FF301A
:104C7C00C4E9006703B0F0BD2DE9F04F90F831E0C6
:104C8C0085B004468569BEF1000F36D016461F4626
:104C9C00D0E90001994208BF904265D056EA07035B
:104CAC0030D10023A3610120C4E9006705B0BDE841
:104CBC00F08F10F1FF3241F1FF3322FA0CFC03FAB2
:104CCC0008F823FA0AFA50EA01034CEA080C4CEAF9
:104CDC000A0C4BD0E34549D3CCEB0B0BA94604F1A2
:104CEC0018085D464246002DDDD0A169013D206AC1
:104CFC0001F0CAF90028F5DC4D460020A56105B08D
:104D0C00BDE8F08F1EF0080F27D1236A16F1FF388B
:104D1C0093F845C447F1FF39C24603930CF1090CD3
:104D2C00CB4694F833905FFA8CFC19F0400FCCF121
:104D3C0020082AFA0CF2CDE900AB019BACF1200A59
:104D4C0003FA08FB23FA0AF342EA0B0242EA030BCA
:104D5C00AFD0E3695B44A361A5E7D4E90423BB426C
:104D6C0008BFB242C9D3D0E70120C8E71EF0400FFC
:104D7C0002D1E369A361B1E7039BD3F83434F9E7BB
:104D8C002DE9F04F8FB08146019390F831302BB95B
:104D9C0091F831300C4613F0500F08D1002318460F
:104DAC0089F8313089F833300FB0BDE8F08F019BB2
:104DBC00154603F00303012B06D0022B00F0FF80F5
:104DCC00002BEBD1012200E00222019B03F008032F
:104DDC0013430293002D40F0DD8003270026029B35
:104DEC00B34643F040030393202206A92046FFF765
:104DFC0053FEF0B12028D1D19DF81830180645D4B7
:104E0C00BBF1000F04D12268D4F818A0A2F120083D
:104E1C00BB4503D20BF1010B5FFA8BFB002B00F0AF
:104E2C00D080202206A920460026FFF735FE002858
:104E3C00E0D1019B9905B1D5029B9A07AED5002D07
:104E4C00ACD0BB4580F0C6802B465E4655469A4694
:104E5C000AE02028A2D11EB92268A569A2F1200877
:104E6C00DEB2B74240F2B380202206A92046FFF7FB
:104E7C0013FE731C0028ECD12046D4F818B000F0B7
:104E8C00A9FB00288AD0C4F818B0EAE756BBBB458A
:104E9C0038BF4FF0000B852BA6D13146382248463F
:104EAC0001260AF035F89DF81C309DF81920D9061A
:104EBC0089F8302003F0370258BF42F0080289F815
:104ECC0031202368226AA169203BC9F82020C9F847
:104EDC002830C9F8241094F83330C3F3801389F8C0
:104EEC002C3081E7C02B29D0C12B9AD12A4606A998
:104EFC00484600F027FF002867D0AB89002B7FF4D1
:104F0C0073AFAA686B689A427FF46EAF019B1F0562
:104F1C003FF544AF019B13F4884F40F0AB8099F8F8
:104F2C0033309E0700F1A680019B5B053FF536AF41
:104F3C00019B580400F1BC80012035E79DF8193025
:104F4C009DF808209B0789F8332003D59DF80C3079
:104F5C0089F833300B99DDE90823C9F81C10DDE919
:104F6C000C01C9E90423C9E90201002DCED09DF83A
:104F7C001B304FF000002A6929689A42A8816960A9
:104F8C007FF44FAFBDF81C60AB8AF61AB6FA86F602
:104F9C00760929E72B69664F0E33A7FB0337D4E953
:104FAC000023FF08134307F10207FFB23FF416AFCB
:104FBC00002100220023A161C4E900230EE7032293
:104FCC0003E7002D7FF435AFE8E606460CE75346C1
:104FDC00AA461D4694F833B038220021484609F001
:104FEC0097FFCBF3801B0823226A002689F82CB08C
:104FFC00C9F824A0C9F8288089F831302B68C9F881
:10500C0020206B60AE818FB307F1FF3834465FFA16
:10501C0088F8012221464846FFF796FC8346002873
:10502C003FF4BCAE90F90030002BFFF6B7AE202257
:10503C00002109F06DFF002E43D0012C5ED0C1235E
:10504C005C460BF11E0A8BF80030AB8928461BB965
:10505C006A68AB689A4205D003F0DEFA24F8020FB6
:10506C00A245F2D10136F4B2BC42D2D3484600F08C
:10507C0081FA99E699F8313013F0110F7FF48EAE66
:10508C00019B5D057FF554AF99F833309C077FF594
:10509C0085AE002200234846FFF7EEFD00283FF4C2
:1050AC007DAE484600F0A8FC00283FF477AE43E7FD
:1050BC004846D9E90423FFF7DFFD00287FF43CAF15
:1050CC006CE685238BF800301A4B89F830808BF80E
:1050DC0001801B681BB30DF113020DF1160105A81D
:1050EC009847BDF81410BDF816209DF81330ABF896
:1050FC000A10ABF808208BF81430B3E7029BC022DF
:10510C008BF8014063F07F038BF8002089F8333073
:10511C002B698BF80330AB8AABF80430A2E745F26D
:10512C002163ABF80A30ABF80E30ABF8123099E7CC
:10513C0089888888702500202DE9F043064697B0B1
:10514C0000200D4696F8311001928DF851008DF823
:10515C0052008DF85300ADF8140029B9994695F812
:10516C00313013F0500F03D1002017B0BDE8F0839D
:10517C00137814462F2B32D04FF00008214601AB88
:10518C0002AA3046FFF740FC0028EDD0019B1B78AB
:10519C00002B39D02946002302AA3046FFF7F0FD38
:1051AC000028E1D0344608AF06F1300E20681034E8
:1051BC0054F80C1C3D4654F8082C103754F8043C99
:1051CC0074450FC5F2D1206808AD3860304600F048
:1051DC00D1F986F8318086F83380019CCEE7013412
:1051EC00019421782F29FAD0B9B108A838220021CE
:1051FC002F6A054609F08CFE4022012310978DF88A
:10520C0051208DF85330B7E74B4602AA2946304659
:10521C00FFF7B6FD17B0BDE8F083382230462C6A94
:10522C0009F076FE40230120346286F8313086F88E
:10523C0033009AE719B101F58961FFF77DBF084684
:10524C00704700BFF0B490F8314024B991F8313078
:10525C0013F0500F02D10020F0BC7047D1E9006769
:10526C00002706F01F0656EA0703F4D11346224620
:10527C00F0BCFFF785BD00BF8169F8B50446006A34
:10528C0001B10131012200F033FE012806462ED96E
:10529C0001230146206A1A4600F084FE074630B30B
:1052AC00A3693BB394F83320510612D5591C8E4296
:1052BC0026D022F04002E16984F8332005E0206A10
:1052CC0000F026FF294690B1A3694D1C99422A464D
:1052DC00F5D34FF0FF323146206A00F019FF30B1A0
:1052EC00A16969B13246206A00F012FF40B900276B
:1052FC003846F8BD94F8333043F0400384F833302B
:10530C00A6613846F8BD00BF90F833309A073BD5FC
:10531C00C1692DE9F0410546A9B9002408E00378DC
:10532C00E4B203F07F03037095F83030A3422DD321
:10533C002146012228460134FFF706FB0028EED156
:10534C000020BDE8F0815B06006A37D590F8452453
:10535C000023D5E90267093216F1FF36D2B247F1C4
:10536C00FF37C2F1200EA2F1200426FA02F207FA4E
:10537C000EFE27FA04F442EA0E022243013200F038
:10538C0011FE0028C9D1DBE70020704700232C6AEE
:10539C0085F83130204685F8333003F01FF90028AA
:1053AC00CED004F5047003F019F90028C8D0D4F855
:1053BC0040040368BDE8F0411B6A184700F0BAFED0
:1053CC000028AAD1BCE700BF90F83130D90601D42F
:1053DC000020704710B5002288B000230446FFF768
:1053EC004BFC06E0202819D19DF800301A0615D484
:1053FC0033B1202269462046FFF74EFB0028F1D13D
:10540C0094F833300822204643F0020384F831200C
:10541C0084F83330FFF778FF08B010BD002008B0D7
:10542C0010BD00BF2DE9F043002583B00746DFF81F
:10543C004091A846002229463846FFF785FA0446D3
:10544C0030B10378C02B74D0C12B2CD0852B09D054
:10545C0097F83230002043F0010387F8323003B064
:10546C00BDE8F08397F83130D9F8006003F03703CA
:10547C00838086B10DF103020DF1060101A8B0473E
:10548C00BDF80620BDF804309DF80310A2816175AB
:10549C002282E38163823A6A92F8103243F001036C
:1054AC0082F8103223784FEAC830A3F18506002227
:1054BC00012140EA5808B6FA86F613FA88F3760901
:1054CC001FFA83F80A444FEAC83303211F2A43EA20
:1054DC0058030AD8A05C012A10FA83F31FFA83F848
:1054EC0001D1002EEED10121ECE7013597F83030D7
:1054FC00EDB2AB429ED2012207F12401386A00F0D2
:10550C00A7FD0028A4D03C6AA0F80280204603F036
:10551C0065F800289CD004F5047003F05FF80028AF
:10552C0096D0D4F8400403681B6A984700288FD0A3
:10553C0095E797F8333013F0400F437814BF43F0DE
:10554C00020323F002034370386AF969D7E9042394
:10555C006161C4E90223D7E90223C4E9062390F868
:10556C00103243F0010380F8103223789BE700BF20
:10557C007025002090F8312092B138B590F8332086
:10558C0011060FD4056A0446284603F027F888B99B
:10559C0094F83230002043F0010384F8323038BDE7
:1055AC000120704702F07F0280F83320BDE83840BC
:1055BC00FFF738BF05F5047003F010F80028E7D0AA
:1055CC00D5F8400403681B6A98470028E0D00120F6
:1055DC0038BD00BFF8B590F8313005465A064FD4A7
:1055EC0080682B6AD3F83C341844B0F1806F01D337
:1055FC000020F8BD2846FFF73FFE0028F8D0286AA7
:10560C000122AE6990F84534023ED0F82C149E402D
:10561C0012FA03F30E4415D000243119052200F5BB
:10562C000470013402F0AAFF4FF40072002100282C
:10563C00DED009F06DFC286A012390F845249340D4
:10564C00A342EAD895F831305B0614D495F8333080
:10565C00002763F07F0385F83330D0F83C64D5E93C
:10566C000223D5E9040192197B4180197941C5E9DE
:10567C000223C5E904012846BDE8F840FFF77ABFCC
:10568C00006A00F043FEACE710B591F8314014F01D
:10569C00500F01D1002010BD40F602230446FFF745
:1056AC006FFB0028F6D01023204684F83130FFF72A
:1056BC0091FF0028EED0A169002320460022E16171
:1056CC00FFF7DAFAC123204684F83330BDE81040E6
:1056DC00FFF750BF2DE9F041064696B000200C466E
:1056EC0096F831100192ADF814008DF851008DF838
:1056FC0052008DF8530029B9984694F8313013F0C4
:10570C00500F03D1002016B0BDE8F081137811467C
:10571C002F2B34D001AB02AA3046FFF775F90028C5
:10572C00F0D0019B1B78002B37D0002302AA214616
:10573C003046FFF725FB48B9B8F1000FE2D02146FF
:10574C0002AA3046FFF7A0FF0028DBD0344608AF92
:10575C0006F1300E2068103454F80C1C3D4654F8F9
:10576C00082C103754F8043C74450FC5F2D120684E
:10577C0008AC38603046FFF705F90199CAE70131EA
:10578C0001910B782F2BFAD0216A08A8FFF728F982
:10579C000028B7D008AC0199BCE702AA21463046D4
:1057AC00FFF772FF16B0BDE8F08100BFF0B590F8BE
:1057BC0031409DB0002314F0180F8DF831308DF866
:1057CC0032308DF833308DF869308DF86A308DF8C1
:1057DC006B3003D00B6A046A9C4202D000201DB0CF
:1057EC00F0BD044640F601236846FFF7A5FC0028EF
:1057FC00F4D0254604F1300E0EAF2868103555F85C
:10580C000C1C3E4655F8082C103755F8043C7545D1
:10581C000FC6F2D1286809AA04F1240338609DF858
:10582C00305007CA83E8070094F83330204684F8D8
:10583C00305063F07F0384F83330FFF79BFE002871
:10584C00CCD00021022208230EA815918DF86B20D4
:10585C008DF86930FFF758FDC1E700BF2DE9F04F17
:10586C0090F8314083B01F4624079DF830A09DF876
:10587C0034909DF838B09DF83C3004D5A2F2BC723F
:10588C0094B27F2C04D90026304603B0BDE8F08FCB
:10589C007A1E0B2AF7D80AF1FF321E2AF3D8BBF175
:1058AC003B0F98BFB9F1170F8CBF012600263B2B7D
:1058BC0088BF46F00106002EE5D1019305468846C7
:1058CC00FFF758FE019B0028DDD0591013F0010F93
:1058DC004AEA471708F0010341EA4B11B24647EA7E
:1058EC00442708BF4FF0000B41EAC92918BF4FF0FD
:1058FC00640B3446BFB21FFA89F90193002251465A
:10590C002846FFF721F80028BDD00278852A4FD011
:10591C00BAD3A2F1C0010129B6D84FEAC43EA2F114
:10592C00850300214EEA5404B3FA83F34FF0010EC1
:10593C0012FA84F45B09A4B27144E2034FF0030E33
:10594C001F2942EA54020AD8445C012914FA82F253
:10595C0094B201D1002BEFD14FF0010EECE70AF11C
:10596C00010395F830205FFA83FA5245C6D2012222
:10597C0005F12401286A00F06BFB002883D02D6A06
:10598C004480284602F02AFE00283FF47CAF05F53F
:10599C00047002F023FE00283FF475AFD5F84004E4
:1059AC0003681B6A9847064600283FF46CAF6BE708
:1059BC0095F83120296A02F03702019B828091F818
:1059CC00102242F0010281F8102213B1A0F81090BD
:1059DC00478218F0020F04D080F814B0A0F8089099
:1059EC00478118F0040F04D080F815B0A0F80C9083
:1059FC00C781027891E700BF90F833309A0718D529
:105A0C00F0B5C56983B08DB103F04003044603F0D3
:105A1C00FF0683B98169002942D10195C1612946EC
:105A2C00206A00F087FB38BB002000E0012003B0A7
:105A3C00F0BD00207047006AA16990F84524D4E9B4
:105A4C000267093216F1FF36D2B247F1FF37C2F1C5
:105A5C00200EA2F1200326FA02F207FA0EFE27FA14
:105A6C0003F342EA0E021A430132B1B1013D4B1C61
:105A7C00691A01930A4402BB94F833302046D4E9E6
:105A8C00006763F07F03C4E9026784F83330C4E92C
:105A9C000467FFF76FFD03B0F0BD0195E161EAE724
:105AAC0002AA006A42F8046D00F0EEFA0028BBDB93
:105ABC000AD1019D002DDFD0B1E70023019900F040
:105ACC0071FA0028D8D1AFE74FF0FF32A169206AF4
:105ADC0000F01EFB0028ECD1A6E700BF2DE9F04F2B
:105AEC0090F8333083B004469D07009240F1B380A8
:105AFC001A07884600F1A880009B002B00F01D813E
:105B0C002146009D4FF0010AF1E8062393460191CE
:105B1C00206AA169D0F8386406EA0B06C6F30809B6
:105B2C0056BB002900F0CC8094F833305B0640F172
:105B3C00E08090F84524E3690932D4E902BCD2B282
:105B4C001BF1FF3BC2F1200EA2F120074CF1FF3CF0
:105B5C002BFA02F20CFA0EFE2CFA07F742EA0E02AE
:105B6C003A431A449142C0F0C1802046FFF784FBAF
:105B7C00002870D0206AA169760A0239D0F82C74FA
:105B8C0090F845E4374401FA0EF13944B9F1000FAD
:105B9C006BD1B5F5007F2CBF00220122002A64D105
:105BAC00B5F5806FC0F090800AFA0EFE6B0AD0F843
:105BBC001CC2C6EB0E06B34228BF334661454FEA02
:105BCC00432708D85E18B44505D24FF0FF3680F84D
:105BDC001022C0F81C62D0F8140242460668B66A5D
:105BEC00B047002837D038460021B844ED1BD4E923
:105BFC000023D4E9046712EB000B43EB010C67455F
:105C0C0008BF5E45C4E900BC07D294F8331061F0BC
:105C1C007F01C4E904BC84F83310002D7FF478AF05
:105C2C005A466346D4E90201994208BF904278D3A0
:105C3C00434B1B68002B7ED094F83330009863F0F4
:105C4C007F0384F833300DE0D0E90423FFF714F818
:105C5C0000287FF451AF94F83230002043F0010358
:105C6C0084F8323003B0BDE8F08FB9F1000F25D1C4
:105C7C00D4E90423D4E900679F4208BF964234BF9D
:105C8C000122052200F5047002F078FC0028E2D015
:105C9C00C9F5007748444146AF4228BF2F46B94466
:105CAC003A4603F08BFCB9F5007F9CD1206A00F5D5
:105CBC00047002F093FC002895D1CCE70122E1E7B7
:105CCC00E169F1B1A16157E7D0F81C32994221D0BA
:105CDC00D0F81402424603685B6A98470028BAD091
:105CEC004FF4007000214FF400777EE70131A16181
:105CFC0042E7019A00F0C8F90028ACDB7FF43AAF18
:105D0C0033E72046FFF7B8FA0028A4D0A169206A2F
:105D1C00E16131E74FF0FF3380F81022C0F81C32FC
:105D2C00D6E794F83310009861F07F01C4E90223A0
:105D3C0084F8331096E7009894E7D4E9002371E7D0
:105D4C00702500202DE9F0410C46154601F11E0886
:105D5C00AB89284634F8026F1BB96A68AB689A4263
:105D6C000ED002F059FC02F017FD0746304602F047
:105D7C0013FD874209D14445EAD10120BDE8F081E9
:105D8C00B6FA86F04009BDE8F0810020BDE8F0814C
:105D9C002DE9F84F90F831308946002B45D090F81A
:105DAC0030308046012B53D9013A8A4602274FF0F6
:105DBC00000B8E18002239464046FEF7C5FDA0B3F5
:105DCC000378C12B31D1044600F11E0519E000F512
:105DDC0010539BB2B3F5806F27D24FEA8B2B1E4B1F
:105DEC00C0F309000BEA0303184300F58030514659
:105DFC00324602F03BFC8246B8B1AC424FF0000B8D
:105E0C001FD034F8020FBBF1000FE0D100F5205386
:105E1C009BB2B3F5006F0ED30028E8D1C9EB0A0092
:105E2C0000238AF80030BDE8F88F0023184689F863
:105E3C000030BDE8F88FB3F5806FF6D2AC428346E4
:105E4C00DFD1013798F83030FFB2BB42B2D2E5E770
:105E5C008A460020E4E700BF00FC0F00F8B50D46B1
:105E6C0000234FF6FF762A681946AB811C466A6000
:105E7C002B6116E002F0D0FBB04221D002F08CFC7A
:105E8C002B69E203A9890712013342EA54022B6100
:105E9C0052FA80F0C0F34E0343EAC03017FA80F494
:105EAC00A4B228460029E5D16A68AB689A42E1D1D0
:105EBC002869AC820138FE288CBF00200120F8BD77
:105ECC000020F8BD38B50C46D0F82414154600F562
:105EDC000470012201EBD41102F050FB034628B1EF
:105EEC00A4000120C4F308041D5138BD38BD00BF07
:105EFC002DE9F84F804691468B46002943D08F1EE2
:105F0C00D8F830349F423AD207F007050123C7F383
:105F1C00C80A03FA05F5EDB23E463C46D8F82C14F7
:105F2C000022404601EB143102F028FBC0B110F8FE
:105F3C000A100AE04A4529D0A74210D0D8F83024DC
:105F4C00944216D213F0FF050CD001340D424FEAE7
:105F5C004503A4EB0602EDD0A7422646EED1012064
:105F6C00BDE8F88F0AF1010A0125BAF5007FDED1F0
:105F7C0001E0002634464FF0000A0125CEE7002749
:105F8C000125BA46C8E7D0F82074B9E7BBF1000F79
:105F9C0004D1B9F1010F08BFC8F82064B01CBDE8EA
:105FAC00F88F00BF2DE9F047023915469A46D0F814
:105FBC0030244B19934238D88046BAF1000F37D1B0
:105FCC00D0F82034994238BFC0F8201401F00704EF
:105FDC000122D8F82C34C1F3C80602FA04F403EBFE
:105FEC001139E4B2012249464046914402F0C6FA06
:105FFC00D8B1871900F5007017F8012B224282EAFC
:10600C0004024FEA440414BF0126002656450CD066
:10601C00013D07F8012C17D014F0FF04EED1874294
:10602C0026464FF00104E7D1DCE70020BDE8F087FD
:10603C00D0F820048342C9D98142C7D8934228BFE3
:10604C000023C8F82034C1E70120BDE8F08700BF69
:10605C0070B50E460446D0F8385400F50470496803
:10606C0033682940D4F82C54023B94F8454405EB92
:10607C005121A340194402F081FA18B17368C3F39B
:10608C000803184470BD00BF38B5D0F83034013364
:10609C008B4216D30C46D0F82414154600F5047028
:1060AC00002201EBD41102F069FA50B1A100C1F346
:1060BC00080143585A1C02D02B60012038BD002027
:1060CC0038BD4FF0FF3038BD70B54C680D46D0F878
:1060DC0038340646A1182340696090F845441A44A8
:1060EC000934E4B222FA04F43CB12B7A3BB12B68AC
:1060FC0001332B60013C002CF7D1012070BD2A46E6
:10610C0029683046FFF7C0FF0128F3D070BD00BFEF
:10611C0001290DD9D0F830340133994210B403D988
:10612C0000205DF8044B70475DF8044BFFF7CABEC6
:10613C00002070472DE9F0410C4682B00546884698
:10614C00214601AA2846FFF79FFF012C0746C0F302
:10615C00C0162146284626D9324626BBD5F83034FF
:10616C0001339C421FD8FFF7ADFE04F1010E4146EE
:10617C003346C8EB0E02B0B1284647B1019CA64588
:10618C00DED0FFF70FFF70B1019CA046D8E7621C70
:10619C003B4641462846C8EB0202FFF703FF10B10D
:1061AC0002B0BDE8F081002002B0BDE8F08100BF74
:1061BC002DE9F84300248046D0F82C6400F50477D0
:1061CC002546314600223846013602F0D7F928B36D
:1061DC0000F1FF3ED8F830C405F580591EF8010FC8
:1061EC00FF2813D048B10822012318424FEA43017B
:1061FC0018BF0134013ACBB2F7D10835AC4509D9F7
:10620C004D45DED01EF8010FFF28EBD108350834C0
:10621C00AC45F5D8C4EB0C00BDE8F883BDE8F883B9
:10622C002DE9F041002304464FF0FF3600F50477CA
:10623C001546C0F8401441601A46C4F8141238468A
:10624C00194684F84434237084F81032E660C4F89C
:10625C001C6202F093F9042D0DD8064658B16DB9A5
:10626C0005222949F01C08F039FF034618B996F8A5
:10627C006C20092A1AD00020BDE8F0816B1E00EBBF
:10628C00031393F8BE2112F07F02F4D193F8C231BC
:10629C00002BF0D000EB05153846D5F8B651294641
:1062AC0002F06CF906460028DAD1E4E7326D4FF0C3
:1062BC0001080146204602EB050E4246C4F824E4D0
:1062CC00776DC4F82874B76D3D44C4F82C54F56D43
:1062DC00C4F83054356EC4F8345496F86D50C4F884
:1062EC00203405F1090384F8455408FA03F35D1EC4
:1062FC00C4F83C34C4F83854FFF7FAFD4023404648
:10630C0084F84434BDE8F0817411002070B582B07B
:10631C00D0F834140546002402AE46F8041D01E002
:10632C0009D0019932462846FFF7AEFE002804F149
:10633C000104F5DA002495F845040930C0B204FADA
:10634C0000F002B070BD00BF38B50D4604462422E3
:10635C00002108F0DDFDA560EB79102B05D0202B7A
:10636C0008D00C2B01D0002038BD20230120237035
:10637C00A07038BD402301202370A07038BD00BF31
:10638C00024638B552F8105F04468068294601F081
:10639C00FFFD50B155B123690135AB42A37818BF4D
:1063AC0003F0BF0363F07F03A37038BDA37843F001
:1063BC004003F7E7F8B5037803F020032BB903F09B
:1063CC00FF044169194B994202D900263046F8BDA9
:1063DC000546FFF7D5FF06460028F6D0A8682F69BA
:1063EC008379023F426901799F40174441B913E018
:1063FC0008F08EFD0134A868E4B20379A3420AD9EF
:10640C000522E119283002F0B9F84FF4007200218E
:10641C000028EDD1D9E783794FF40072696902FA4B
:10642C0003F311FA83F36B61D0E700BFFFFD1F008C
:10643C0010B5044680680A462830A16902F09EF81F
:10644C0020B1A38803F00F0300EB431010BD00BF75
:10645C0030B590F9023083B00446002B19DBA568E7
:10646C0005F1280002F0BAF830B96378002043F047
:10647C000103637003B030BD05F50E7002F0AEF889
:10648C000028F2D0286803681B6A98470028ECD0D3
:10649C00F0E70121FFF7CCFF05460028E5D0037893
:1064AC00E52BE2D023781B0701D5E369C361236A8E
:1064BC000B491A0C6B830B68AA8263B10DF10302B2
:1064CC000DF1060101A89847BDF80430BDF806206F
:1064DC002B836B82EA82A37803F07F03A370BEE761
:1064EC007025002010B50378044623B90023012041
:1064FC002370A37010BDFFF7ABFF00232370A370B4
:10650C0010BD00BF70B5037805460C46BBB92846D4
:10651C000021FFF78DFF0346A8B1066801205D68D6
:10652C009968DA6826606560A160E2601E695D6941
:10653C009969DA6926616561A161E26170BDFFF755
:10654C0087FF0028E3D1002070BD00BF30B589B0B3
:10655C000D4614466946FFF7D5FF28B1BDF810204B
:10656C00BDF80E302A80238009B030BD30B589B01B
:10657C000D4614466946FFF7C5FF28B1BDF8182033
:10658C00BDF816302A80238009B030BD2DE9F041CA
:10659C000C7888B014F0700F03D1002008B0BDE85F
:1065AC00F08140F6022305460C4601F077F80028EE
:1065BC00F3D0012210232846AA702B70FFF7FAFEA5
:1065CC000028EAD02A692B782A62002B7FD101217E
:1065DC002846FFF72DFF07460028DED01023006861
:1065EC007968EE46FB724FF02E0CBA6808AEFB6869
:1065FC00B7F81480AEE80F00BA69FB69386979699D
:10660C0006F820CD0DF10A0C7F8BAEE80F00334657
:10661C00202203F8012F6345FBD1A86801222B6AC5
:10662C0090F806E02830023B50F8141C03FA0EF3E5
:10663C00194401F0A3FF86460028AED0ADF81480B3
:10664C004FF02E08ADF81A7037460FCECEF800007A
:10665C00CEF80410CEF80820CEF80C308DF801805E
:10666C000FCECEF81000CEF81410CEF81820CEF8BD
:10667C001C30236A1A0CADF81A30ADF814200FCF69
:10668C00CEF82000CEF82410CEF82820CEF82C30EE
:10669C000FCFCEF83000CEF83410CEF83820CEF82C
:1066AC003C30AC6804F1280001F098FF00283FF45E
:1066BC0074AF04F50E7001F091FF00283FF46DAF3C
:1066CC00206803681B6A08B0BDE8F04118476B6985
:1066DC0033B1AB78002223F020032A616A61AB70DE
:1066EC002846FFF7B5FE00283FF457AF6FE700BF11
:1066FC002DE9F041064694B000200C463178019209
:10670C00ADF814008DF82C008DF82D008DF82E00AE
:10671C0021B99846237813F0700F03D1002014B0E0
:10672C00BDE8F081137811462F2B2ED0002701AB3A
:10673C0002AA304601F004F902AA214600230028DF
:10674C00ECD0019D30462D78002D30D000F0A6FF06
:10675C0048B9B8F1000FE1D0214602AA3046FFF744
:10676C0015FF0028DAD035460BAC96F800E00FCDBB
:10677C000FC40FCD2D680FC42560BEF1000F12D1D0
:10678C0037700BACB7700199D1E7013101910B78DF
:10679C002F2BFAD0A1680BA8FFF7D6FD0028BDD08F
:1067AC000BAC0199C2E73046FFF752FEE8E702AAAC
:1067BC0021463046FFF7EAFE14B0BDE8F08100BF79
:1067CC002DE9F041064694B000200D463178019237
:1067DC008DF808008DF809008DF80A00ADF8380026
:1067EC0021B998462B7813F0700F03D1002014B008
:1067FC00BDE8F081137811462F2B2AD0002702E038
:10680C0001993770B77001AB0BAA304601F098F8BC
:10681C000BAA294600230028E8D0019C3046247896
:10682C0034B300F03BFF354602AC0028DED096F8BE
:10683C0000E00FCD0FC40FCDD5F800C002AD0FC4D2
:10684C00C4F800C0BEF1000FDAD03046FFF700FEEE
:10685C00D6E7013101910B782F2BFAD08BB1A968B7
:10686C0002A8FFF771FD0028C0D002AD0199C5E761
:10687C0043460BAA2946304600F010FF14B0BDE881
:10688C00F081A9683046FFF75FFDB0E719B101F55B
:10689C008961FFF795BF0846704700BF38B5CB68D4
:1068AC0043B902780AB1184638BD8968BDE838404A
:1068BC00FFF74ABD0D4624220021044608F028FBB0
:1068CC0001231022A37018462270AA68EB68A260FC
:1068DC00236238BD03780BB100207047FFF734BD3D
:1068EC002DE9F04F837883B00546DF0740F19080A7
:1068FC000F46017891460E0700F193808C0608D55F
:10690C00826843695289C3EB42139BB2994528BFF5
:10691C009946B9F1000F00F0AA806B6988064E46C3
:10692C004FF0000805F1100AAA68C3F3080440D51B
:10693C00116A01EB5321002C54D1B6F5007F51D3D1
:10694C00536B99424ED0B6F5806F73D328784FEACB
:10695C00562B800605D41079C8EB0000834528BF60
:10696C00834699424FEA4B240DD801EB0B0083422E
:10697C0009D202F128000191009201F02FFE009A39
:10698C000199002844D0D06A5B463A46D0F800E022
:10699C00DEF814B0D84700283AD06B69361B274470
:1069AC0023446B6163D02978C3F30804AA68880672
:1069BC00BED492F8058008EA5328002C38D1B8F1DF
:1069CC00000F35D1002B3FD148064CBF136A2B6A00
:1069DC002B619179023B50698B4008EB0001194403
:1069EC00002CAAD002F12800002201F0C7FD78B1DA
:1069FC00C4F5007301193846B34228BF33461A4612
:106A0C001C4602F0DBFDC8E72B7813F0700F2FD17A
:106A1C006B784FF0FF3043F002036B7003B0BDE8AE
:106A2C00F08FC36942699B1A994528BF994670E754
:106A3C002B69CEE7D06A3A4603681B699847002851
:106A4C00E6D04FF40074A8E7090705D5AB785B06D0
:106A5C0002D52B690133BBE710462969524601F078
:106A6C001FFA0028D4DBCFD0AA682B69B1E7002627
:106A7C00C6EB090003B0BDE8F08F00BF70B582B063
:106A8C000122044646690DF107010569FFF728FF4D
:106A9C00012866610CBF9DF807004FF0FF3025619F
:106AAC0002B070BD436930B5C3F3431583B00446DF
:106ABC00B5FA85F252098A4207D220334361A068A5
:106ACC00383000EB451003B030BD01220DF1070149
:106ADC00FFF706FF40B2012803D163691F336361DE
:106AEC00EDE70020EFE700BF2DE9F04305789BB000
:106AFC00002415F0180F8DF820408DF821408DF8EA
:106B0C0022408DF844408DF845408DF8464004D025
:106B1C00866803468D68AE4203D000201BB0BDE8EA
:106B2C00F0831D4690460E46FFF792FCAE4611AF21
:106B3C00BEE80F000FC7BEE80F00DEF800E00FC77D
:106B4C0021462846C7F800E0FFF772FC864600286D
:106B5C00E3D000686F46DEF80410DEF80820DEF89B
:106B6C000C3095F800C00FC70CF0080CDEF81000C4
:106B7C00DEF81410DEF818200CF0FF09DEF81C30DB
:106B8C000FC7BCF1000F00F096804246314640F62C
:106B9C00012308A8FFF714FE0028BED00E9A002689
:106BAC00BDF824300121AA612846AB809DF8232032
:106BBC000B9BEA70EB608DF820608DF82260FFF77C
:106BCC0037FC0028A9D01AAB9DF80B2053F85B7D3D
:106BDC00C272D3F804E0C0F80D709F68C0F811E0E1
:106BEC00C0F81570D3F80CE01F8A9B7CC0F819E034
:106BFC00A0F81D70C377002C3BD0AF68A31E3246A3
:106C0C00BE7907F128007969B340194401F0B6FC4C
:106C1C00002882D006466F4656F8200F7168B2687D
:106C2C00F3680FC730697169B269F3690FC7214600
:106C3C00A86801F00FFA00283FF46FAFA968012291
:106C4C002B6A8C7901F12800023B4969A340194455
:106C5C0001F094FC074600283FF45FAF6C460FCC64
:106C6C0038627962BA62FB620FCC38637963BA63BB
:106C7C00FB6300210222082311A819918DF84620EC
:106C8C008DF8443000F0CEFE00283FF446AFAC68DF
:106C9C0004F1280001F0A2FC00283FF43EAF04F5FB
:106CAC000E7001F09BFC00283FF437AF206803689E
:106CBC001B6A984732E74B464246314608A8FFF715
:106CCC0017FD00283FF429AF109C67E70378DA061C
:106CDC001AD5436910B5044633B18378002223F0EA
:106CEC00200302614261837001212046FFF7DAFE26
:106CFC0060B103786BB1E52BF6D02E2BF4D0C37AB0
:106D0C001B07F1D4002010BD002070476378002BC6
:106D1C00F8D1A3780822204643F002032270A37016
:106D2C00BDE8104000F07EBE2DE9F041037804462A
:106D3C000769B3B10D464169A9422CD045B9837896
:106D4C00056123F0200365610120A370BDE8F0818B
:106D5C0018070AD49A060BD5A3685B89B5EB431FB9
:106D6C0030D927610020BDE8F081E2699542F8D85E
:106D7C00D4F808E06E1EA2789EF8060012F0400FC0
:106D8C0000F10900C0B226FA00F607D0216A1346BA
:106D9C000E442661D5E70120BDE8F0814A1E22FA97
:106DAC0000F0864210D379B1361A04F1100806E0CF
:106DBC002169013EA06801F073F80028D1DD42463C
:106DCC00002EF5D1A378BCE75B064CBFDEF8203073
:106DDC00236A2361E9E700BF2DE9F0410D46904697
:106DEC000021242204461F469DF8186008F090F8F4
:106DFC00A86808F00F03296A00F13802A060E1606E
:106E0C0002EB4312A4F80480D17A0D0711D401F0DF
:106E1C0017012170D37A13F0180F02D141F0080139
:106E2C00217007F00303E670012B08D0022B2AD047
:106E3C0023B3002323701846A370BDE8F08102230E
:106E4C00A370217811F0110FF3D159B207F48065BA
:106E5C0007F008030B43DBB2A370B2F814E0518BBC
:106E6C00466B41EA0E41A66185B1D1B963F07F034F
:106E7C00A3707B040ED40120BDE8F08117F480656B
:106E8C00D7D10121E4E70323A370DAE72162D369A8
:106E9C00E361EEE7E1692046FFF746FF0028EAD1FF
:106EAC00C7E701F0D7F80028C3D0A378DEE700BF0E
:106EBC0003781BB90B7813F0700F01D100207047C9
:106ECC002DE9F0434D6983B015F01F0632D1904681
:106EDC000C460746B14611E0A3F1E502B2FA82F284
:106EEC005209A2B990F80BE00EF0080101F0FF0C6A
:106EFC0079B1BEF10F0F21D01646656900212046ED
:106F0C00FFF7D0FDB0B10378A3B12E2BE4D100264E
:106F1C00F3E7D6B1421E0A304FEACC1312F8011F28
:106F2C0043EA5C0C904251FA8CFC5FFA8CFCF3D176
:106F3C00CC450AD0002003B0BDE8F0835A06DCD55E
:106F4C0003F01F0690F80D90D7E700964346C5F363
:106F5C004F1221463846FFF73FFFECE703780BB1A1
:106F6C00FFF776BA012070472DE9F04F90F800E05A
:106F7C0081B01EF0080F9DF828909DF82CA09DF86C
:106F8C0030B09DF8348004D0A2F2BC7294B27F2C45
:106F9C0003D9002001B0BDE8F08F5A1E0B2AF8D897
:106FAC0009F1FF321E2AF4D8BBF13B0F98BFBAF19E
:106FBC00170FEED8B8F13B0FEBD806461D460F461F
:106FCC00FFF746FA0028E4D001213046FFF730FAEB
:106FDC000028DED04FEA6801FB0749EA451541EA73
:106FEC004B1B45EA44244BEACA2AA4B21FFA8AFA7C
:106FFC0000D54482B90709D518F001080482A0F81D
:10700C000EA018BF4FF0640880F80D807A0702D5E7
:10701C000483A0F816A0B46804F1280001F0DEFA8D
:10702C000028B6D004F50E7001F0D8FA0028B0D0C4
:10703C00206803681B6A01B0BDE8F04F184700BF19
:10704C0083789B071AD5036AB3B1016910B504465E
:10705C0082B0F1B9019301621946A06800F0FAFF01
:10706C00A8B1A378616963F07F032278E161A37012
:10707C00EAB9012002B010BD012070470020704712
:10708C006FF070422169A06800F0D4FF58B900205D
:10709C00F0E7002302AA806842F8043D00F000FFEC
:1070AC000028F4DBECD1019B002BDAD0D4E720468E
:1070BC00FFF7CEF9DEE700BF2DE9F84F83780546E0
:1070CC009C076DD590461A070F4664D46A69D34362
:1070DC00984565D8B8F1000F00F0D08046464FF0C7
:1070EC00000A4FF0FF393CE0BBF1000F40D1296999
:1070FC0000297ED0AB785B0640F19B80EB69934214
:10710C0040F297804B1C01392B6190F806E04369E3
:10711C0001FA0EF123441944B6F5007F47D2B6F5B7
:10712C00007F344628BF4FF40074EB69934202D9B8
:10713C00AB789B062DD50522283001F01FFA78B3C9
:10714C005844A3442246394602F038FABBF5007F76
:10715C0000F08C806A69361B274422446A6100F077
:10716C008D80A868C2F3080B447914EA5224BBD072
:10717C002B6990F806E0991E436901FA0EFEE1189E
:10718C007144BBF1000FC7D0CBF50074B44228BFDB
:10719C0034460122D0E7C169FFF7C6FD002895D11E
:1071AC006B78002043F001036B70BDE8F88FB6F5E7
:1071BC00806F31D390F804E0730A426BC4EB0E0479
:1071CC00A34228BF23468A424FEA432407D303EB4A
:1071DC00010E724503D280F828A0C0F83490C06A22
:1071EC003A46D0F800E0DEF828B0D8470028B1D1F4
:1071FC00D6E7296A61B32961023982794369B6F508
:10720C00007F01FA02F11944D1D2CBF500746A69FE
:10721C00B44228BF344688E7436B8B4221D0C06A06
:10722C003A4603685B6A98470028B9D04FF400745B
:10723C0090E705F1100200F033FE0028B0DB04D11A
:10724C002846FFF79DF80028AAD02969A868D3E73B
:10725C002846FFF795F80028A2D02969A86829626A
:10726C00CAE780F828A0C0F83490D8E7A86828307E
:10727C0001F0B4F900287FF46DAF91E7EB6993420C
:10728C000CD30A4B1B6833B1AB78404663F07F03D9
:10729C00AB70BDE8F88F4046BDE8F88FAB78404640
:1072AC00EA6163F07F03AB70BDE8F88F70250020B6
:1072BC002DE9F04F07468DB0154606468A4699468D
:1072CC0003AC4FF0000E0FCF0FC40FCFD7F800C098
:1072DC002F68A5F80CE06F600FC4C4F800C0B9F1BA
:1072EC00000F35D04FF00108CDF80490C8EB0A011F
:1072FC0003A889B24901FFF717FD58B3002103A871
:10730C00FFF7D0FB074628B30024E2B239463046DB
:10731C00013400F01DFCAB89834628461BB96B6811
:10732C00AA6893421AD001F077F98146584601F0C9
:10733C0033FA8346484601F02FFA83450AD10D2CC7
:10734C00E3D108F10108019B5FFA88F84345CDD2DF
:10735C00012000E000200DB0BDE8F08FBBFA8BF0EF
:10736C0040090DB0BDE8F08F2DE9F04F06468DB009
:10737C001546994600910DF10C0E02F115040027EB
:10738C000FCEAEE80F000FCED6F800C005F12006E8
:10739C00AEE80F003B46CEF800C0DA0114F8011F2E
:1073AC0042EA5303B44251FA83F3DBB2F5D11F46E0
:1073BC0000262B68AE816B60B9F1000F56D049F0F6
:1073CC0040034FF00108B2460193009B03A8C8EBA1
:1073DC00030189B24901FFF7A7FC002853D0002113
:1073EC0003A8FFF75FFB00284DD0059AC145019912
:1073FC004FF00F0E92F8283014BFC4468C4600F1A3
:10740C00040B43F00103002482F8283080F80CA010
:10741C004773A0F81AA080F800C080F80BE00CE0CD
:10742C000A2C04F101040BF1020BE4B294BF2BF80B
:10743C00020CABF800000D2C12D0AB891BB96A689A
:10744C00AB689A4216D0284601F0E6F8042CE7D82F
:10745C0001342BF8030C0BF1020BE4B20D2CECD124
:10746C0008F101085FFA88F8C145AED201200DB0D1
:10747C00BDE8F08F16B930460126E7E701364FF626
:10748C00FF70F6B2E2E700200DB0BDE8F08F00BF50
:10749C008446202062460CEB00012DE9F04752F89F
:1074AC00153BDCF8085002F8010F8A42FBD11A7820
:1074BC002E2A14BF0120002003D113F8012F2E2AED
:1074CC00FBD0691E99420DD915F8012C2E2A09D032
:1074DC00AA1E02E00C782E2C04D09342114602F125
:1074EC00FF32F7D19D424FF000087DD907264FF0AF
:1074FC00080E4446C14608E0994209D10A260824E0
:10750C004FF0100E01339D4225D91A782E2AF3D054
:10751C00222A0BD07C2A09D0A2F15B07022F05D9B5
:10752C00A2F12A07052F30D82D2A2ED002F0C00246
:10753C00802A3DD0B4421ED800205F22671C0CEB81
:10754C00040AFCB28AF81620062CDBD801338CF81E
:10755C0014409D42D9D89CF81630202B41D068B3EA
:10756C0019EA080F4FF0010018BF4FF002088CF811
:10757C001580BDE8F0870A2E1CD099422CBF002341
:10758C000123BBB918464B1EBCE7A2F13A07052FE5
:10759C00CCD9A2F121075D2FC8D8B442EBD8A2F107
:1075AC006107192F16D8203A4EEA0808D2B2C5E75F
:1075BC000020A7E79CF81630202B12D09CF8143032
:1075CC0001207E21312263448CF815009975DA75FF
:1075DC00BDE8F087A2F14107192F98BF4EEA0909BF
:1075EC00ACE70020BDE8F087C146B4E72DE9F84FC1
:1075FC00884605464FF0620900240F7D01F11606FE
:10760C00DFF894B04FF07E0A032FDBF8002028BF80
:10761C00032714443B1DA4B2DBB204F00F02581E26
:10762C002409092A02F1370198BF02F1300108EB55
:10763C000302C3B291759F42EFD308EB07030021FD
:10764C00284683F816A0FFF76FFB01212846FFF7A9
:10765C0029FA0B220346A8B190F800E00146304607
:10766C00BEF1000F14D0DB7A1B07EED407F01EFC22
:10767C000028EAD109F1FF3919F0FF09C4D14846B5
:10768C00BDE8F88F6878B0FA80F04009BDE8F88F53
:10769C000120BDE8F88F00BF482600202DE9F04FEF
:1076AC000C788DB014F0700F01D004781CB1002050
:1076BC000DB0BDE8F08F14699F4E0C34557DA6FBC0
:1076CC000464C4F387040394AC0745D101274FF03D
:1076DC0000080E4615460693C246B3684446C1469A
:1076EC0005F1160B09904146304604920893CDF8EB
:1076FC001C80CDF81480FFF717FB7569002130460C
:10770C00C5F34F15FFF7CEF9002800F08D800378F4
:10771C00A3F1E502B2FA82F2520973B36ABBBC421E
:10772C0038BF00242E2B25D022BBC17A0F295AD06A
:10773C000B071FD4B9F1000F40F0DD800B22594626
:10774C0007F0B4FB0028D8D1049B5B7DD80740F12F
:10775C00E88001230593D0E7039C671CFFB2B6E7D2
:10776C000AF1FF3A5FFA8AFA534503D1437B079932
:10777C00994249D04FF00009BFE7002C08BFA8463A
:10778C00BC4201D20134E4B2002BCBD1069A134691
:10779C009A058CD503F00303013B012B87D8002CF1
:1077AC0008BFA846BC4203D348E0DCB2A74245D987
:1077BC0000213046FFF776F9631C0028F5D1737869
:1077CC00002B7FF474AFA74238D9089D05E02B79C4
:1077DC0004EB0314E4B2A74230D93046FEF7EAFDBD
:1077EC000028F4D163E7B9F1000FB9D103F01F0AF7
:1077FC00039A524581D1590602D4DDF80CA07CE7DE
:10780C00437B914692460793BAF1010F7FF475AF13
:10781C00691C4B46049A304689B2FFF749FD002893
:10782C0008BF4FF0000968E77378002B7FF43FAF77
:10783C00069A13469A057FF53AAFABE7059B33B131
:10784C0004993046FFF7D2FE00283FF430AF013FD9
:10785C00049A30465FFA87F908EB09054B46ADB23E
:10786C002946FFF781FD00283FF421AF690130461E
:10787C00FFF75AFA00283FF41AAF00213046FFF701
:10788C0011F9044600283FF412AF2022002107F022
:10789C003FFB049F294A3B4653F8160F596820605A
:1078AC00616019899B7A2181A3727B7D176803F033
:1078BC0018032373002F38D00DF12B020DF12E017C
:1078CC000BA8B847BDF82C10BDF82E209DF82B3016
:1078DC002182E2816373089A92F8283043F0010305
:1078EC0082F82830CDF800902A46069B314609983C
:1078FC00FFF772FADCE6BAF1010F7FF4D8AE441E42
:10790C0013460A30D90114F8012F41EA5303A0425F
:10791C0052FA83F3DBB2F5D11A46079B93427FF4FC
:10792C00C6AE069B1905DDD5C1E645F2216323825F
:10793C0023836382CFE700BF4FECC44E7025002039
:10794C002DE9F0411F460B7882B00846202B1446D7
:10795C0003D110F8013F202BFBD0206005782F2D90
:10796C0018BF002D0CBF012500253ED0A8462C4E7B
:10797C0023E07F2A08F1010814D8D1B2A1F1220327
:10798C001F29DBB28CBF4FF0000E4FF0010E1D2BE8
:10799C001FD901239E4524D201F0BF013C2920D0E0
:1079AC005C2A1ED02E2A04D0202A02D0C4F81080C3
:1079BC00A0600378CBB12F2B17D001AA011D00F0CA
:1079CC00A5FE70B1019AB2F5803FD2D308F102083E
:1079DC00E8E726FA03F303F0010383F001039E4565
:1079EC00DAD3284602B0BDE8F0812369013BFE2BB7
:1079FC0011D80378202B03D110F8013F202BFBD09A
:107A0C002F2BF9D038602046FFF742FD054628465B
:107A1C0002B0BDE8F0810025284602B0BDE8F08137
:107A2C00012100312DE9F04182788AB000239207C0
:107A3C008DF804308DF805308DF8063020D5016AAC
:107A4C00054611BB01212846FEF7F2FCC0B1411ED0
:107A5C0000F10A070024E20111F8016F42EA540315
:107A6C008F4256FA83F3DCB2F5D1E5270023077079
:107A7C00AE682B7006F12800AB7000F0AFFD50B96A
:107A8C00002630460AB0BDE8F081806800F0E2FACA
:107A9C000028D7D1F4E706F50E7000F09FFD002802
:107AAC00EED0306803681B6A984706460028E7D07A
:107ABC00EB78002BE5D0294601A8FEF7EFFE002855
:107ACC00DED0EB78002BDBD04FF0010820E001A8D2
:107ADC00FEF7E8FF08F101010028D1D0C37A0F2B83
:107AEC00CED1027802F01F0398455FFA81F8C7D116
:107AFC00437BA342C4D10770A96891F8283043F0A6
:107B0C00010381F8283053060ED4EB784345B7D3E4
:107B1C00A98801A8C8EB010189B24901FFF704F952
:107B2C0000210028D3D1ABE7AC6804F1280000F0A9
:107B3C0055FD0028A4D004F50E7000F04FFD002870
:107B4C009ED0206803681B6A9847002898D098E755
:107B5C00042A0BD90A2A05D90C2A0CD801EB4202AB
:107B6C00D088704701EB42029088704701EB4202CB
:107B7C00B2F8010070470020704700BFF0B50378E1
:107B8C0083B00D465BB113F060040DD0012A06D909
:107B9C002F22002301200A704B7003B0F0BD00238C
:107BAC0018462B7003B0F0BD21460192FEF740FC45
:107BBC000028F4D0214603464FF0080C2646019AC3
:107BCC000FE0077B1CEA070F01D02034E4B2771CCE
:107BDC00B646BA42E3D9FEB205F80E4001310C2983
:107BEC000AD008291C780BD0A4F141070133192FB6
:107BFC00E7D9202CF2D0EAE700233046AB55D1E789
:107C0C00202CF9D04FF0100C2E24E0E72DE9F04F8A
:107C1C004FF0000B8BB0037889468DF804B08DF8CB
:107C2C0005B08DF806B0002B61D0C3780546002B4B
:107C3C0064D0014601A81746FEF730FE002856D046
:107C4C00E878002870D0013F4C464FF001084F44B3
:107C5C00A98801A8C8EB010189B24901FFF764F8B2
:107C6C00002844D0002101A8FEF71CFF064600287E
:107C7C003DD0C37A0F2B3AD1037803F01F039845FC
:107C8C0035D14FF0000A1CE000F510539BB2B3F550
:107C9C00806F2CD24FEA8B2B244BC0F309000BEADC
:107CAC000303184300F5803021463A4600F0DEFC11
:107CBC000446E0B10AF1010A4FF0000BBAF10D0FC6
:107CCC002AD05FFA8AF231462846FFF741FFBBF112
:107CDC00000FD9D100F520539BB2B3F5006F12D32E
:107CEC000028E1D1C9EB04000023237003E000233A
:107CFC00184689F800300BB0BDE8F08FFFF73EFF57
:107D0C000BB0BDE8F08FB3F5806FF0D20AF1010A29
:107D1C008346BAF10D0FD4D108F10108EB785FFA64
:107D2C0088F8434594D2DDE74C46DDE700FC0F00B4
:107D3C00FFF76CBF30B41468B4F5807F254628BFBC
:107D4C004FF4807501EB4500814207D231F8023BBC
:107D5C0013B95368013353608842F7D8641B14601D
:107D6C0030BC704730B41468802C254628BF802561
:107D7C0001EB8500814207D251F8043B13B95368DB
:107D8C00013353608842F7D8641B146030BC7047D1
:107D9C002DE9F843C37905460C461646202B06D030
:107DAC00102B1AD00C2B2FD00020BDE8F883037AAF
:107DBC0000F50E70A969022B01EBD4110CBF032244
:107DCC00012200F0DBFB03460028EDD0A4000120CB
:107DDC0004F4FE741E51BDE8F883027AC1F3072146
:107DEC00836900F50E70022A19440CBF032201228C
:107DFC0000F0C4FB03460028D6D06400012004F434
:107E0C00FF741E53BDE8F883C1F34E03027A8169F7
:107E1C0000F50E7813FA84F3022A40469FB20CBF89
:107E2C000322012201EB5729494600F0A7FB002849
:107E3C00BAD014F00104C7F3080310D0C25C591C6B
:107E4C0002F00F02B1F5007F42EA0612C2540BD0C9
:107E5C00C6F30716084406700120BDE8F8835A1CC7
:107E6C00C654B2F5007F15D12B7A09F101014046B9
:107E7C00022B0CBF0322012200F080FB002893D0C0
:107E8C00360954B9035DC6F30316204423F00F03DF
:107E9C001E43E0E736091446F4E7F6B2DBE700BF11
:107EAC00012972D92DE9F843C369994269D8C3797C
:107EBC00174605460C46202B31D0102B41D00C2BED
:107ECC005FD1C1F34E06037A816900F50E7816FA7C
:107EDC0084F6022B4046B6B20CBF0222002201EB04
:107EEC005629494600F04AFB00284AD0C6F308063A
:107EFC00731C865DB3F5007F36D0C35CE20746EA9F
:107F0C0003234CBF1B11C3F30B03EA69934203D841
:107F1C003B600120BDE8F8830020BDE8F883037ABC
:107F2C0000F50E70A969022B01EBD4110CBF0222D3
:107F3C00002200F023FB20B3A40004F4FE740359C8
:107F4C00E3E7027AC1F30721836900F50E70022A78
:107F5C0019440CBF0222002200F010FB88B164000F
:107F6C0004F4FF74035BD0E72B7A09F1010140465E
:107F7C00022B0CBF0222002200F000FB08B10023F0
:107F8C00BBE74FF0FF30BDE8F8834FF0FF30704790
:107F9C002DE9F041C46882B005460F468C429046EC
:107FAC0027D20C4600260134EB6901AA28469C42D4
:107FBC00214608D9C6B9EC68012601AA2846013425
:107FCC009C422146F6D8A7420ED0FFF769FF002845
:107FDC000ADBE8D0019B002BE5D106B1EC60012C4B
:107FEC0002D9EB699C4206D90026304602B0BDE8A6
:107FFC00F0810126D7E76FF0704221462846FFF743
:10800C00C7FE06460028EFD05FB1012FECD9EB6913
:10801C009F42E9D8394622462846FFF7B9FE002888
:10802C00E2D06B6A002B01DB013B6B62C8F80040AD
:10803C00DBE700BF01290BD910B4C469A14203D8F6
:10804C005DF8044BFFF7A4BE00205DF8044B7047AD
:10805C000020704770B5054682B00C460FE0FFF764
:10806C0097FE621EE0B16B6A002B03F10103A8BFFF
:10807C006B62EB689C42019C38BFEA608EB1214672
:10808C0001AA2846FFF70CFF012C0646C0F3C013CB
:10809C002146284604D91A4613B9EB699C42DED90D
:1080AC00002002B070BD00BF436A002B01DB1846F4
:1080BC007047F0B5C17985B005460C2924D0C36949
:1080CC00002490F838025A1C0394C3072C690292BE
:1080DC0036D400204FF0FF33202905F5127285F8B5
:1080EC003802C5F8443233D0286802AF1B4E234601
:1080FC000468A9698DE8C000A469A047C8B1039BB6
:10810C006B62184605B0F0BDC7690137022F23D941
:10811C000224002605E002D0029B03B90136A742D7
:10812C000CD0214602AA28460134FFF7B9FE0028DC
:10813C00F1DA4FF0FF33184605B0F0BD3346E0E7F7
:10814C0005F50E7000F04AFA0028F2D0E979C0E784
:10815C00286802AF024ECAE70023D2E7F55D0000A3
:10816C00255E0000F8B5044600234FF0FF300126D1
:10817C0021601546E162C4F83C12E660E37184F8B4
:10818C00283084F838326063C4F84402DAB1042A27
:10819C0001D90020F8BD04F128061A4619463046CC
:1081AC0000F0ECF96FF0704300F5DF712B441B010C
:1081BC00CA180028EDD010790028EAD0CB5C5B06F9
:1081CC00E7D1956801E004F12806304600222946E3
:1081DC0000F0D4F90028DCD0B0F80B30B3F5007FF8
:1081EC00D7D1037C5A1E2372012AD2D8467B002396
:1081FC00721E012E2671A371627149D001210A46AB
:10820C0000E0194652004B1CD2B2DBB2964203D0AE
:10821C00092BF6D1A171BCE7A171C68A26610EB9F2
:10822C00466A2661C789B0F8113007EB050E6381E9
:10823C005B01C4F818E0077C03F2FF13B0F81320BD
:10824C0006FB07E707EB53232762636102B9026A57
:10825C00ED1A4FF0FF3340F6F4771544636225FABC
:10826C0001F35A1CBB42E26106D80C23E37126636E
:10827C000120C4F84062F8BD4FF6F472934202D864
:10828C001023E371F3E7C26A20232262E371EEE765
:10829C001946C2E7F8B5002506460F4685638C6B78
:1082AC00C5638CB10146242000F0BAF80570457006
:1082BC0004468570B063BD6B0FCD0FC40FCD0FC4DA
:1082CC002B6823603046F8BDCB6B002BFAD00146EF
:1082DC00382000F0A5F880F8314080F83240024692
:1082EC0080F83340F063FB6B03F130011F681033EF
:1082FC0053F80C5C103253F8084C53F8040C8B42B6
:10830C0042F8107C42F80C5C42F8084C42F8040C21
:10831C00ECD11B681360D5E710B50446806B28B10F
:10832C00FEF7E0F810B10023A36310BDE06B28B199
:10833C00FCF728FB10B10023E36310BD002010BD37
:10834C00C9B32DE9F0410C46054698461746FFF790
:10835C00E3FFD4F88064AEB100262946242000F057
:10836C005FF8434606703A4646708670A863D4F8A8
:10837C008014FEF78BFA10B10120BDE8F081A863E0
:10838C00BDE8F081D4F88434BBB12946382000F024
:10839C0047F8434680F831603A4680F8326080F8FE
:1083AC003360E863D4F88414FCF744FF0028E3D16D
:1083BC00E863BDE8F081002070470020BDE8F08143
:1083CC00F8B50D4617460446FFF7A6FFAE6B8EB107
:1083DC002146242000F024F800213A460170417017
:1083EC008170A063A96BFEF763FD08B10120F8BD95
:1083FC00A063F8BDE86B88B12146382000F010F876
:10840C003A4680F8316080F8326080F83360E0637F
:10841C00E96BFCF717FF0028E8D1E063F8BD00BF5B
:10842C00084670472DE9F041044600261F464FF4DC
:10843C009060C4F888142146C4F880649046FFF715
:10844C00EFFF3A4680F84464054680F8796480F87A
:10845C007A6480F87B64C4F88404D4F88814FDF73B
:10846C00DFFE08BB0026214640F26C40C4F8846451
:10847C00FFF7D6FF0223C6713A4680F848640546DA
:10848C0080F8496480F84A640372C4F88004D4F814
:10849C008814FFF767FEF0B90023194A1846C4F890
:1084AC0080341360BDE8F08105F589663046FCF731
:1084BC0069FA29463046FCF793FA0028D2D0114BC2
:1084CC001A68BAB10E4BB8F1000F15D11A689AB1EF
:1084DC000120BDE8F08105F589663046FEF702F80B
:1084EC0029463046FEF7F6F90028D5D0064B1A6817
:1084FC00002AE7D11D60E5E71C600120BDE8F08192
:10850C00AC25002078250020B0250020F8B50025EA
:10851C004FF47A77064E04468760057105738564BF
:10852C00C56440F8106BFFF70BFF2046F8BD00BF89
:10853C00A00B002070B50446406804F110060368D7
:10854C00E16832465B6A984740B1237805469A0742
:10855C0007D423F001032846237070BD002528465C
:10856C0070BD60683246A168E668036831445B6A96
:10857C0098470028F2D02378EBE700BFF8B54368A2
:10858C00FBB1C368044615460F468B420ED00378E8
:10859C00DA0712D46B0716D504F11006002205F089
:1085AC0003053046E76015432570F8BD10F9102B14
:1085BC0005F0030515432570F8BDFFF7BBFF002838
:1085CC00E8D10020F8BD606804F110063946036854
:1085DC0032461B6998470028E0D1F2E70378DB07A5
:1085EC0001D401207047FFF7A5BF00BF10B4034BA7
:1085FC00002414705DF8044B1B6818477425002088
:10860C00024A0349034B1160186070477025002023
:10861C00AD660000742500208389B3B94268816877
:10862C008A4201D31846704710B582B004461046F2
:10863C0001AA00F06BF860B1019A6060B2F5803F5E
:10864C000AD293B2184602B010BD0022828118469D
:10865C0070474FF6FF73F5E7930AC2F30902A3F5CF
:10866C002153A2F510529BB2A281EBE77F28A2EB1B
:10867C00010230B405D8002A44D00870481C30BC24
:10868C007047B0F5006F0FD2012A3DD9840900F074
:10869C003F030A4664F03F0063F07F0302F8020BCD
:1086AC0010464B7030BC7047B0F5803F12D2022A96
:1086BC002AD9040BC0F3851200F03F03C81C64F0E8
:1086CC001F0462F07F0263F07F030C704A708B70A2
:1086DC0030BC7047032A17D9850CC0F30534C0F39E
:1086EC00851200F03F0065F00F0564F07F0460F028
:1086FC007F0362F07F020D70081D4C708A70CB7086
:10870C0030BC70471046BAE70020B8E788423BD22D
:10871C00034630B40478200603D41460581C30BCD3
:10872C00704704F0E000C02830D004F0F000E028DE
:10873C0023D004F0F800F0281CD104F00704042026
:10874C001844814216D3591C11F8013B03F0C005A3
:10875C0003F03F03802D43EA84140BD18142F3D103
:10876C00A4F180010B4B994204D8A4F55843B3F5FE
:10877C00006F06D2002030BC704704F00F040320B9
:10878C00DEE7146030BC70470020704704F01F0413
:10879C000220D5E77FFF10007E2808D8A0F16103E6
:1087AC00192B8CBF00232023C01A80B2704730B421
:1087BC0000233524234D04E035F82120824234D89F
:1087CC000B46E21A012A03EB5201F5D89BB21D4964
:1087DC0035F82320904218D24B2400231A4D04E084
:1087EC0035F82120824222D80B46E21A012A03EBEB
:1087FC005201F5D89BB2144A35F82310814202D1AC
:10880C0002EB8303588830BC704701EB8303821A58
:10881C00D9788A42E0DA93F90230012B0CD043B1BB
:10882C009BB2184430BC80B270470C46C9E70C466A
:10883C00DBE74EF2A033F4E702F00102801A80B2BB
:10884C00E1E700BFB0080020840200202DE9F843C6
:10885C00DDF82080099FB3B116460C46054603EBA4
:10886C00010904E020460134C0474C450BD02B686D
:10887C003246214628461B6998473A46314600281D
:10888C00F0D1BDE8F8830120BDE8F8832DE9F84369
:10889C00DDF82080AAB11F460C46054602EB010903
:1088AC0001E04C450DD02B68414620465E6AB84726
:1088BC002146024628460134B0470028F1D1BDE8D4
:1088CC00F8830120BDE8F883002070470020704732
:1088DC00002070474FF0FF30704700BF704700BF5B
:1088EC0030B583B005460C4600F02EFF1C4B984269
:1088FC0004D800232B80238003B030BD694600F0E0
:10890C0071FC9DF805309DF8062001339DF804108C
:10891C00503ADBB292B20C2B98BF1F291CD87F2A7D
:10892C001AD841EA431343EA422292B29DF802005C
:10893C009DF801102A80172898BF3B299DF800301C
:10894C000CD83B2B0AD8490141EAC02141EA530318
:10895C009BB2238003B030BD0022E7E70023F8E789
:10896C00FFA5CE12012BF0B5054695B03BD0022BDE
:10897C0001F1040140F20223684618BF0023FFF7FF
:10898C00C5FD129B002B37D05C2004AF00F0B0FE6D
:10899C009DF8042004461F4B0026DFF888E0227364
:1089AC003946029A1830A3609DF80C302261237569
:1089BC00C4F800E06660FFF76DFC63684FF47A71F1
:1089CC0015480133154AA6652E712E732C61A060D3
:1089DC006360A9602A60124B38460093FFF79CFC39
:1089EC00284615B0F0BD44F2022304316846FFF767
:1089FC008DFD129B002BC7D1139B002BC4D14FF4C0
:108A0C007A71064A2B7104AF2B732B61A9602A6013
:108A1C00E1E700BF200C0020A00B0020740B00200D
:108A2C00080A0020C40B002070B5D0F884448EB026
:108A3C001646C4B1002504F589640A4668462146E9
:108A4C002B468DF800508DF801508DF80250FDF733
:108A5C00B7FE08B90EB070BD324621466846FEF727
:108A6C0043F80EB070BDD0F888040028F2D000F5A1
:108A7C0089650A462346684629468DF831408DF8AB
:108A8C0032408DF83340FCF757FB0028E2D03246D9
:108A9C0029466846FCF78AFE0EB070BD30B5D0F89A
:108AAC0084448FB0A4B100250A46684621460123B0
:108ABC008DF800508DF801508DF80250FDF7E6FE50
:108ACC0008B90FB030BD6846FEF7ACFF0FB030BD33
:108ADC00D0F888040028F4D00A46012301466846E1
:108AEC008DF831408DF832408DF83340FCF7A2FB05
:108AFC000028E6D06846FCF707FC0FB030BD00BF7D
:108B0C0030B5D0F884448FB0A4B100250A4668462D
:108B1C0021462B468DF800508DF801508DF80250EF
:108B2C00FDF7B4FE08B90FB030BD6846FEF7CEF8BD
:108B3C000FB030BDD0F888040028F4D00A46234684
:108B4C00014668468DF831408DF832408DF833403F
:108B5C00FCF770FB0028E6D06846FCF735FC0FB03C
:108B6C0030BD00BF30B5D0F884448FB07CB1002547
:108B7C000A46012304F5896168468DF800508DF88A
:108B8C0001508DF80250FDF7B3FD0FB030BDD0F899
:108B9C0088040028F9D00A46012300F5896168464B
:108BAC008DF831408DF832408DF83340FCF792FD52
:108BBC000FB030BD30B5D0F884448FB074B10025FF
:108BCC000A46684621462B468DF800508DF8015018
:108BDC008DF80250FDF75AFE0FB030BDD0F8880466
:108BEC000028F9D00A462346014668468DF83140E4
:108BFC008DF832408DF83340FCF71CFB0FB030BDC4
:108C0C00F8B590F8D034002B46D0D0F88424044624
:108C1C00002A46D0D369D0F890045F1E00283ED0BD
:108C2C000368DB6B984730B1D4F8900430B3036819
:108C3C001B6C9847A0B1D4F884240026002A4AD093
:108C4C001046FFF731FA05463EB1D4F89004A8B1AE
:108C5C00036800215B6C984780B1D4F8842410E041
:108C6C00D4F8900450B1036801215B6C984728B18B
:108C7C00D4F884240126002AE2D12CE00025D4F873
:108C8C0084247B1BF2B190794FF4007202FA00F04D
:108C9C0080B2A0FB0301F8BD00200021F8BD064600
:108CAC00CEE7D0F88834F3B1D3F83074D4F890040C
:108CBC000028B5D11946A3B106460846FDF778FA47
:108CCC000546C1E7D4F88824002AE5D0D2F83C0444
:108CDC00A3FB0001F8BDD4F888140029EDD115468A
:108CEC00B2E71D46CDE71F46E0E700BF90F8D03451
:108CFC0063B1D0F8842462B191794FF40073D069D8
:108D0C008B4001389BB2A3FB00017047002000216F
:108D1C007047D0F88824002AF8D0D2F83034D2F832
:108D2C003C04A3FB000170472DE9F041D0F89054AE
:108D3C0092B04DB11F462B6804462846DB69984714
:108D4C00B0F5405F064603D8002012B0BDE8F081B4
:108D5C004FF4007005F0E2FD80460028F4D0B6F127
:108D6C00806F07AE02463B462946304644D803F096
:108D7C0083FE0746404605F0D9FD002FE4D02B6852
:108D8C0028461B6A984794F8C054FF2D38D094F8A5
:108D9C00C18401AAD4F8C4C404ABD4F8C8E404F563
:108DAC0094678DF804508DF80580CDF808C0CDF887
:108DBC000CE007CA83E807008DF81180CDF814C0C9
:108DCC00CDF818E08DF8105093E8070086E80700FE
:108DDC00384696E80E0004F0B1FB94F8B134C4F8B0
:108DEC0090742BB901233946201D1A46FFF71AFB44
:108DFC00012012B0BDE8F08103F024F90746B9E771
:108E0C0004F2944384F8C05494F8CC141D461846CC
:108E1C0005F0ECF8C4F89054284604F067FC0028E0
:108E2C00E6D10123D4F89014201D1A46FFF7FAFA64
:108E3C00DEE700BF2DE9F041D0F890648AB004461B
:108E4C00002E48D090F8D034002B4AD190F8D13471
:108E5C00FE2B5AD090F8D204362835D994F8C06439
:108E6C00FF2E71D094F8C18403ADD4F8C4C406AB02
:108E7C00D4F8C8E404F594678DF800608DF801808F
:108E8C00CDF804C0CDF808E09DE8070085E80700A0
:108E9C008DF80D80CDF810C0CDF814E08DF80C6075
:108EAC0095E8070083E8070038460ECB04F046FB34
:108EBC0094F8B134C4F890746BB901233946201D71
:108ECC001A46FFF7AFFA07E000F02AFB003018BF94
:108EDC0001200028C2D1002084F8D0040AB0BDE8DB
:108EEC00F08190F8D134FE2B16D094F8D2043628A9
:108EFC0005D800F015FB003018BF0120ECE73368F3
:108F0C00304606A99B6C9847E6E71B4B9868C0F364
:108F1C0040400028DFD0A1E7336830465B6D9847AE
:108F2C00431C0546E1D048B994F8D134FE2BD2D17C
:108F3C002E20032100F0FAFA2846CDE7012084F810
:108F4C00D0040AB0BDE8F08104F2944594F8CC1436
:108F5C0084F8C064284605F049F8C4F890542846B3
:108F6C0004F0C4FB0028B6D10123D4F89014201DC2
:108F7C001A46FFF757FAAFE7008000422DE9F0419F
:108F8C000E4604468AB03C48FFF73AFBFE2E84F8A6
:108F9C00D16439D0362E03D900200AB0BDE8F08157
:108FAC000025DFF8D8E001AA8DF804608DF8055093
:108FBC0004AF039507ABCDF808E004F5946884F88A
:108FCC00C06484F8C154C4F8C854C4F8C4E407CAD3
:108FDC0087E807008DF81150CDF814E006958DF850
:108FEC00106097E8070083E8070040460ECB04F0BA
:108FFC00A5FA94F8B134C4F890842BB3284684F8BD
:10900C00D0040AB0BDE8F081002304F29445FF229D
:10901C00194684F8CC3484F8C024284604F0E6FFC2
:10902C00C4F89054284604F061FBA0B12E2300250F
:10903C000321184684F8D05484F8D23400F076FA20
:10904C0028460AB0BDE8F08101234146201D1A468E
:10905C00FFF7E8F9D3E70123D4F89014201D1A4642
:10906C00FFF7E0F90028E1D001222E2384F8D02468
:10907C0084F8D23491E700BFA169000040787D01EB
:10908C00F0B4184B0024184EFF2507211748292748
:10909C00174AC3F89464174E18601846C3F8A824EE
:1090AC00C3F8AC1483F8B174C3F8A064C3F8844457
:1090BC00C3F88844C3F8904483F89C4483F89D44D7
:1090CC0083F8B54483F8BC4483F8CC4483F8D0448B
:1090DC0083F8D15483F8D254074A0849F0BC02F003
:1090EC0001B900BF64200020740C0020440C002047
:1090FC0000093D00DC0A0020D01600209D6900000C
:10910C00F8B50E4671B17AB10746144600253B6896
:10911C00384616F8011B1B689847013C0544F6D1EC
:10912C002846F8BD0846F8BD1046F8BD10B5064CEB
:10913C0082B003680222248801A95B68ADF8044060
:10914C00984702B010BD00BF80020020F0B5064663
:10915C008BB0002A33D0012A08BF0A2251B3212533
:10916C0000E0FDB26F1EB1FBF2F402FB1411C8B2A9
:10917C00092900F1370100F1300088BFC8B221463F
:10918C000AAC98BFC0B22C4404F8240C0029E8D1D6
:10919C0033B1013D0AAB2D22EDB22B4403F8242C44
:1091AC00336801A9C5F12202304629445B6898470F
:1091BC000BB0F0BD302221258DF82520E8E703689F
:1091CC00C9B21B6898470BB0F0BD00BF002903DB88
:1091DC0000230A22FFF7BABF49422D230A22FFF7C8
:1091EC00B5BF00BF5E4A5F4BA2FB002C5E4A2DE967
:1091FC00F04F4FEA1C4CA3FB0074A2FB00725B4EB9
:10920C0064090CF1040ED20ADFF86C81A3FB047321
:10921C000025AEFB06674FF0640BA8FB02865B09CA
:10922C00C7EB0E084FF4C87A3609DFF8449107EB08
:10923C005807C3EB0313BF08A4EB830306EB4606E6
:10924C00C7EBC7074B70C4EB0414A2EBC606C7EB05
:10925C000E0EA0EB84002A468E70087081F803E095
:10926C00EFB240F26D1407F2B27389FB030E13F0E8
:10927C0003084FEAE370C0EB6E160DD1C0EBEE1095
:10928C000BFB16364FF4B7740AFB103026B90028C6
:10929C0040F26D1018BF0446224401359445DFD2CC
:1092AC0046378F71B8F1000F0CD13148DE176425A9
:1092BC0080FB0340C6EB601405FB14347CB34FF405
:1092CC00B77402E040F26D14DE172948121B6425B6
:1092DC004FF4C87480FB0370C2EB0C0C0022C6EB7D
:1092EC006017C6EBE016012005FB1737214D04FB78
:1092FC00163602E001300132C0B2012AD4B21BD0C2
:10930C00535D634504D80C28C3EB0C0CF2D1044616
:10931C000CF1010C4C7181F804C0BDE8F08FC6EB68
:10932C00E0104FF4C87540F26D1405FB10300028A6
:10933C0008BF4FF4B774C8E7B8F1000F09D167B98B
:10934C00002E14BF1C231D239C4504D3C3EB0C0C13
:10935C00D0E71C23F8E70124DAE71D23F4E700BF6C
:10936C0007452EC289888888C5B3A29125499224C5
:10937C001F85EB5184090020ABAAAAAA002857D05C
:10938C0001222DE9F04F85B083462A4C2A4D2B4EF5
:10939C00DDE9028954E8003F2868336844E800217D
:1093AC000029F7D1264FCDE902893A68D31A254A0C
:1093BC004FF47A7E019712680127A3FB02234FF426
:1093CC007A72984600238B4208BF42452CBFC24696
:1093DC00F2460EFB00AA54E8003F2A68316844E8C4
:1093EC000073002BF7D101980068411A15484FF40F
:1093FC007A7E00680EFB02F2A1FB00014FF47A703A
:10940C00CAEB020288460021994208BF40452CBF96
:10941C00434673461A44724507D3BBF1010B0AF558
:10942C007A7AD8D105B0BDE8F08F01F031FBD2E7E4
:10943C00704700BFE026002048260020442600206C
:10944C00041000E0402600202DE9F003124A01260A
:10945C00124D134C52E8003F2968206842E8006323
:10946C00002BF7D10F4A16680F4F321A4FF0000934
:10947C004FF47A783E684FF47A709945A2FB0667F0
:10948C0008BFB8453C462CBF3C46044600FB014097
:10949C00BDE8F003704700BFE026002048260020FE
:1094AC0044260020041000E04026002000010F4B51
:1094BC001A181B5810B4D0685C68044205D059B116
:1094CC00C3F884005DF8044B7047936849B9084AA7
:1094DC005DF8044B1A607047C3F888005DF8044BC4
:1094EC007047044A5DF8044B1A607047F00C00207A
:1094FC003830010038F001000001054B1A581918DA
:10950C009268CB681A4214BF01200020704700BF3C
:10951C00F00C0020362801D8FFF7C8BF704700BFF9
:10952C00362801D8FFF7E8BF0020704736281CD832
:10953C0000011A4A012902EB0003105810B415D08F
:10954C00042913D0DC68426822EA040242609A685B
:10955C00E9B102291ED003295B685DF8044B0CBFEE
:10956C000F491049116015221A607047DA680129F9
:10957C00446842EA040242609A6808D040F6380116
:10958C0011605B6815225DF8044B1A607047382136
:10959C001160F6E704491160F3E700BFF00C0020FE
:1095AC00383001003800010038F0010008B5FAF736
:1095BC0027FAF9F7C5F901F06BFAFAE7844641EAA4
:1095CC00000313F003036DD1403A41D351F8043B2F
:1095DC0040F8043B51F8043B40F8043B51F8043B81
:1095EC0040F8043B51F8043B40F8043B51F8043B71
:1095FC0040F8043B51F8043B40F8043B51F8043B61
:10960C0040F8043B51F8043B40F8043B51F8043B50
:10961C0040F8043B51F8043B40F8043B51F8043B40
:10962C0040F8043B51F8043B40F8043B51F8043B30
:10963C0040F8043B51F8043B40F8043B51F8043B20
:10964C0040F8043B51F8043B40F8043B403ABDD28F
:10965C00303211D351F8043B40F8043B51F8043B31
:10966C0040F8043B51F8043B40F8043B51F8043BF0
:10967C0040F8043B103AEDD20C3205D351F8043BC0
:10968C0040F8043B043AF9D2043208D0D2071CBF8C
:10969C0011F8013B00F8013B01D30B8803806046B5
:1096AC00704700BF082A13D38B078DD010F003032B
:1096BC008AD0C3F10403D21ADB071CBF11F8013B9B
:1096CC0000F8013B80D331F8023B20F8023B7BE7EA
:1096DC00043AD9D3013A11F8013B00F8013BF9D215
:1096EC000B7803704B7843708B78837060467047AF
:1096FC0005F014B905F01AB9F0B44E1E0025374622
:10970C0000E00135B0FBF2F302FB130000F137046B
:10971C00092800F13000E4B298BFC4B2184607F82B
:10972C00014F002BEDD14A1953704DB1013316F88E
:10973C00014F1778E81A3770834202F80149F5DBBC
:10974C000846F0BC704700BF0A4B30B4586A1C4640
:10975C00996A626AA36A994208BF904210461946F8
:10976C000CBF01250025002DF3D0D90B30BC41EAEC
:10977C004240704700400D4072B6EFF30583494DEF
:10978C006B60EFF30883484C2E4648484849494AD9
:10979C0024680068096812682961AC60E8606A6135
:1097AC009A69454CAA61DB69444FEB6100F0C8F83B
:1097BC0085ED080AFFF7C8FF0B234FF0FF326862F4
:1097CC0019462B604A40202102F00103013904FBA9
:1097DC0003F383EA5202F7D1BE4202D056F8041FBB
:1097EC00F0E730498A62BFF34F8F354B354A196029
:1097FC001A60BFF34F8FBFF36F8F334A0225334C80
:10980C00D36E334943F440533248D3662560D36951
:10981C0023F07F0343F04003D3610B6883423ED8AF
:10982C002A4A002101202C4E11604FF0FF33C2F860
:10983C0008110C46C2F800611546C2F8080107462B
:10984C00DFF8C0E0254E26482649274ACEF80030DE
:10985C00336003600B60136001E000F055F9D5F83C
:10986C000C211A4B002AF8D00134C5F80C714F2C7E
:10987C00F3D91E4A02241E484FF00041C0F8404163
:10988C005163D3F80C2132B91A491B4A0A63D3F835
:10989C000C010028FAD0194B194A1A60FEE701F0A6
:1098AC00F1F9BDE780FF272028ED00E02CED00E06A
:1098BC0034ED00E038ED00E02083B8EDA4FF272064
:1098CC0070EF00E0A0FF272000C00F4000400840D0
:1098DC00D8160020803DCD0B009F240084E100E0D1
:1098EC0088E100E08CE100E090E100E000900D40A8
:1098FC0000002E4000800F40F100AD0B0CED00E09D
:10990C000400FA0580E100E0094A08B5136820B1AB
:10991C0018440849884202D81060184608BD04F063
:10992C00CFFF0C224FF0FF330260184608BD00BF7A
:10993C003C1700200000282030BFFDE7FFF71CBFBC
:10994C0012490B68114A5B07FBD513681049C3F326
:10995C000B23104A07EE903A0B6892ED006AB8EEB2
:10996C00E77A07EE903A0C4AF8EE677A0B4BD2ED99
:10997C00006A77EE677A93ED007AB8EE477A67EE75
:10998C00867A87EEA60A37EE400A704780810D4032
:10999C0030260020382600203C26002034260020CB
:1099AC00836BF0B41BB1536843F40043536072B63D
:1099BC00446B5CB31C4B2260D3F8B0410C4215D104
:1099CC001A4E376804E03468E41BB4F5166F0BD2FA
:1099DC00D3F8404144F48044C3F84041D3F8B85123
:1099EC00D3F840416404EED50D4003D0426362B617
:1099FC00F0BC70470C4C8260C560D4F8B031194390
:109A0C00C4F8B011426362B6F0BC7047064D826078
:109A1C00C460D5F8B0311943C5F8B0110263426384
:109A2C0062B6F0BC704700BF00002E40041000E08E
:109A3C0070B50646006B90B10246002403E0126834
:109A4C000134012A0CD0536813F08003F7D0326331
:109A5C002CB1B36B05689847013C2846F9D170BD11
:109A6C0033637363F4E700BFF0B5E1B9214C2249CD
:109A7C000020224B01224FF0011580260A601A4665
:109A8C00A1604E60E060C3F8BC51D3F8B0411C4DEE
:109A9C0044F001048860C3F8B0412860D2F8B031BA
:109AAC00002BFBD1F0BD0904164B144D0126114CB3
:109ABC0041F0800100221E60596000F5805CE26478
:109ACC0000F5005EA36400F54057D5F8B01100F521
:109ADC0080462A46986041F48031C3F80CC0C3F824
:109AEC0010E05F619E61C5F8B011D2F8B031002B67
:109AFC00FBD1BCE700000020C026002000002E4057
:109B0C00F0250020A02600202DE9F04FB94C83B0A1
:109B1C00D4F8448118F0010FC4F844815ED0D4F815
:109B2C00AC31002B55D04FF0011BDFF8EC92B24E4C
:109B3C002546DA46C4F8AC31B06AF26AD4F8403142
:109B4C0043F40053C4F84031D4F840319F04F5D5A8
:109B5C00D5F8403123F40053C5F84031C5F8B4A111
:109B6C00D4F8B43113F00113FAD181B240F2816709
:109B7C00C9F80030B94200F2AD80B1F5D06F80F079
:109B8C00DE81B1F5817F00F0608100F2E8808029F0
:109B9C0000F04E81822940F0DA8092B202F07F010F
:109BAC00072900F2D48089009448954F0844016835
:109BBC0010063B707B7040F10182CA0301D5012372
:109BCC003B7002218E48FFF74FFFD4F8AC31002BCD
:109BDC00B0D1884AD2F8BC31002B49D118F0400FD3
:109BEC0018D0844BD3F8AC111A46C3F8AC11D3F887
:109BFC00BC11C3F8BC11D2F8B0417E4B002CFAD189
:109C0C004FF0FF32C3F8B421D3F8843100F032FDA9
:109C1C007C4B1C6018F0807F03D07B4B1B6803B11E
:109C2C00984718F0007F03D0784B1B6803B1984716
:109C3C0018F0040F08D06F4BD3F8843113F4007371
:109C4C0045D0734B01221A706A4BD3F84821120687
:109C5C000BD518F0800F08D06E490A782AB1013A5A
:109C6C00D2B20A70002A00F0428203B0BDE8F08F35
:109C7C006949C2F8BC310868034240F0E281614A8C
:109C8C0015681D40AAD02F0C0FD05B4E4FF0010968
:109C9C0097FAA7F4B4FA84F406EBC41009FA04F4A6
:109CAC004030FFF7C5FEA743F2D1ADB2002D95D0E1
:109CBC00514E012795FAA5F4B4FA84F406EBC410BE
:109CCC0007FA04F4FFF7B4FEA543F3D186E7504A34
:109CDC001370B9E742F22107B94234D067D8B1F515
:109CEC00086F00F01E81B1F5106F30D1C0F3074042
:109CFC004A4A4B4910704B4F4B4A0193C5F8C871F7
:109D0C00C5F8CC11C5F8D02100F0B6FC474A019B30
:109D1C0080210120B26451601060F364C5F8BCB1BD
:109D2C00D5F8B011936041F48032C5F8B0213A4AAD
:109D3C001360D4F8B031002BFBD1D4F8AC31002B2C
:109D4C007FF4F8AE45E7110C072900F03B81C4F80D
:109D5C00C0B1D4F8AC31002B7FF4ECAE39E740F253
:109D6C000237B94200F0AD80B1F5A06FEFD12F4AA8
:109D7C0080210127F364B26417605160C5F8BCB14F
:109D8C00D5F8B011936041F48033C5F8B031D4F8F4
:109D9C00B031002BFBD1030C5B0643F08073C5F88C
:109DAC005431D4F8AC31002B7FF4C4AE11E742F23D
:109DBC002123994279D042F221339942C7D11B4BCE
:109DCC00802200210120B36418605A60F164C4F849
:109DDC00BCB1D4F8B021996042F48033C4F8B031EE
:109DEC00D4F8B031002BFBD1D4F8AC31002B7FF47C
:109DFC00A1AEEEE600002E4000000020C0012E4077
:109E0C00F8250020F4250020782600207C26002050
:109E1C00992600209A260020F02500209826002064
:109E2C00C80002000200CC000200C800C0260020BE
:109E3C00B64A0221104613705370FFF715FED4F882
:109E4C00AC31002B7FF476AEC3E692B202F07F0306
:109E5C00072B3FF67CAF12F0800F4FEA8303AC4A1E
:109E6C004FF000014FF001001A44136814BF23F4A3
:109E7C00803323F0010313608022A64BF164B3649A
:109E8C0018605A60C4F8BCB1D4F8B021996042F49F
:109E9C008033C4F8B031D4F8B031002BFBD1D4F8F6
:109EAC00AC31002B7FF446AE93E692B2002A86D1F9
:109EBC00994BC0F30740994A1968994B1160187077
:109ECC007DE792B202F07F03072B3FF640AF12F012
:109EDC00800F4FEA83038E4A4FF000014FF00100D0
:109EEC001A44136814BF43F4803343F00103136026
:109EFC008022884BF164B36418605A60C4F8BCB11A
:109F0C00D4F8B021996042F48033C4F8B031D4F85D
:109F1C00B031002BFBD1D4F8AC31002B7FF40AAE5E
:109F2C0057E6804A0121794B127818461A70FFF7D0
:109F3C009BFDD4F8AC31002B7FF4FCAD49E67A4B99
:109F4C00596800293FF403AF000C1FFA82FE04E0AD
:109F5C000C33596800293FF4FAAE1F888742F7D1B9
:109F6C005F887745F4D1070A032F00F0BA801B896C
:109F7C00120C934228BF1346B0F5007F00F0A2806C
:109F8C00B0F5E06F00F08B80684F1A4601933846AD
:109F9C00FFF714FB019B27F01F021F44BFF34F8FE9
:109FAC0063490A6020329742FAD8BFF34F8FBFF350
:109FBC006F8F5E481946FFF757FD06E6CB077FF516
:109FCC0000AEFCE55B4F4FF0010EF3605A495B4B62
:109FDC003860C3F800E05960B3605949D5F8B00156
:109FEC007A6001F5805740EA0E02996001F5005E37
:109FFC0001F5405001F58041C5F8B021DF60C3F890
:10A00C0010E058619961D4F8B031002BFBD1414A72
:10A01C00012048F28001F36410604FF48030B26488
:10A02C005160C5F8BCB1D5F8B011936041EA00039A
:10A03C00C5F8B031C9F80000D4F8B031002BFBD111
:10A04C00C3E53C4842F22104002605880E60A54277
:10A05C0040687FF414AE81B200297FF410AE384909
:10A06C00384C03C90D0C86282060A180A5717FF4A3
:10A07C0006AE72B63448017841F004010170D2F892
:10A08C004811080606D441F080018020C2F8440132
:10A09C00C2F8481162B62D4A50211170EFE52C48D8
:10A0AC001A46224F90F800E02A492B480193BEF142
:10A0BC00000F08BF01463846FFF780FA0722019BC4
:10A0CC007A7068E722481A46234907782148019399
:10A0DC00002F08BF01461548FFF770FA134F019B7C
:10A0EC0059E7120C0B78934228BF134648E71649E0
:10A0FC000A7802F0FB020A702AB9D3F8482122F040
:10A10C008002C3F8482105F0C7F900BFF8250020EC
:10A11C00C0012E40C026002048260020FC2600202E
:10A12C0097260020982600203C12002000002020BA
:10A13C0070EF00E04020002080000700A0260020E7
:10A14C00E8250020F4260020932600209A260020E3
:10A15C0099260020A81E0060F41E0060002AA0F1C1
:10A16C0002022DE9F04714BF00274FF00057022AD6
:10A17C0001D9BDE8F0874FEAC019DFF840A00D46C1
:10A18C0004460AEB0906002140229846304604F0AA
:10A19C00BFFE012047EA05414AF80910C6F838808D
:10A1AC00B060B8F1000FE4D0034BA0401C68204312
:10A1BC001860BDE8F08700BFF425002000000020E7
:10A1CC00002AA0F102022DE9F04714BF00274FF03E
:10A1DC000057022A01D9BDE8F0874022C501DFF8FB
:10A1EC00449088461544002104461E4609EB050A96
:10A1FC00504604F08DFE012247EA084149F805104B
:10A20C00CAF83860CAF80820002EE4D004F1100017
:10A21C00034B8240186802431A60BDE8F08700BF08
:10A22C00F42500200000002012048160C36142F07C
:10A23C008002F0B44260012701F5805601F500550B
:10A24C0001F5405401F580420760C6600561446128
:10A25C008261F0BC704700BF831E022B00D970478F
:10A26C00064B0A4630B400F11004012503EBC01074
:10A27C0005FA04F1403030BCFFF792BB000000201F
:10A28C00831E022B00D9704710B4054B01240A46DB
:10A29C0004FA00F103EBC0105DF8044BFFF780BB30
:10A2AC000000002040687047124A134BD2F820027D
:10A2BC0020F07F40984210B584B002D800EB8000AB
:10A2CC0040000E4C01A90A22FFF716FA01A900233F
:10A2DC00204611F8012B01333AB10A2B20F8022F3A
:10A2EC00F7D11623237004B010BD5B00DBB22370D2
:10A2FC0004B010BD00441F407F9698006C1B0020DA
:10A30C0000F0E0BA00F0B2BA00F016BB00F0D0BA20
:10A31C0000F06CBB00F042BB0846114600F032BBAB
:10A32C00084600F019BB00BFF8B514494FF40037CC
:10A33C00134D034601EB4024124E134A05EB401516
:10A34C002146176028463288FFF76EFF318824F0CB
:10A35C001F032144BFF34F8F0C4A136020339942E3
:10A36C00FBD8BFF34F8FBFF36F8F03202946FFF746
:10A37C0087FF074B4FF400321A60F8BD60002020B5
:10A38C00C01E0020802600208CE100E05CEF00E085
:10A39C000CE100E0244A43682DE9F041C3F30E437D
:10A3AC001488C569E41A002C38DD2049204A0B7842
:10A3BC001278DBB21F48204E934207D010F803806E
:10A3CC0036F81870C7F50072944212D90133002286
:10A3DC001A4F082B26F8154027F81520184E94BF55
:10A3EC00DAB213460A703268C55414443460BDE8BE
:10A3FC00F081144B07EB48202246274403EB452100
:10A40C001844FFF7DBF80E4A284626F81870136834
:10A41C001C441460BDE8F041FFF786BF2846BDE838
:10A42C00F041FFF781BF00BF80260020912600205D
:10A43C00922600202426002004260020142600202A
:10A44C0000260020600020201E4B1A785AB902F01A
:10A45C00FF031D4A127832B12DE9F0411B4D2A88B9
:10A46C0012B9BDE8F0817047194EC2F50068194F5A
:10A47C0031784246184C07EB411704EBC12438469F
:10A48C002146FFF7D1FE08EB040224F01F01BFF3B5
:10A49C004F8F124B196020318A42FBD8BFF34F8F7C
:10A4AC00BFF36F8F04203946FFF7D6FE3378084A86
:10A4BC000133DBB2032B88BF0023137000232B80E6
:10A4CC00BDE8F081962600209826002082260020E8
:10A4DC0095260020C01F00206010202070EF00E0A7
:10A4EC002DE9F04F85B002900091002900F0AB806F
:10A4FC000023564DDFF87481DFF860A1544FDFF86C
:10A50C0070B101930122534B2A701C78524AB8F84F
:10A51C00003002EB441923BB1E461C464846FFF78D
:10A52C00C1FE10F080007ED0BFF34F8F00229AF84E
:10A53C0000304A492A7004B93E68002B5AD13B6856
:10A54C009B1B782B79D89BF80030002B52D000F055
:10A55C009FFA0124B8F800302C70002BDED03D4A55
:10A56C0014781A46C3F50060E402009E3C4920446E
:10A57C009642084442D30C440299FFF71FF800237B
:10A58C0021464FF400624846FFF74EFE24F01F03AD
:10A59C0004F50064BFF34F8F324A136020339C42A2
:10A5AC00FAD8BFF34F8FBFF36F8F04204946FFF7E4
:10A5BC0053FE284B274A1B78009801332A49DBB2FB
:10A5CC00032B88BF002313700022B8F80030A8F8C2
:10A5DC000020C01A00900198184401900298184469
:10A5EC000290C1F88420BFF34F8F00232B70009B87
:10A5FC00002B87D1019805B0BDE8F08F009C039328
:10A60C00019B2246029923440193FEF7D7FF039B3B
:10A61C004FF04041144A00201B1B0090A8F800305A
:10A62C00C2F88410DFE74FF400630A4A8AF800008E
:10A63C0014781A46A8F8003096E7012301980B709D
:10A64C0005B0BDE8F08F0098D5E700BF9626002036
:10A65C004826002095260020C01F002094260020AC
:10A66C006010202070EF00E000002E4082260020B9
:10A67C0098260020704700BF314B2DE9F0411B7824
:10A68C00304F002B54D04FF40073DFF8EC803B803C
:10A69C00A8F80030002180222B480D462B4E04F0E8
:10A6AC0037FC2B4C2B4B29464FF480722A482570D3
:10A6BC002C461D8004F02CFC35602B4675602A4618
:10A6CC00B560F5602549264E2648DFF8B0E00D70E0
:10A6DC0010210570022035607560B560F560CEF80C
:10A6EC000050FFF76DFDB8F800102A461E4B0320F2
:10A6FC00FFF734FD2B46398801220420FFF760FD5B
:10A70C0020460134FFF710FE082CF9D1174B4A22D2
:10A71C0017480021174C0460C3F88410C3F880203C
:10A72C00D3F8482142F08072C3F84821BDE8F0818B
:10A73C004023DFF844803B80A8F80030AAE700BF34
:10A74C009926002084260020C01F0020042600200B
:10A75C009526002082260020C01E00209126002075
:10A76C0014260020922600205584000000002E4064
:10A77C007826002009850000802600200026002075
:10A78C00314B4FF400322DE9F04F1A6083B02F4B50
:10A79C0089461C78002953D02D4BE4B21B789C427F
:10A7AC0050D082460027DFF8C0B00134294BC7EBEC
:10A7BC0009085046092C0193274B28BF00241D5D26
:10A7CC00244B33F815E0254B0EEB452133F815607F
:10A7DC00234BCEEB06061944B0453246374419D20A
:10A7EC000EEB452142461944FEF7E8FE019BDBF8CF
:10A7FC000010484633F81520C8EB01019044CBF803
:10A80C00001023F81580174B4FF400321A6003B078
:10A81C00BDE8F08FFEF7D2FEDBF80020E3B228464D
:10A82C00921BB244CBF80020084A1370FFF77CFD52
:10A83C00B94503D9064B1B789C42B6D13846E2E7A2
:10A84C000846E0E70020DEE78CE100E092260020DD
:10A85C009126002014260020242600200426002007
:10A86C00600020200CE100E0002600200B4B0C4A7D
:10A87C001B781278DBB293420DD0013309480A4A97
:10A88C00092B0A4928BF0023C35C31F8131002EBD3
:10A89C004323585C70474FF0FF30704792260020DE
:10A8AC009126002024260020600020201426002061
:10A8BC00034B10B51C680CB900F0EAF8204610BD2B
:10A8CC00002600202DE9F84F154E164D34782B78C4
:10A8DC00E4B29C4221D0DFF85490DFF854B0DFF89A
:10A8EC005480114F0134082C5FFA84FA01D90024EA
:10A8FC00A24619F80410DBF8002038F8113008468D
:10A90C0037F811105B1AD31ACBF80030FFF70CFD97
:10A91C0086F800A02B789C42E4D1BDE8F88F00BFEC
:10A92C0092260020912600201426002024260020A8
:10A93C00002600200426002000B583B001210DF173
:10A94C000700FFF71DFF20B19DF8070003B05DF86D
:10A95C0004FB4FF0FF30F9E7094B00B583B01B78CF
:10A96C008DF8070023B903F0FF0003B05DF804FB7A
:10A97C0001210DF10700FFF7B3FD03B05DF804FBF7
:10A98C0098260020044B1B7803F0FF020BB1FFF755
:10A99C00A7BD1046704700BF982600202DE9F04156
:10A9AC000024DFF8448001230D4D27460D4E88F816
:10A9BC000030337828462035A34204F1010405D039
:10A9CC00FFF770FC030658BF07F50067042CF0D1A5
:10A9DC00BFF34F8F0023384688F80030BDE8F08174
:10A9EC00C01F002095260020962600202DE9F84354
:10A9FC00204B1B7813B1204D2A880AB9BDE8F88387
:10AA0C00DFF88880C2F500691C4E4FF0010E98F8F3
:10AA1C0000104A461A4C002306EB4116194F04EB62
:10AA2C00C124304687F800E02146FFF7FDFB09EB17
:10AA3C00040224F01F01BFF34F8F134B1960203118
:10AA4C008A42FBD8BFF34F8FBFF36F8F0420314680
:10AA5C00FFF702FC98F800300C4A0133DBB2032BF1
:10AA6C0088BF0023137000232B80BFF34F8F3B70E4
:10AA7C00BDE8F8839826002082260020C01F002005
:10AA8C00601020209626002070EF00E09526002014
:10AA9C002DE9F843324E337893B1324F3A787AB984
:10AAAC000122D9073A7037D49A0719D400225B07D0
:10AABC003A7005D52C4B1A6812B1EFF305820AB126
:10AACC00BDE8F883EFF3108072B61A681AB1274C00
:10AADC00217800292FD00028F2D162B6BDE8F88386
:10AAEC00DFF8948098F80020002ADFD00024DFF8EB
:10AAFC008C9005E0013498F80030E4B2A34213D9ED
:10AB0C0059F824502B6828461B6998470028F1D027
:10AB1C006B699B689847EDE7FFF7CAFED0B9144BF9
:10AB2C001B781BB93378BFE73378BFE7337803F072
:10AB3C00FE033370B8E70126556926701D6065B1B8
:10AB4C00A96100B962B600259368104655779847FD
:10AB5C002570B5E700F054FBE1E7064B1D60F0E70C
:10AB6C00831B00208D2600207C2500208B260020B6
:10AB7C004A1F0060882500208C2600208C25002090
:10AB8C0010B4EFF3108272B6437F33B9017F012901
:10AB9C0008D0032910D00123437702B962B65DF8BF
:10ABAC00044B7047114C2168A1B1114943610B68EA
:10ABBC00086083615861EEE70E4C216881B10E4943
:10ABCC0043610B680860836158610C4B4FF08051F6
:10ABDC001960E0E7064B4161816120601860DAE79B
:10ABEC00054B4161816120601860EEE77C250020F7
:10ABFC0088250020842500208025002004ED00E01D
:10AC0C0010B4047F4160022CC26003D05DF8044B89
:10AC1C00FFF7B6BF83685DF8044B184770B5EFF3C8
:10AC2C00108172B60C4C23688BB10C4E00255A69FE
:10AC3C0022607AB1956101B962B65D7718469B685E
:10AC4C009847EFF3108172B62368002BEFD101B94E
:10AC5C0062B670BD3260EEE78425002080250020AE
:10AC6C00FFF7DCBF044A054B1168054A19601368ED
:10AC7C0001331360704700BF041000E0442600202D
:10AC8C0048260020964A974B90422DE9F043964C6B
:10AC9C00D3F814E09969E6681CD9944B984240F2B9
:10ACAC001581934B40F22765924F0344924C1A0A3C
:10ACBC00A7FB0232D30903EB830303EB830202F2FB
:10ACCC00E243AB4228BF2B46A3F54873A4FB0335E4
:10ACDC00ED0804E0894DA84294BF06250E25814A53
:10ACEC0006F01F07D2F88030AF4243F0C003C2F821
:10ACFC0080300AD27C4B26F01F061A462E43DE60AB
:10AD0C001368002BFCDA06F01F071EF0007331D11C
:10AD1C007B4C7C4AD4F810C014460CEA0202A242C6
:10AD2C000ABF4FF0C0534FF4805200228EEA030446
:10AD3C0014F0605F08D02EF0605E03F06053694C35
:10AD4C0043EA0E0EC4F814E081EA020313F4405FE8
:10AD5C0008D0644B21F4405111431A469961936C0D
:10AD6C001C07FCD44EF0007E5E4AC2F814E0936CD3
:10AD7C009906FCD40121644C0A4601FB02F300FB4A
:10AD8C0003F3A34209D8072A00F29580013201FB94
:10AD9C0002F300FB03F3A342F5D95C485C4C184466
:10ADAC00A4FB00031B0D6C2B00F28B80352B00F2E7
:10ADBC008F80DFF8888136235648DFF844C1564C23
:10ADCC00DCF80090B0FBF2F009EA04044445B0FB57
:10ADDC00F1F00BD043F400534FF480586446CCF898
:10ADEC000080CCF800302368002BFCDADFF8F4C0CC
:10ADFC00013ADCF8103003F00703934207D002F05D
:10AE0C0007026446CCF81020A36CDB03FCD4013998
:10AE1C0089028EEA010313F4E05F0CD0314B2EF45F
:10AE2C00E05E01F4E0511A4641EA0E0EC3F814E05C
:10AE3C00936C9907FCD4394B39490344DB09A1FBCA
:10AE4C000331090B042928BF04214B1E1B028EEA77
:10AE5C00030212F4407F07D02EF4407E03F44073BB
:10AE6C00204A43EA0E0353611E4B5C691A4624F0D8
:10AE7C0000745C61936C9B06FCD42A4B4FF0FF3240
:10AE8C00294CBD42A3FB00E320604FEA9343274CBF
:10AE9C00B2FBF3F3B0FBF1F1254A2160136008D249
:10AEAC00114B26F01F061A462E43DE601368002B4A
:10AEBC00FCDABDE8F08304293FF66FAF01310122C3
:10AECC005BE7DFF87C806C231A4876E7122506E7EF
:10AEDC001948DFF8708000FB03F043EA08086CE7C0
:10AEEC0000A4781F00C00F40000008400046C32398
:10AEFC0000BA3CDC23B24C001F85EB5100366E01CE
:10AF0C0000800D4040300080FFB19F26808D5B009B
:10AF1C00819F5E1600B29F267F3001807FD1F008A2
:10AF2C009F10E50083DE1B43D8160020D4160020AA
:10AF3C004026002000643F4D001BB70036200080E7
:10AF4C006C20008000200080A4484FF00F0CA44B14
:10AF5C00826F42F47F02F0B582670025D0F8802022
:10AF6C004FF470469F4C4FF4604E29464FF4806767
:10AF7C0014432A46C0F88040A3F88C6148F2B826E6
:10AF8C00A3F88EC1A3F89051B3F8880180B240F0B9
:10AF9C00F000A3F8880101EB4100914B0131002531
:10AFAC0040011C4604290344A3F804E0DF805A84C2
:10AFBC001A865A805A81DE815A82DA825A83DA835F
:10AFCC00E9D1B4F888014FF00F0C874B4FF4704661
:10AFDC0080B229464FF460472A4640EA0C004FF4F1
:10AFEC00806EA4F88801B4F8880180B240F47060D7
:10AFFC00A4F88801A3F88C6148F2B826A3F88EC196
:10B00C00A3F89051B3F8880180B240F0F000A3F897
:10B01C00880101EB4100744B0131002540011C46B5
:10B02C00042903449F80A3F806E05A841A865A80A8
:10B03C005A81DE815A82DA825A83DA83E9D1B4F8F2
:10B04C0088014FF00F0C694B4FF4704680B22946C3
:10B05C004FF460472A4640EA0C004FF4806EA4F887
:10B06C008801B4F8880180B240F47060A4F88801BB
:10B07C00A3F88C6148F2B826A3F88EC1A3F89051BE
:10B08C00B3F8880180B240F0F000A3F8880101EB1E
:10B09C004100564B0131002540011C460429034454
:10B0AC009F80A3F806E05A841A865A805A81DE8162
:10B0BC005A82DA825A83DA83E9D1B4F888014FF0E4
:10B0CC000F0C4B4B4FF4704780B229464FF460463F
:10B0DC002A4640EA0C004FF4806EA4F88801B4F8BC
:10B0EC00880180B240F47060A4F88801A3F88C71D8
:10B0FC0048F2B827A3F88EC1A3F89051B3F8880191
:10B10C0080B240F0F000A3F8880101EB4100384B0D
:10B11C00013140011C46042903449E80A3F806E03B
:10B12C005A841A865A805A81DF815A82DA825A836B
:10B13C00DA83EAD1B4F888310F27002241F20106F4
:10B14C009BB245F6C05E114643F226053B43A4F87C
:10B15C008831B4F888319BB243F47063A4F8883119
:10B16C005001244B01320344042A99815981DF8117
:10B17C009E82A3F806E0198019829D81F0D10022ED
:10B18C000F2741F2010645F6C055114643F226043D
:10B19C005001194B01320344042A99815981DF81F2
:10B1AC009E82DD80198019829C81F1D100220F27AB
:10B1BC0041F2010645F6C055114643F226045001F2
:10B1CC000E4B01320344042A99815981DF819E82FE
:10B1DC00DD80198019829C81F1D1F0BD00C00F4037
:10B1EC0000C03D40000003FC00003E4000403E40DB
:10B1FC0000803E4000C01D4000001E4000401E402C
:10B20C00704700BF08B503684268BBB17AB1104BF8
:10B21C00A3FB0213DB0803EB4303B2EB830303D062
:10B22C00D21A4260F02A02D90123184608BD03F055
:10B23C0047FB1C2200230260184608BD044BA3FBED
:10B24C000213DB0803EB4303B2EB8303E8D1E9E71A
:10B25C00ABAAAAAA70B5044600283AD019B1B2FA22
:10B26C0082F56D09FDB1206808B1626832B903F04E
:10B27C0027FB162300220360104670BD1849A1FB62
:10B28C000231C90801EB4101B2EB8101EFD1A36896
:10B29C000BB103F03DFE00230122236010466360D6
:10B2AC00A360E36070BD1E46049B80E80600C3608B
:10B2BC00FFF7A8FF02460028DED016B9012210467F
:10B2CC0070BD94E80500A660294603F021FE01221A
:10B2DC00D2E703F0F5FA162322460360CCE700BF51
:10B2EC00ABAAAAAA0B460146184603F0E3BA00BF64
:10B2FC0070B440F20125046825611BB31E46F1B100
:10B30C000D780131013B6566256FAD0706D4656F7D
:10B31C00013EEDB212B11570013204686569ED079A
:10B32C00F2D5002BEBD16EB101680B6F9B07FCD4EF
:10B33C004B6FDBB20AB113700132013EF3E790F8A8
:10B34C003C50DFE770BC7047F0B5304C304BA06C14
:10B35C00656C0179226CD97729791977017919777C
:10B36C00FAB1B2F5004F18D22B6892B2D98B0E04F9
:10B37C003BD4DA83D98B89B2D9820368D98B09047F
:10B38C002CD4DA830021DA8B92B2DA82216402792E
:10B39C001F4BDA762A79DA76F0BD1E4B1344236400
:10B3AC00F5E7E06C0F25236840F2013E01684FF48D
:10B3BC007C579D6503260D681749DA618D42C3F8E9
:10B3CC0010E05F6184F83D6017D1037F4260022B6F
:10B3DC00C26017D0BDE8F040FFF7D2BBD98BC2F3E7
:10B3EC00080201F47E410A43CBE7D98BC2F308066D
:10B3FC0001F47E413143D983BCE72B461146BDE8AD
:10B40C00F04018478368BDE8F0401847DC16002070
:10B41C0000800E400180FFFFC18C00004368F0B536
:10B42C0093E88200DFF8FCE1B8260A680225754C27
:10B43C0022EA0702744F0A60DEF818201440734A9F
:10B44C0027430F24CEF81870077C1F443F7C02EB77
:10B45C000717BF683E60477C1F4497F8247002EBC7
:10B46C000717BF683E60877C1F4497F8387002EB63
:10B47C000717BF683E600F685E683E430E60017C34
:10B48C005E1803EB8101367C4F6902EB06114968AB
:10B49C000F60417C5E180A3196F8246053F82170D5
:10B4AC0002EB061149680F60817CD3F848E05E1806
:10B4BC0003EB81011F6A96F83860C96B02EB061228
:10B4CC005E6B52681160817C0268194491F84410DB
:10B4DC00CEF80010017C1944097F3960417C0B4483
:10B4EC0093F83030336015619465C37C002B29D000
:10B4FC0072B6C37CDC0706D5454A436911680B401C
:10B50C0083621360C37C990706D5424A836911682C
:10B51C000B40C3621360C37C5A0706D53E4AC3690D
:10B52C0011680B4003631360C37C1F0706D53B4AAD
:10B53C00036A11680B4043631360C37CDE064BD473
:10B54C0062B60268364D8368AB424CD0354B856091
:10B55C009B69354CC3F30116C3F38261334B54F82A
:10B56C0026400131B4FBF1F1A3FB01431B0D29D1A2
:10B57C00C36000260325072401211661556213645C
:10B58C0014661161C37CE3B1DD0703D5284B826AD5
:10B59C001A60C37C9C0703D5264BC26A1A60C37C15
:10B5AC00590703D5244B026B1A60C37C1A0703D5C9
:10B5BC00224B426B1A60C37CDB0602D5826B204B9C
:10B5CC001A60F0BDB1FBF3F1A94288BF0133B3F5AA
:10B5DC00817F0AD31B4BCBE71B4A436A11680B4094
:10B5EC0083631360ACE7C368C3E7022B98BF0023E7
:10B5FC00BED9023B5C08210443EA042301F47F0119
:10B60C000B43B5E7CFFFFFE310000008F00C002060
:10B61C0080E100E084E100E088E100E08CE100E002
:10B62C0000093D0000C00F40DC0C002083DE1B43F2
:10B63C0000E100E004E100E008E100E00CE100E0E2
:10B64C0010E100E0FF7F7F0090E100E00BB1FFF71D
:10B65C004FBE7047436893E806000968114200D159
:10B66C00704710B502680446002005211061227C49
:10B67C001344187CFDF75AFF6268637C0521134460
:10B68C0093F82400FDF752FF6268A37C0521134454
:10B69C00BDE8104093F83800FDF748BF2DE9F04F96
:10B6AC0085B016460D469946BDF938200B46C5EBBC
:10B6BC00090B8046911BBDF83CA00029B8BF49423C
:10B6CC00BBF1000FB8BFCBF1000B0091594549DC21
:10B6DC004D45104633464CDC194603460846C5EB2F
:10B6EC0009011B1A89B2002B0CB2B8BF5B42039143
:10B6FC00002CB8BF01349642ACBF4FF0FF32012290
:10B70C004D454FEA6404029229DC9BB201930DE093
:10B71C00D8F80070BF69B847019B0135E41A2DB207
:10B72C00A3B21CB2002C11DBA94518DB009B2A46E6
:10B73C00314640465B455346EADCD8F80000534698
:10B74C003246294687694046B847E5E7029AA9453B
:10B75C001644039A02EB030436B224B2E6DA05B0BF
:10B76C00BDE8F08F4846354691461E4602464D458B
:10B77C00B2DD3446294616464D4622468946AEE78A
:10B78C0010B404682469A4465DF8044B604700BFFC
:10B79C0030B40468BDF808500295A46BA44630BCC4
:10B7AC00604700BF30B40468BDF808500295E46BE4
:10B7BC00A44630BC604700BF70B40468BDF90C608F
:10B7CC00BDF8105003960495246CA44670BC6047D9
:10B7DC00704700BF30B5002283B0B0F90C5004683C
:10B7EC00019111460095B0F90A30246CA04703B0C2
:10B7FC0030BD00BF704700BF01F003010129017685
:10B80C0006D0032904D0C288038942818381704702
:10B81C000289C38842818381704700BF2DE9F041C2
:10B82C0006681446124F84B072690546BDF828802C
:10B83C00BA4211D1581E2246CDF804800B4604445E
:10B84C00284624B20094B46AA0472B68DB6ABB423A
:10B85C0009D104B0BDE8F0810393029190472E68A2
:10B86C00039B0299E6E7284604B0BDE8F04118476F
:10B87C00919800002DE9F041056886B0114E044600
:10B88C006F69BDF83080B7420ED1013B20460B44A6
:10B89C008DE804011BB2AD6AA8472368DB6AB3428A
:10B8AC000AD106B0BDE8F081059304920391B84724
:10B8BC0003A925680EC9E8E7204606B0BDE8F041AB
:10B8CC00184700BF919800002DE9F04F1746026809
:10B8DC00DFF854A00C46516983B005461E4651450D
:10B8EC00BDF93080BDF8349016D12644B4420DDA3F
:10B8FC0021460134CDF80090434624B2D2F820B052
:10B90C0028463A46D847B4422A68F1DBD36A5345F5
:10B91C0005D103B0BDE8F08F88472A68E5E72846D3
:10B92C0003B0BDE8F04F1847919800002DE9F041A5
:10B93C00994284B016460546BDF92840BDF82C70D6
:10B94C0029D0A24215D0D0F800E0DFF87C80DEF8D8
:10B95C00142042452FD1324628468DE89000DEF85F
:10B96C002840A0472B68DB6A43451FD104B0BDE8D3
:10B97C00F081994202DD0A461946134628680133C4
:10B98C000A9732465B1AC46B28461BB2A44604B015
:10B99C00BDE8F0416047A24201DD26461446631C17
:10B9AC00286832460A979B1B846BEDE7284604B047
:10B9BC00BDE8F0411847039302919047D5F800E099
:10B9CC00039B0299C7E700BF919800002DE9F04F47
:10B9DC0017460268DFF88C901E46536983B0044604
:10B9EC000D464B45BDF930A0BDF8348031D1294608
:10B9FC00CDF800803346D2F824B020463A46D847DA
:10BA0C000AF1FF32206829463A443346CDF80080CB
:10BA1C0012B2D0F824B02046D84722682946CDF877
:10BA2C0000805346D2F820B020463A46D847711EC3
:10BA3C00206853462944CDF800803A46056A09B27D
:10BA4C002046A8472368DB6A4B4505D103B0BDE807
:10BA5C00F08F98472268CAE7204603B0BDE8F04F44
:10BA6C00184700BF91980000F0B4002401254FF650
:10BA7C00FF76094F047107600476C48104828476D2
:10BA8C00C461C5758575457686824682C180028102
:10BA9C0041818281F0BC70472C0A00202DE9F04FC7
:10BAAC0093B01F469246C269BDF87030109008934F
:10BABC009DF87C300391BDF874809DF878B00593A7
:10BACC00002A00F0AC80137ABBF1010F5168A7EB90
:10BADC0003031268DBB2049201EBC30231F833604A
:10BAEC00D37892F802800C9392F9053092F90640C3
:10BAFC00099365D8059B012B94BF00230123002BD0
:10BB0C005ED10D930A93109BD3F800E0AC4B1A4610
:10BB1C001193DEF8143093427BD10C9B002B6BD02D
:10BB2C001FFA8AF30022DDF840900E931746234447
:10BB3C00DDF80CA0144607920F93B8F1000F54D007
:10BB4C00BDF81C3000250F990D9A03979A180B44D9
:10BB5C00BDF814101BB212FB01F20B930E9B134495
:10BB6C001BB2069305E001356400EBB2E4B29845D4
:10BB7C0038D9039B721C2B44590702D1049B9C5D42
:10BB8C0096B22306EFD50A9BBBF1010F069A4846E5
:10BB9C0005EB030C099B1CFB0BFC03EB0A015B463E
:10BBAC002944D44409B211D1059F012F0ED1DEF8DE
:10BBBC0018300B9A1F46089BB847D9F800E0D2E71B
:10BBCC00BDF924300A9323B20D939CE70899059F85
:10BBDC0001910FFA8CF10097DEF81C70B847D9F878
:10BBEC0000E0C0E7039F4744FFB2079B0C9A013368
:10BBFC000793DBB29A42A0D8DEF82C30119A93420C
:10BC0C0002D113B0BDE8F08F109813B0BDE8F04F1F
:10BC1C001847109D28469847D5F800E07DE7B0F905
:10BC2C000A3002468B42ECDDB2F90C305345E8DDAC
:10BC3C00062313FB0B13002BE3DD059B0AEBC3035D
:10BC4C00002BDEDDAF2F1346927E94BF0023012321
:10BC5C009A4201D27B1CDFB2109BD3F800E0584B08
:10BC6C001A461193DEF81430934240F0A380BDF8CD
:10BC7C000C3070460D970A930023109F09930523EF
:10BC8C00DDF814900B931FFA8BF3CDF80CA00C93EA
:10BC9C000FFA8BF307930523099C0A9D1A460C9BFC
:10BCAC00BDF834101E4615FA84F312FB014104FB57
:10BCBC0006521BB2434D082412B206936E5C00254B
:10BCCC00049216E0BBF1010F039B23D1B9F1010FD4
:10BCDC0020D1EA18D0F818A0089B3846069912B261
:10BCEC00D0473868013C0135760814F0FF046DB27A
:10BCFC0025D0F307E6D4089B4345F3D0BBF1010FE5
:10BD0C00039B16D1B9F1010F13D1EA18D0F818A082
:10BD1C004346E2E705FB09320899079B0191CDF8F0
:10BD2C00009012B2D0F81CA038460499D04738685D
:10BD3C00D8E705FB0932079BCDF80480EFE7099A99
:10BD4C000B9B0132013B52B213F0FF0309920B9390
:10BD5C00A1D1089B8646DDF80CA043453FF44CAFBF
:10BD6C00BBF1010F10D1059B012B0DD10A99524645
:10BD7C00109D08230531CDF80080046A284609B2CD
:10BD8C00A047D5F800E037E70C9B0A9A03EB830138
:10BD9C00059B109D0A44D800CDF804805B461146E3
:10BDAC0000905246DEF81C40284609B2A047D5F850
:10BDBC0000E021E7109C20469847D4F800E056E7B5
:10BDCC0091980000B0030020C369F0B5044685B01B
:10BDDC00002B3BD00A292ED00D2929D01A7A91425A
:10BDEC0026D3987A884223D38A1A5D68D2B205EB9F
:10BDFC00C205E878AA78A8B1A2B1607E002852D119
:10BE0C00A67DE77DB4F90E00B4F91020B4F814E067
:10BE1C000B4603970146678A204602968DE88040C0
:10BE2C00FFF73CFE2979E389A27D01FB0233E38114
:10BE3C00012005B0F0BD0022C07D218AE2811A7B71
:10BE4C0000FB02130120238205B0F0BD0A294ED05D
:10BE5C000D29EDD0427E002A42D0B0F90E00062208
:10BE6C00A57DB4F90A6012FB0502B242E67D34DD11
:10BE7C00228A1846E38102EBC60212B22282B4F87F
:10BE8C0014E00B46678A01460396204602958DE81E
:10BE9C008040FFF703FEA37DE28903EB430302EB33
:10BEAC004303E381C4E795F90560B4F90E0032440D
:10BEBC00A67DB4F90A7006FB0202BA4209DD002025
:10BECC00228AE77DE0811B7B03FB072212B22282D0
:10BEDC009CE7E77DB4F9102098E7B4F91020CEE781
:10BEEC00857DC67DB4F91020B0F90E00C7E7028A33
:10BEFC00C17DC38102EBC103038299E770B504468F
:10BF0C0008460D4603F07CF8236802462946204675
:10BF1C005B68BDE87040184783680146C3F30803AB
:10BF2C0063B100200A69D0540133B3F5007FF9D115
:10BF3C00C8680A69036809685B6A1847012070477A
:10BF4C00826803460069C2F3080230B4815440F29F
:10BF5C00FF145D689868A24201EB750100F10100C5
:10BF6C005960986002D0012030BC7047D8681968BD
:10BF7C0002684D1C546A1D601A69234630BC184770
:10BF8C0038B50C46C9B20546FFF7DAFF00B938BD23
:10BF9C00210A2846BDE83840FFF7D2BF2DE9F84307
:10BFAC000023804601601E4683604360B0B2FCF7FC
:10BFBC00F3FBB042814605460DD001464046FFF7E3
:10BFCC00DFFFA0B30136B6F5803FEFD34046BDE8A6
:10BFDC00F843FFF7A1BF741CB4F5803F14D1C6F52C
:10BFEC0080374FF48034B7F5007F1AD2A9B240469F
:10BFFC000135FFF7C5FFD0B1A542F7D32E46E2E7D6
:10C00C000134B4F5803FEAD0A0B2FCF7C5FBA042E6
:10C01C00F6D0A71BB7F5007F03D2A642E6D34E4657
:10C02C00C4E74FF6FF714046FFF7AAFF10B9002096
:10C03C00BDE8F883B9B24046FFF7A2FF0028F6D05E
:10C04C002646C0E72DE9F04F81461F460B6889B0A4
:10C05C00C9F80C100846C9F810200E46DB691546C5
:10C06C009847B0F5801F12D2002F69D03B6815227B
:10C07C00AE4938465B6898473B6838460F22AC4956
:10C08C005B6800249847204609B0BDE8F08F044651
:10C09C000023012201E0944203D901335200DBB2A8
:10C0AC00F9D11C2B51D90122A3F10B0848FA02F843
:10C0BC005FFA88F102FA08F2069104920122013328
:10C0CC00134102FA03F303FA02F205939B00019267
:10C0DC000293029B00214FF400722846E31A8A4611
:10C0EC004FF0010B23FA08F3039303FA08F8019BB2
:10C0FC00984402F00DFFFF230722FE2085F8BFB104
:10C10C0085F8C2214AF6552E85F8C301514685F8AB
:10C11C00C4312A4685F8C531304685F8C0B185F85A
:10C12C00C1A1019BD6F800C0C5F8C631C5F8CA81BB
:10C13C00DCF82430A5F8FEE19847D0B9002F9BD14C
:10C14C000024204609B0BDE8F08F1A2B4FF00808E8
:10C15C0000F22D824FF40043CDF8188002934FF477
:10C16C00804301934FF4807304934FF40053059371
:10C17C00AFE751464FF40072284602F0C9FE059B0A
:10C18C00762201982B6590216B654FF0410C039B37
:10C19C004FF0540E6A704FF04502EB659DF8183065
:10C1AC002864A865202085F86D306FF01403EA70C0
:10C1BC004FF05802C5F844A0C5F848804FF0090864
:10C1CC00C5F84CA06C664FF04604A5F86AA085F83B
:10C1DC006EB04FF0040B85F870A04FF4807A2B7082
:10C1EC0005F17703A97005F2FD112A71F42228726A
:10C1FC006872A8726FF07F006C7185F806C085F8C4
:10C20C0007E0C5F860B0A5F868A085F86C8085F8E3
:10C21C006F0003F8012F9942FBD14FF000084AF64A
:10C22C0055234446A5F8FE31A8F16A03012B06D923
:10C23C00B8F1700F03D015F8083003EB740408F153
:10C24C000108B8F5007FEFD133682A4601993046D2
:10C25C005B6A984700283FF471AF33682A4601990E
:10C26C0030465B6A0C31984700283FF467AF019B5E
:10C27C0042460021284603F1010A02F049FE019AC8
:10C28C004AF65523CDF81C9005F2FF1802F1090B64
:10C29C006A1EA5F8FE31914606924B4613F8012F03
:10C2AC00984502EB7404F9D133682A46514630465E
:10C2BC005B6A984700283FF441AF33682A460AF17D
:10C2CC000C0130465B6A984700283FF437AF0AF1FF
:10C2DC00010AD345E1D1019B4FF40072002128469D
:10C2EC00DDF81C9003F10B0A02F012FE069B13F80A
:10C2FC00012F984502EB7404F9D133682A4659464C
:10C30C0030465B6A984700283FF418AF33682A46DA
:10C31C000BF10C0130465B6A984700283FF40EAFD6
:10C32C000BF10103534505D09B46DFE77C11002040
:10C33C00E01100202B1F05F5FE7243F8044F9A42C2
:10C34C00FBD1336851462A4630465B6A9847002831
:10C35C003FF4F4AE33680BF10D012A4630465B6AAC
:10C36C009847044600283FF4E9AE2FB13B680C22F5
:10C37C00974938465B689847039B4FF4007200213D
:10C38C0028464FEA8308059B08F207289B46019B29
:10C39C009B4402F0BDFD4FEA5823F82005F1130130
:10C3AC00FF229E462B46287003F8012F9942FBD1A1
:10C3BC007346002B31D03B1C4FF0000ACDF818907F
:10C3CC004FEA983818BF0123F1460593234654468B
:10C3DC009A4605E0002C00F0F0800134A14519D0FC
:10C3EC0001227C493846B4FBF8F308FB134323B90C
:10C3FC00059B13B13B685B68984733682A4604EB8E
:10C40C000B0130465B6A98470028E3D1002F7FF47C
:10C41C0033AE95E65446DDF81890002F35D03B68C6
:10C42C0002226D4938465B689847039B03F1070865
:10C43C00049B4FEAD80808F2FF1A4FEA5A2A9A4589
:10C44C003FF61AAE4FF400720021284602F060FD50
:10C45C0007232B70BAF1000F7CD04FF0000B07E0D4
:10C46C00BBF1000F00F0B0800BF1010BDA456FD07F
:10C47C0033682A46029930465B6A5944984700282B
:10C48C00EED1002F7FF4F8AD5AE6039B03F10708B9
:10C49C00049B4FEAD80808F2FF1A4FEA5A2A9A4529
:10C4AC003FF64EAE4FF400723946284602F030FD8E
:10C4BC0007232B70BAF1000FCFD1019B48464FEAEE
:10C4CC00430A049B0AEB0301FFF768FD00283FF4C5
:10C4DC0037AED9F80830049AB3EB422F3FF630AEA2
:10C4EC00049B4FF40072002128460AEB430A02F029
:10C4FC000FFD03228123822102202A7085F820302F
:10C50C000023686385F84010D9F804106A656964E3
:10C51C00D9F80820C5F83880AA65049AEB65002A7A
:10C52C003DD0984607E0B8F1000F31D008F1010872
:10C53C00049B984533D033682A460AEB08013046F1
:10C54C005B6A98470028EED1002F7FF495ADF7E594
:10C55C00002FB2D0019B384620494FEA430AFFF71F
:10C56C00CDFC049B48460AEB0301FFF717FD00289E
:10C57C003FF482ADD9F80830049AB3EB422F3FF662
:10C58C007BAD002FACD016493846FFF7B7FCA7E7B8
:10C59C004FF400724146284602F0BAFCC6E7002F61
:10C5AC003FF471AD38460F49FFF7A8FC6BE54FF42B
:10C5BC008072CDF81880049280E54FF40072214609
:10C5CC00284602F0A5FC08E785F800B04CE700BF50
:10C5DC0094110020A4110020BC110020A8110020EF
:10C5EC00C0110020D0110020486810B50C4668B16D
:10C5FC000B894A8901339BB29A420B8106D8036896
:10C60C00012203495B68984700232381206810BDF1
:10C61C00A4110020F0B5044687B00E461546002143
:10C62C00406A4FF4007202F073FC206A28B1036870
:10C63C000C2222495B689847206AE36903AA616A65
:10C64C00002704901846039119686B0900926A1E22
:10C65C00CD6AE168ADF81630ADF814700131184BA5
:10C66C00A847E8B1206A20B10368022215495B682B
:10C67C009847102E626A4FF0F8054FF0010314BF73
:10C68C000C200420FF211570626AD15401339842AA
:10C69C00FAD1E069626A0368E1685B6A984710B98D
:10C6AC00002007B0F0BDE069A268E168036811449E
:10C6BC00626A5B6A984707B0F0BD00BF9411002016
:10C6CC00A9A60000BC110020F8B5446A4FF4007212
:10C6DC00002105462046EB2702F01AFC762623465D
:10C6EC00902004F10A0120222770667003F8020FD3
:10C6FC0003F8012F8B42FBD14FF40071F823022079
:10C70C004AF65522A4F80B1095F82B106173298D5D
:10C71C00207463752B69E181E361AB69A4F8FE2198
:10C72C002362F8BD2DE9F04104464FF4007200215C
:10C73C00406A02F0EDFB656A22694AF6552605F25D
:10C74C00BF10216802F068F8A369226905F2C310D2
:10C75C0021681A44013A02F05FF894F82A3000215B
:10C76C0085F8C2312369E069C5F8C6310368A76949
:10C77C00626A5B6AC5F8CA71A5F8FE61BDE8F04152
:10C78C00184700BFD0F814C04FF48071F8B5ACF561
:10C79C00807390F82B600446456A4160B3FBF6F356
:10C7AC0003F20112120A5000A26000F1A1078F429D
:10C7BC0074D94FF4C07200E07246C2EB0C0302F164
:10C7CC00800EB3FBF6F303F20111090A480000F1E5
:10C7DC00A1079742F0D86260A160D21BA3F6F57155
:10C7EC0002F18007B1F5704F276108D3206A20B1A0
:10C7FC00036813222A495B6898470020F8BD213052
:10C80C008132012103FB0600E260B0F5803FA0619C
:10C81C002185204634BF0423062384F82A30FFF7F1
:10C82C0081FF0028E9D020468027FFF74DFFA26842
:10C83C004FF4007129261B4805F12A03A5F81110A5
:10C84C0005F13501EA82202285F8247085F82660EE
:10C85C00C5F8270003F8012F8B42FBD1412054214E
:10C86C0031223623462685F8370085F8381085F8AE
:10C87C00366085F8392085F83A30E069626A0368D9
:10C88C0021695B6A98470028B7D062682046E36844
:10C89C001021D21ABDE8F840FFF7BCBE0A469CE74F
:10C8AC00F011002087D61200F8B504464FF4005260
:10C8BC0042F209004FF48041D4F814C094F82BE0F4
:10C8CC00ACF580432261656A6160B3FBFEF303F152
:10C8DC008102D2095600A2603044884214D94FF428
:10C8EC00C04100E03946C1EB0C0342F2090001F5EE
:10C8FC000057B3FBFEF303F18102D209560030441A
:10C90C008842EFD86160A2604FF6F472934208D867
:10C91C00206A20B10368132251495B6898470020B4
:10C92C00F8BDA1F5005203FB0E134E492046961B91
:10C93C00A3F500528B42B6B2A26194BF0B230C2319
:10C94C0006F50052268584F82A30E260FFF7EAFEED
:10C95C000028E4D020468027FFF7B6FEA36802210A
:10C96C0001224FF0060E29266B6205F146033E4864
:10C97C00E96205F151012A862022A5F832E085F8FA
:10C98C00407085F84260C5F8430003F8012F9942C6
:10C99C00FBD14120542133223223462685F8530003
:10C9AC0085F8541085F8526085F8552085F8563076
:10C9BC00E069626A036821695B6A98470028AED017
:10C9CC00E069216903680631626A5B6A984700284E
:10C9DC00A5D04FF400720021606A02F099FA234B43
:10C9EC00E069C5F8FC31036821695B6A0231626A4F
:10C9FC009847002893D0E069216903680831626A7E
:10CA0C005B6A984700288AD0E3694FF0FF321848D8
:10CA1C00184928601846C5F8E821C5F8EC21C5F876
:10CA2C00E4111B6821695B6A0131626A984700282E
:10CA3C003FF475AFE069216903680731626A5B6A8C
:10CA4C00984700283FF46BAFA268204694F82B302F
:10CA5C00202103EB4202BDE8F840FFF7DBBD00BF2D
:10CA6C00F01100200004FB0087D61200000055AA2C
:10CA7C00525261417272416138B504460D680846E4
:10CA8C00E16162622362EB69984700F2FF736061B7
:10CA9C00DB0A062B236008D8206A20B10368142215
:10CAAC0026495B689847002038BD102B13D8022309
:10CABC0084F82B30B0F5800F204614D2FFF762FEBD
:10CACC000546206AADB108B303680D221C495B68AA
:10CADC009847012038BD202B14D9402B18D8082397
:10CAEC0084F82B30E6E7FFF7DFFE0546206A002DC1
:10CAFC00E9D10028D7D003680F2212495B68984708
:10CB0C00284638BD042384F82B30D3E7012038BDE8
:10CB1C00802B06D9B3F5806F07D8202384F82B30EF
:10CB2C00C8E7102384F82B30C4E7B3F5004F94BF4B
:10CB3C004023802384F82B30BCE700BF0412002074
:10CB4C001C1200202C120020407C7047007D704786
:10CB5C00407D704701207047007F704710B4046817
:10CB6C0001236469A4465DF8044B604738B503683B
:10CB7C0004460D461B6A984700B1257738BD00BFA7
:10CB8C002DE9F0471E46C37C05460C46022B914608
:10CB9C00089F23D02B68214628461B6E984798B1D6
:10CBAC00AC61B9F1000F12D004EB090801E0A0450B
:10CBBC000DD039462046B0472B6801462846DB6D20
:10CBCC00013498470028F2D10020BDE8F087AB690A
:10CBDC00287F4B44AB6128B1BDE8F08783698B4259
:10CBEC00D8D1DEE72B6828465B6EBDE8F0471847C6
:10CBFC00704700BF043001F0BDBD00BF10B5044646
:10CC0C002021FCF777FD204610BD00BF2DE9F04137
:10CC1C001F46C37C06460D46022B14461FD03368B4
:10CC2C00294630461B6E984778B1B56187B100250F
:10CC3C0001E0AF420CD03368214630460135DB6D44
:10CC4C0004F5007498470028F3D10020BDE8F0816A
:10CC5C00B369307F1F44B76128B1BDE8F0818369A7
:10CC6C008B42DCD1E2E7336830465B6EBDE8F041C5
:10CC7C00184700BF38B5051D0446284601F0B2FC24
:10CC8C00207C002101F0ACFC2846FF2101F092FD34
:10CC9C000123A37438BD00BF03685B6E184700BF47
:10CCAC0038B5051D04460121007C01F099FCFF21DB
:10CCBC00284601F07FFD284601F030FD0023A374C7
:10CCCC0038BD00BFF8B5164E0746051D346804F58F
:10CCDC001674A4B203E03368E31A1B040ED428467E
:10CCEC0001F04CFDFF28F6D12846FD2101F062FD34
:10CCFC00BB7C6BB900230120FB74F8BD1E23B87CF0
:10CD0C007B7400B9F8BD3846FFF7CAFF0020F8BDA8
:10CD1C003846FFF7C5FF00230120FB74F8BD00BFA8
:10CD2C004826002038B5C37C012B16D0837C0446E2
:10CD3C0063B9FFF79FFF201D01F020FDA37CB0F12C
:10CD4C00FF0518BF012553B9284638BD043001F042
:10CD5C0015FDFF3818BF012038BD002038BD204616
:10CD6C00FFF79EFF284638BD2DE9F041036882B0DD
:10CD7C000646884601921B6A984718B9FF2002B0F4
:10CD8C00BDE8F081B37C002B3ED0B8F10C0F3FD046
:10CD9C00204F341D3D6805F59675ADB203E03B6838
:10CDAC00EB1A1A042CD4204601F0E8FCFF28F6D12B
:10CDBC0048F04001204601AF02AD01F0FBFC15F834
:10CDCC00011D204601F0F6FCAF42F8D1B8F1000F7E
:10CDDC0020464FF00A0514BF8721952101F0EAFC8B
:10CDEC00204601F0CBFC204601F0C8FC0306307550
:10CDFC00C5D5013DADB2002DF5D102B0BDE8F08135
:10CE0C00B8F1000FBAD1D3E73046FFF733FFBCE7D8
:10CE1C00341DCDE7482600202DE9F04788B00025C9
:10CE2C000646071D01AC85744574457584E80E00F3
:10CE3C009DF80400DDF80880307401F0CDFB307CE7
:10CE4C00012101F0CDFB5949072205ABB160F2601D
:10CE5C0094E8070083E8070038460ECB01F044FC49
:10CE6C00B37CF574002B67D00121307C0A2401F0CF
:10CE7C00B7FBFF21384601F09DFC611E11F0FF0449
:10CE8C00F7D12146307C0A2501F0AAFB002230465E
:10CE9C001146FFF769FF0128044605F1FF330DD059
:10CEAC0013F0FF05F2D101237374B07C18B1304636
:10CEBC00FFF7F6FE002008B0BDE8F0874FF4D572FE
:10CECC0008213046FFF750FF420739D57475336897
:10CEDC00DFF8E0A09B6D534545D1707D344D0228A1
:10CEEC002C680CBF4FF080494FF0000904F5FA6430
:10CEFC00A4B203E02B68E31A1B0431D400223721BF
:10CF0C003046FFF731FF4A4629213046FFF72CFF08
:10CF1C000028EFD133689B6D534527D1707D0228D3
:10CF2C0027D0B37C13B13046FFF7BAFE0723C6F8FF
:10CF3C0008800120F360BEE73046FFF79BFE93E7C5
:10CF4C00022304247375384601F018FC631E3075F7
:10CF5C0013F0FF04F7D1AA28B9D006237374A4E701
:10CF6C0017237374A1E730469847B7E730469847C4
:10CF7C00D5E700223A213046FFF7F6FE10B1122316
:10CF8C00737492E7384601F0F9FB00F0C000C0283A
:10CF9C0009D0384601F0F2FB384601F0EFFB384679
:10CFAC0001F0ECFBBDE703237375F2E7801A060072
:10CFBC004826002011AC0000F8B500220D463A219D
:10CFCC000646FFF7D1FE68B9371D2C1D384601F017
:10CFDC00D5FB04F8010DA542F8D1B47C6CB9012441
:10CFEC002046F8BD1223B47C7374002CF8D00024B6
:10CFFC003046FFF755FE2046F8BD3046FFF750FE91
:10D00C002046F8BD03680A4630B59B6D83B0114DC0
:10D01C000446AB4214D1407D03284FF01901204641
:10D02C0018BF5202FFF7A0FE28B10E23A07C637438
:10D03C0050B903B030BD02230120E37403B030BDFE
:10D04C0001919847019AE7E72046FFF729FE002057
:10D05C0003B030BD11AC00002DE9F8431A4E054663
:10D06C00884691463468071D04F59674A4B203E013
:10D07C003368E31A1B0411D4384601F07FFBFF28F8
:10D08C002875F5D0FE280CD018236B74A87C18B129
:10D09C002846FFF705FE0020BDE8F8831D236B74BE
:10D0AC00F4E74A464146384601F074FB287510B146
:10D0BC0025236B74EAE7384601F060FB384601F033
:10D0CC005DFB0120BDE8F8834826002038B51546E5
:10D0DC0000220446FFF748FE40B11B236374A07C7A
:10D0EC0018B12046FFF7DCFD002038BD2946102280
:10D0FC002046FFF7B1FF0028F1D0A57C002DF4D01D
:10D10C002046FFF7CDFD284638BD00BF0A46092151
:10D11C00FFF7DCBF0A460A21FFF7D8BF0368244A91
:10D12C00DB6C934230B585B02FD16A460921FFF7ED
:10D13C00CDFF38B19DF8003013F0C00304D0402B64
:10D14C0026D0002005B030BD9DF809409DF8063072
:10D15C009DF8072004F003049DF80A0003F0030374
:10D16C0064009DF8051092009DF8085044EAD01018
:10D17C0001F00F0142EA8323084443EA9513073870
:10D18C00013303FA00F005B030BD69469847D0E78B
:10D19C009DF809309DF807105A1C9DF8080001F005
:10D1AC003F0302EB034303EB0020800205B030BDCC
:10D1BC00CDB1000003682DE9F041DB6C84B0324C3A
:10D1CC0005460F461646A3422ED16A460921FFF7A3
:10D1DC007DFF044684B19DF80A305A0616D56B7D46
:10D1EC00032B01D07F0276023A4620212846FFF716
:10D1FC00BBFDE8B126236B74AC7C1CB12846002423
:10D20C00FFF74EFD204604B0BDE8F08103F03F036C
:10D21C009DF80B10721C5B003A4343EAD113134286
:10D22C00DDD027236B74E7E7694698470446D1E7BE
:10D23C00324621212846FFF797FD0028DAD1024615
:10D24C0026212846FFF790FD0028D3D10F4F42F23C
:10D25C00107605F104083B681E44B6B203E03B6847
:10D26C00F31A1B040CD4404601F088FAFF28F6D1BF
:10D27C00AB7C002BC6D028461C46FFF711FDC1E73E
:10D28C0028236B74B8E700BFCDB1000048260020FE
:10D29C0003680A4630B59B6D83B0114D0446AB4212
:10D2AC0014D1407D03284FF01201204618BF5202C2
:10D2BC00FFF75AFD28B10C23A07C637450B903B05E
:10D2CC0030BD01231846E37403B030BD019198477B
:10D2DC00019AE7E72046FFF7E3FC002003B030BDDE
:10D2EC0011AC000070B500260C210446C674324601
:10D2FC00FFF73AFD28B10923A57C63745DB9284674
:10D30C0070BDA57C15B90125284670BD2046FFF7D8
:10D31C00C7FC284670BD35462046FFF7C1FC2846A1
:10D32C0070BD00BFC37C022B05D0012B01D00120A6
:10D33C007047FFF7D7BFFFF7AFBC00BF2DE9F04731
:10D34C009A46C37C06460C46012B1546DDF8208018
:10D35C00099F24D021463046FFF79AFFA8B1B4614B
:10D36C00BAF1000F14D004EB0A0904E02046013492
:10D37C00C047A1450CD04FF4007229463046FFF748
:10D38C006BFE3A4629460028F0D10020BDE8F08714
:10D39C00B369307F5344B36128B1BDE8F08783692A
:10D3AC008B42D7D1DCE73046BDE8F047FFF79ABF98
:10D3BC00F8B51F46C37C06460D46012B14461CD0FF
:10D3CC0029463046FFF764FF78B1B5617FB100257F
:10D3DC0001E0AF420BD04FF40072214630460135CC
:10D3EC001444FFF739FE0028F3D10020F8BDB369CF
:10D3FC00307F1F44B76120B1F8BD83698B42DFD108
:10D40C00E4E73046BDE8F840FFF76CBF70B5041D8B
:10D41C0016460546204601F0CDF94FF40072314610
:10D42C00204601F0D1F92046FF2101F0C3F9204636
:10D43C00FF2101F0BFF9204601F0A0F900F01F0315
:10D44C002875052B09D02023A87C6B7400B970BDFE
:10D45C002846FFF725FC002070BD012070BD00BFE1
:10D46C002DE9F041144D07468846061D2C6804F53D
:10D47C001674A4B203E02B68E31A1B040ED43046D6
:10D48C0001F07CF9FF28F6D14246FC213846FFF723
:10D49C00BDFF70B9B87C30B9BDE8F0812423B87CED
:10D4AC007B740028F8D03846FFF7FAFB0020BDE863
:10D4BC00F081BDE8F08100BF48260020036870B5FC
:10D4CC009B6D82B0154D04461646AB4222D1407D71
:10D4DC000328204618BF49020A461821FFF744FCCE
:10D4EC0048B10D236374A07C18B12046FFF7D8FB1C
:10D4FC00002002B070BD3246FE212046FFF786FFA9
:10D50C000028F0D0A57C002DF3D02046FFF7C8FBF7
:10D51C002846EEE7019198470199D9E711AC000034
:10D52C0010B4047F1CB95DF8044BFFF7C7BF046847
:10D53C000123A46AA4465DF8044B604730B585B05E
:10D54C00054601AC84E80E0094E80E00FFF764FC7D
:10D55C0020B19DF8053003F001032B7705B030BDE9
:10D56C00704700BF084B0021084A094810B4996362
:10D57C001C6B146012685DF8044B1A639A6C22F0F1
:10D58C0081029A640170704700002C406C250020C9
:10D59C008A260020034B04481B6B1840B0FA80F01D
:10D5AC004009704700002C4001000F00024B586AE4
:10D5BC0000F00100704700BF00002C40034B586A7C
:10D5CC0080F08070C0F30060704700BF00002C40FA
:10D5DC00014B1878704700BF8A260020034B586A0D
:10D5EC0080F40060C0F3C020704700BF00002C40E6
:10D5FC00034B586A80F48060C0F38020704700BFF2
:10D60C0000002C40034B04481B6B1840B0FA80F010
:10D61C004009704700002C4002007F114FF47A72D1
:10D62C002B4B2C4902FB00F0496AD3F800212A4B02
:10D63C00C1F3C22102F03F020131A3FB0223F0B47B
:10D64C009B08264DB5FBF3F5B5FBF1F5B0EB151FBB
:10D65C0038D2012201E0FF2A05D852001301B5FB94
:10D66C00F3F39842F7D351080F02B5FBF2F398424B
:10D67C002BD25400012100E01C464E1CB5FBF4F3E8
:10D68C00984202EB04031BD2102E3146F4D1F02346
:10D69C004FF47A72124E134902FB04F412483246CC
:10D6AC00B5FBF4F50D60F16A084040F4602040EAE7
:10D6BC0007011943F162536A1B07FCD5F0BC704794
:10D6CC000B01E5E700270122CFE714460023DFE733
:10D6DC0000800D4000C00F40ABAAAAAA00EC695E06
:10D6EC0000002C40382500200F00F0FF014B18786B
:10D6FC00704700BF821B0020014B1868704700BFA9
:10D70C006C25002030B4054C0D460FCC2860012050
:10D71C006960AA60EB6030BC704700BF40250020F8
:10D72C0030B4054C0D460FCC286001206960AA600E
:10D73C00EB6030BC704700BF50250020024B01202D
:10D74C001B680B60704700BF60250020704700BF4E
:10D75C00F8B50546074FFBF777FE064604E0FBF7E6
:10D76C0073FE801BB84203D8A84704460028F6D1A4
:10D77C002046F8BD40420F002DE9F041DFF8408013
:10D78C0005460E4FC8F80000FBF75EFE064606E0A5
:10D79C00FBF75AFE801BB8420AD8FDF779F9A84767
:10D7AC0004460028F4D1C8F800002046BDE8F081FA
:10D7BC0000232046C8F80030BDE8F08140420F003D
:10D7CC006825002010B504460C21FBF793FF20467A
:10D7DC0010BD00BF0F4B002247F2B80141F2B80058
:10D7EC00C3F8CC21C3F8D021C3F8BC21C3F8C021A5
:10D7FC00C3F8C421C3F8C821C3F8BC13C3F8C013C1
:10D80C00C3F8AC13C3F8B003C3F8B413C3F8B8131C
:10D81C00704700BF00801F40054B1B7833B1054B90
:10D82C001B78002B14BF0320022070470120704787
:10D83C00872600208826002038B5044614480D465B
:10D84C00FFF786FF08BB134BA1029D6007D5996CAF
:10D85C00E2B221F0FF019964996C0A439A6424F0B6
:10D86C00FF040C4D0C48EC60FFF772FF68B92A6B93
:10D87C000A4B1A601A682A631A68D20705D51B6806
:10D88C0013F4702F01D1012038BD002038BD00BF2A
:10D89C006DB6000000002C4055B600006C25002031
:10D8AC0008B5074B07481968FFF7C6FF30B1064BA0
:10D8BC00186980F48070C0F3002008BD012008BDF9
:10D8CC006425002000001A0D00002C4008B5044B04
:10D8DC0004481968FFF7B0FF08B1034B186908BD7D
:10D8EC006425002000001A0D00002C40144B70B56C
:10D8FC000E4684B01968FFF79FFFF0B1114906F18D
:10D90C000F0500230A6900924C6901948C690294FA
:10D91C00C969039101E054F8102C03F003010133A1
:10D92C00C90023F003040F2B22FA01F204A905F815
:10D93C00012D0C44EFD10023F37304B070BD00BF74
:10D94C006425002000002C40054B186810F00200E4
:10D95C0005D01B6803481840B0FA80F040097047A6
:10D96C006C25002000007F11F8B512F0030418BFDD
:10D97C000124002B08BF44F0010444B11E492520AA
:10D98C001E4B40F2F51208701A600020F8BD0646D6
:10D99C001B481D460F461446FFF7EEFE10BB2B042A
:10D9AC00184A194D4FF0010E1A40184985F800E03D
:10D9BC00174B42F400720860164D17491C605A60F0
:10D9CC009D630B78B3B979023046FFF735FF002819
:10D9DC00DBD01248FFF7D0FE0028D6D1BDE8F840C6
:10D9EC00FFF7B2BF04490A20044B4FF4FC720870D5
:10D9FC001A60CAE73946E7E7821B00203C25002065
:10DA0C0061B900000000FF1F8A2600206C25002051
:10DA1C0000002C4002007F118826002091B60000E7
:10DA2C00194970B40B7813F0C00311D0402B02D0FD
:10DA3C00002070BC70474B7ACC795A1C087A04F0E1
:10DA4C003F0302EB034303EB002070BC80027047E2
:10DA5C004D7A8B79CA7905F00305887A03F00303B4
:10DA6C006D004C7992000E7A45EAD01004F00F014B
:10DA7C0042EA8323084443EA96130738013370BC07
:10DA8C0003FA00F0704700BF50250020037ADB0733
:10DA9C0003D50E4B1B6893B118470D4B1B7833B94C
:10DAAC000C4B586A80F08070C0F300607047094BD3
:10DABC0009481B6B1840B0FA80F040097047074BBF
:10DACC0018780028F2D0FFF7EBBE00BF68250020C5
:10DADC008926002000002C4002007F1186260020A1
:10DAEC002C4838B5837A154603F040025AB903F036
:10DAFC003F0302F0FF04C27A681C5B00084343EA50
:10DB0C00D213034221D1244B1B780BB949026D026D
:10DB1C002248FFF791FE044640B921490F20214BC2
:10DB2C0040F2EB2208701A60204638BD29461E4888
:10DB3C00FFF782FE044688B919491020194B40F2B0
:10DB4C00EE22087020461A6038BD15492720154B67
:10DB5C0040F2E322087020461A6038BD00211348B9
:10DB6C00FFF76AFE044638B90D4911200D4B40F2FF
:10DB7C00F12208701A60D7E70D48FFF7E9FD00287D
:10DB8C00D2D007492820074B4FF43D72002408706F
:10DB9C001A60C9E7502500208826002000001A20B2
:10DBAC00821B00203C25002000001A2100001B26AF
:10DBBC0061B9000010B50E480024FFF7C9FD0D49EE
:10DBCC000D4A0E4B0C70116B19601968116318B962
:10DBDC001A680B4B134043B10A491F240A4B40F2FD
:10DBEC007A2200200C701A6010BD012010BD00BFFD
:10DBFC00C5B600008926002000002C406C250020B2
:10DC0C0000007F11821B00203C25002038B5184CE9
:10DC1C0000211848A36A23F48033A362FFF70CFE9B
:10DC2C00054640B914490920144B40F23D220870B6
:10DC3C001A60284638BD1248FFF79EFD70B9636A1A
:10DC4C009B07F6D5616B2846A36AE26A23F48033FE
:10DC5C0042F08062E2626163A36238BD06490A2029
:10DC6C00064B4FF41072002508701A60284638BD18
:10DC7C0000002C400000DB0C821B00203C25002007
:10DC8C007DB6000070B51E4E0D463378002B31D199
:10DC9C001C4B5A6AD10507D49A6A22F480329A62D4
:10DCAC009A6A42F400329A62164C1748A36A43F4FB
:10DCBC008033A362FFF74CFD98B920462B1F05F566
:10DCCC00FE74426A5205FCD503F1400153F8042F4F
:10DCDC0099420262FAD18C420B46F2D1012030708B
:10DCEC0070BD0A4921240A4B40F2D93200200C7035
:10DCFC001A6070BDFFF75EFF0028C9D170BD00BF70
:10DD0C008926002000002C40B1B60000821B0020A8
:10DD1C003C25002010B514480C46FFF72DFDC8B962
:10DD2C00124B4FF4007012499A6A22F480329A62B4
:10DD3C0058600B7863B961020E48FFF77DFD30B96E
:10DD4C000D490E240D4B4FF487620C701A6010BDF8
:10DD5C002146F1E708490A20084B40F22C42087092
:10DD6C0000201A6010BD00BF61B9000000002C40FB
:10DD7C008826002020003A19821B00203C25002018
:10DD8C00F8B50646007A0C461546C0071F4613D454
:10DD9C0083B10F4401E0BC420CD033682A462146C3
:10DDAC0030465B6A05F50075013498470028F2D1BE
:10DDBC000020F8BD0120F8BD900712D0002BF9D03F
:10DDCC000F4401E0A742F5D033682A46214630467D
:10DDDC005B6A05F50075013498470028F2D10020E4
:10DDEC00F8BD0648FFF7C0FD0028E3D104490E2416
:10DDFC00044B40F21E420C701A60F8BD27003A1911
:10DE0C00821B00203C25002070B5037A1546ADF529
:10DE1C00007D0E46DA0719D5AB0706D029464FF41C
:10DE2C00007268466D46FBF7C9FB2A463146012352
:10DE3C002148FFF799FD30B920490D24204B40F2C1
:10DE4C00F2320C701A600DF5007D70BD1D4B04464E
:10DE5C001B78ABB9637A022B08D0236820461B6A67
:10DE6C00984798B900200DF5007D70BD63689E42FF
:10DE7C0016D0236820461B6A98470028F2D005E08C
:10DE8C00FFF798FE0028E5D10020ECE72368314627
:10DE9C0020461B6E98470028E4D00223666063720C
:10DEAC00236829462046DB6D98470028DAD0636842
:10DEBC0001336360C7E700BF01003A18821B0020E2
:10DECC003C25002089260020F8B50646007A0C4631
:10DEDC001546C0071F4613D483B10F4401E0BC4262
:10DEEC000CD033682A46214630461B6905F500756F
:10DEFC00013498470028F2D10020F8BD0120F8BD6C
:10DF0C00900712D0002BF9D00F4401E0A742F5D0B6
:10DF1C0033682A46214630461B6905F500750134E5
:10DF2C0098470028F2D10020F8BD0648FFF71CFDE9
:10DF3C000028E3D104490C24044B40F282320C70CB
:10DF4C001A60F8BD37003A12821B00203C250020D5
:10DF5C00F8B505461B480C46FFF7FAFB40B11A49C9
:10DF6C000A201A4B4FF4CC72087000201A60F8BDCE
:10DF7C00174A0127174B29461770174E174D184A89
:10DF8C0030601C6017485D609A63FFF755FC38B928
:10DF9C000D4904240D4B40F29F120C701A60F8BD11
:10DFAC001148FFF7E9FB18B9FFF7CEFC00B1F8BD3B
:10DFBC0005492520054B4FF4D172087000201A60DA
:10DFCC00F8BD00BF61B90000821B00203C25002079
:10DFDC008A26002000002C406C2500204000010007
:10DFEC0002007F1111003A0691B600002DE9F043B2
:10DFFC00B74A0023B74D0524017291B02B704372C0
:10E00C00D2F80001B44F40F08000B44EDFF83483F6
:10E01C003B70337088F80030C2F80001D2F8000170
:10E02C00AF4B20F03F00AF49C2F80001D2F800011D
:10E03C0040F01800C2F80001D2F8000120F0800076
:10E04C00C2F80001D3F88020A74842F00C02C3F8B4
:10E05C0080205A6A22F460525A62DA6942F48032A1
:10E06C00DA615A6A42F400625A620246C1F8CC4143
:10E07C00C1F8D041C1F8BC41C1F8C041C1F8C4419C
:10E08C00C1F8C841816C994B41F000418164C16A6F
:10E09C000B43C362D36A944CD901FBD44FF4C870C0
:10E0AC00FFF7BCFAFFF796FB9149924B924A6163DA
:10E0BC00C3F8F821914B6020914A4FF480411870BD
:10E0CC0023461160E26A42F00062E262D96A11F002
:10E0DC000061FBD10846FFF7AFFB044600284DD08A
:10E0EC0003244FF4D5718748FFF7A6FB00285CD1B9
:10E0FC00013CF6D198F80030834C002B08BF4FF44C
:10E10C004014FBF7A1F9DFF84082814600217F48DB
:10E11C00FFF792FB50B917217D4B40F29F22002450
:10E12C0029701A60204611B0BDE8F0832146794869
:10E13C00FFF782FB0028EED0FBF786F9C9EB000055
:10E14C00694A4045E7D81369002BDFDA1169724B35
:10E15C00196013695A0001D50123337000216F48EF
:10E16C00FFF76AFB044698B90221694B4FF42A72F7
:10E17C00204629701A6011B0BDE8F0830121644B70
:10E18C0040F28E22204629701A6011B0BDE8F0834F
:10E19C0000216348FFF750FB0446C0B903215C4BD8
:10E1AC0040F2AB2229701A60BCE74F4B1B69B3F5E8
:10E1BC00D57F07D00621564B4FF4257200242970C9
:10E1CC001A60AFE70123504C88F8003099E7464EAF
:10E1DC00544B3269DFF87481134053495348C8F8E3
:10E1EC000030FFF783FB044630B90721484B4FF44E
:10E1FC002C7229701A6095E74D494E48FFF776FB53
:10E20C00044630B90821424B40F2B32229701A60FF
:10E21C0088E7D8F800104848FFF70EFB044630B9E1
:10E22C0005213B4B40F2B62229701A607AE7D8F8E8
:10E23C0000103648FFF700FB38B91421344B40F27C
:10E24C00BA22002429701A606CE702213B48FFF7C0
:10E25C00F3FA04460028F0D0B36A4FF010126FF0B6
:10E26C007F40694623F00603B362B36A43F00203AE
:10E27C00B3627264FFF76CFE18B19DF80D309B070A
:10E28C0016D446F2A810174B0522C3F8CC21C3F8BC
:10E29C00D021C3F8BC21C3F8C021C3F8C421C3F8F2
:10E2AC00C821FFF7BBF9FFF795FA01233B7039E75B
:10E2BC0069462348FFF74CFE0028E2D09DF8103049
:10E2CC0003F00F03012BDCD14CF25030DBE700BF25
:10E2DC0000800D40821B002086260020882600200E
:10E2EC0000C00F4000801F4000002C400080000147
:10E2FC000B007F11001C002025B600006EE400E02E
:10E30C000CE100E000001A080000304000001A3751
:10E31C003C25002000000229602500200000090295
:10E32C0000001A030000FFFF50250020000009091F
:10E33C00402500200000090A00001B0700001A06F7
:10E34C00F1FFFF808726002040420F00642500204B
:10E35C0038B5274B0D465A6A94050DD49A6A22F4A7
:10E36C0080329A6272B69A6A42F400329A629A6A5F
:10E37C0042F480329A6262B61E48FFF7E9F900282F
:10E38C002DD12B1F1A4905F5FE754A6A1005FCD5CF
:10E39C0003F140000A6A164C43F8042F9842F9D155
:10E3AC0085420346F1D11448FFF7D2F970B9226BBC
:10E3BC00124B1A601A6822631A68920717D51B68E9
:10E3CC000F481840B0FA80F0400938BD0D491D20A7
:10E3DC000D4B40F24232087000201A6038BD0949DA
:10E3EC001A24094B40F2373200200C701A6038BDE9
:10E3FC0000002C409DB60000C5B600006C25002026
:10E40C0000007F11821B00203C25002010B5144811
:10E41C000C46FFF7B1F9C8B9124B4FF40070124912
:10E42C009A6A42F480329A6258600B7863B961023E
:10E43C000E48FFF701FA30B90D490C240D4B40F290
:10E44C009E320C701A6010BD2146F1E708490A2073
:10E45C00084B40F29232087000201A6010BD00BFC9
:10E46C0061B9000000002C408826002030003A12D0
:10E47C00821B00203C25002070B5037AADF5007D91
:10E48C001546DC0711D5930720D0012329486A468D
:10E49C00FFF76AFA00B3694628464FF40072FBF79F
:10E4AC008DF801200DF5007D70BD234B04460E4602
:10E4BC001B7833BB637A012B19D0236820461B6A67
:10E4CC00984720BB00200DF5007D70BD0123194835
:10E4DC00FFF74AFA0028E4D10B201849184B40F2F8
:10E4EC005532087000201A600DF5007D70BD636810
:10E4FC009E4215D0236820461B6A98470028E1D01D
:10E50C0005E0FFF757FB0028D4D10020DBE73146AC
:10E51C002046FFF77BFF0028D4D00123666063728E
:10E52C0029462046FFF714FF0028CBD0636801333F
:10E53C006360D9E711003A1189260020821B002064
:10E54C003C25002070B5144A00250E46457229461C
:10E55C00936A124823F480339362FFF76DF90446F3
:10E56C0088B10EB9204670BD0D48FFF705F900289B
:10E57C00F8D02C460B490A200B4B4FF46E720870E6
:10E58C0020461A6070BD07490920074B4FF46D7285
:10E59C00087020461A6070BD00002C400000DB0C97
:10E5AC007DB60000821B00203C250020094B1B7807
:10E5BC0010B504464BB9637A0BB9012010BD204647
:10E5CC000121BDE81040FFF7BDBFFFF7F3FA0028AB
:10E5DC00F1D110BD892600200121FAF7A7BF00BF99
:10E5EC00FAF798BF0368416830B4DA7C8468002A73
:10E5FC0028D072B6DA7CD50706D533485A69056837
:10E60C002A409A620260DA7C900706D52F489A69F4
:10E61C0005682A40DA620260DA7C550706D52C4878
:10E62C00DA6905682A401A630260DA7C100706D59D
:10E63C0028481A6A05682A405A630260DA7CD206B6
:10E64C002BD462B69A688A422ED0234A996092697A
:10E65C002248C2F30115C2F3826250F82500013240
:10E66C00B0FBF2F0B9B1B0FBF1F242B1B0FBF2F099
:10E67C00884288BF0132B2F5817F17D3184ADA601D
:10E68C001B680025032001211D6158621A641C6659
:10E69C00196130BC70470246E7E712485A6A0568B0
:10E6AC002A409A630260CCE7DA68E9E7022A98BF4D
:10E6BC000022E4D9023A5008010442EA002201F493
:10E6CC007F010A43DBE700BF80E100E084E100E06A
:10E6DC0088E100E08CE100E000C00F40DC0C002081
:10E6EC00FF7F7F0090E100E000B585B00DF1100ECA
:10E6FC000EE90E00039B33B10360184605B05DF8BC
:10E70C0004EBFCF78BBE044A13460260184605B0B6
:10E71C005DF804EBFCF782BEDC1600200268D37CAB
:10E72C00E3B1D80703D50E4B916A1960D37C9907D6
:10E73C0003D50C4BD16A1960D37C580703D50A4B0F
:10E74C00116B1960D37C190703D5084B516B1960F9
:10E75C00D37CDB0602D5926B054B1A60704700BF69
:10E76C0000E100E004E100E008E100E00CE100E081
:10E77C0010E100E00068FCF76DBF00BF0268FF23EA
:10E78C0012685366D36D13F4F81FFBD0506FC0B2F0
:10E79C00704700BF70B50C4616460546FF21204653
:10E7AC0000F0B6FB2868334622462146FCF74EFFA4
:10E7BC00002070BD03681A685166D36D13F4F81FFE
:10E7CC00FBD0536F704700BF30B5551EADF5017DC2
:10E7DC001346B5F5007F10D362B10268C8181268F1
:10E7EC0011F8013B5366D36D13F4F81FFBD0814233
:10E7FC00536FF5D10DF5017D30BD144605466846C5
:10E80C00FAF7DCFE23466A4669462868FCF71EFFC9
:10E81C000DF5017D30BD00BFB1F5807F70B41DD802
:10E82C0010293FD840232026B2FBF3F1B1F5806FBD
:10E83C001DD203FB11238C08C9B224F03F04817054
:10E84C00B2FBF6F506FB1522B3FBF6F30132DBB295
:10E85C0022430370D2B270BC427070473F231E46F5
:10E86C0080290CD9B1F5FC7F0BD81B01DCE7FF210B
:10E87C00FE230A4603708170427070BC7047DB0047
:10E88C00D2E7B1F57C7F04D9B1F5FC6F03D89B01BD
:10E89C00CAE75B01C8E7B1F57C6F94BFDB01C3EB42
:10E8AC000323C1E7202902D880232026BCE720239C
:10E8BC001E46D5E713460A460146022000F05EBC10
:10E8CC00014B1868704700BF501B002070B50F4EED
:10E8DC000F4D761BB61018BF002405D0013455F827
:10E8EC00043B9847A642F9D10A4E0B4D761B00F01B
:10E8FC00CFFDB61018BF002406D0013455F8043BE8
:10E90C009847A642F9D170BD70BD00BF681E00606B
:10E91C00681E0060741E0060681E0060024B014699
:10E92C00186800F00BB800BF501B0020024B0146CA
:10E93C00186800F0C3BC00BF501B00202DE9F04F3D
:10E94C0001F10B05162D83B0064640F29F8035F081
:10E95C00070500F1BF80A94200F2BC8000F026FB45
:10E96C00B5F5FC7FC0F09C826B0A00F0BA80042BDA
:10E97C0000F28381A80900F1390E4FEA4E033830BA
:10E98C00C44F07EB8303A3F108015C68A14207D1D4
:10E99C00ACE0002A80F2AC80E468A14200F0A680D2
:10E9AC00636823F003035A1B0F2AF2DDB9493C6953
:10E9BC0001F1080E744500F0B381636823F0030382
:10E9CC005A1B0F2A00F39981002AC1F814E0C1F8F0
:10E9DC0010E080F29E80B3F5007F80F06781DB0849
:10E9EC0003F1010C01229B1002FA03F34A6851F85F
:10E9FC003C80C4F8088001EBCC091A43A9F1080348
:10EA0C00E3604A6041F83C40C8F80C408310012494
:10EA1C009C40944200F28A80144206D120F00300FC
:10EA2C006400144200F10400FAD007EBC009CC4694
:10EA3C008046DCF80C108C4507D173E1002A80F27B
:10EA4C008181C9688C4500F06D814B6823F003030C
:10EA5C005A1B0F2AF2DD0C46D1F80CC054F8088F63
:10EA6C004B1945F001054D6042F00101C8F80CC08E
:10EA7C003046CCF808807B613B61C3F80CE0C3F8EE
:10EA8C0008E059609A5000F093FA1FE0102921D841
:10EA9C0000F08CFA1025062302207E4F07EB83032F
:10EAAC00A3F108025C68944200F045816368E16858
:10EABC00A56823F00303234430465A68E96042F00A
:10EACC0001028D605A6000F073FA0834204603B0DE
:10EADC00BDE8F08F00240C232046336003B0BDE862
:10EAEC00F08F80234FF0400E3F2049E770465DE7E2
:10EAFC002344E1685A68A56842F00102E960304697
:10EB0C008D605A6000F054FA0834204603B0BDE81A
:10EB1C00F08F234430465A6842F001025A6000F0EC
:10EB2C0047FA0834204603B0BDE8F08FBC68636830
:10EB3C0023F00308A84504D3C5EB08030F2B00F3FF
:10EB4C008C80554BDFF860911A68D9F8003001338E
:10EB5C002A4404EB080A00F0608102F580520F325F
:10EB6C0022F47F6222F00F0211463046019200F02F
:10EB7C0021FAB0F1FF3F8346019A00F0588182459B
:10EB8C0000F2FC80454B1968DA451144196000F01D
:10EB9C005381D9F80000DFF810E101301BBFCAEB3C
:10EBAC000B0A5144CEF800B019601BF0070100F0BD
:10EBBC001781C1F10800C1F58051834408315A44D2
:10EBCC00C2F30B02C2EB010949463046019300F037
:10EBDC00F1F9431C019B00F03F81CBEB00024A444E
:10EBEC0042F001021968C7F808B04944BC42CBF89E
:10EBFC0004201960DFF8A49016D0B8F10F0F40F282
:10EC0C00FD806268A8F10C0323F00703E01802F002
:10EC1C0001024FF0050E1A430F2B6260C0F804E09E
:10EC2C00C0F808E000F21C811D4BBC681A689142C8
:10EC3C0088BF19601B4B1A689142626888BF1960C3
:10EC4C0022F003029542A2EB050301D80F2B04DC42
:10EC5C00304600F0ADF9002438E7621943F00103A7
:10EC6C0045F0010565603046BA60536000F0A0F9CC
:10EC7C000834204603B0BDE8F08F142B71D9542B07
:10EC8C0000F2A480280B00F16F0E4FEA4E036E3099
:10EC9C0076E600BF40170020E4250020B4250020B4
:10ECAC00DC250020E0250020481B00205A0A042AFD
:10ECBC005ED9142A00F2B38002F15C0149005B3288
:10ECCC0007EB810C57F82110DFF8DC81ACF1080C54
:10ECDC008C4500F088804A6822F00302934202D2ED
:10ECEC0089688C45F7D1D1F80CC07A68C4F80CC08F
:10ECFC00A160CCF80840CC6088E6631942F00107AB
:10ED0C0045F00105656030464B610B61C3F80CE0C2
:10ED1C00C3F808E05F609A50083400F049F9D5E672
:10ED2C004A6873E608F1010818F0030F0CF1080C9F
:10ED3C007FF47FAE30E0DC68A34208BF02303FF4C2
:10ED4C0035AEB3E60B440C465A68C96854F8085FF4
:10ED5C0042F001025A603046E9608D6000F028F9FB
:10ED6C00B4E603F15C0E03F15B004FEA4E0307E6D9
:10ED7C009A0902F1390149003832A1E7BC424A4BE9
:10ED8C003FF400AF9C68626822F003025AE759F81E
:10ED9C000839994540F0828010F0030F00F1FF30E4
:10EDAC00F5D17B6823EA04037B6064009C423FF648
:10EDBC00BDAE002C3FF4BAAE1C4240467FF435AEDB
:10EDCC0064001C4200F10400FAD02EE6B3F5AA7FD1
:10EDDC0018D8E80B00F1780E4FEA4E037730CFE5E8
:10EDEC004FF48051EBE60121D8F80430921001FA6F
:10EDFC0002F21A43C8F80420614677E70123CBF8E6
:10EE0C00043025E740F25452934220D8A80C00F16C
:10EE1C007D0E4FEA4E037C30B2E51032A4E6542A44
:10EE2C0026D81A0B02F16F0149006E3248E7BC6814
:10EE3C00626822F0030205E7CAF30B0000287FF496
:10EE4C00A8AE4244BB6842F001025A60ECE6FE23D5
:10EE5C004FF07F0E7E2093E501224FF00009C1E6B2
:10EE6C0004F10801304600F029FAD9F80010DBE66D
:10EE7C00B2F5AA7F05D8DA0B02F178014900773296
:10EE8C001EE740F254518A4205D89A0C02F17D01DA
:10EE9C0049007C3214E7FE217E2211E77B6884E76F
:10EEAC00E808431C5B00F8E540170020032A70B407
:10EEBC0026D940EA01039B0711D004780D78AC42A7
:10EECC0022D10244431C05E013F8014B11F8015FF9
:10EEDC00AC4219D19342F7D1002070BC70470C465C
:10EEEC0003461E682568AE421846214603F104030A
:10EEFC0004F10404E1D1043A032A18462146F0D85F
:10EF0C00002ADAD11046E8E7601B70BC704700BFDE
:10EF1C0070B4840746D0541E002A41D0CDB20346AB
:10EF2C0002E0621EE4B3144603F8015B9A07F8D1C1
:10EF3C00032C2ED9CDB245EA05250F2C45EA054503
:10EF4C0019D903F110022646103E0F2E42F8105C20
:10EF5C0042F80C5C42F8085C42F8045C02F11002C6
:10EF6C00F2D8A4F1100222F00F0204F00F041032B8
:10EF7C00032C13440DD91E462246043A032A46F8A4
:10EF8C00045BFAD8221F22F003020432134404F06B
:10EF9C0003042CB1C9B21C4403F8011BA342FBD1DE
:10EFAC0070BC704714460346C2E700BF704700BFF1
:10EFBC00704700BF38B5074C002305460846236050
:10EFCC00FAF7A2FC431C00D038BD2368002BFBD001
:10EFDC002B6038BD0027002000000000000000005E
:10EFEC000000000000000000000000000000000015
:10EFFC000000000000000000000000000000000005
:10F00C0090F800F06DE9024520F007016FF0000C5C
:10F01C0010F0070491F820F040F049804FF0000404
:10F02C006FF00700D1E9002391F840F000F10800DF
:10F03C0082FA4CF2A4FA8CF283FA4CF3A2FA8CF317
:10F04C004BBBD1E9022382FA4CF200F10800A4FA7E
:10F05C008CF283FA4CF3A2FA8CF3E3B9D1E90423D2
:10F06C0082FA4CF200F10800A4FA8CF283FA4CF309
:10F07C00A2FA8CF37BB9D1E9062301F1200182FAC3
:10F08C004CF200F10800A4FA8CF283FA4CF3A2FAC9
:10F09C008CF3002BC6D0002A04BF04301A4612BAD7
:10F0AC00B2FA82F2FDE8024500EBD2007047D1E9DA
:10F0BC00002304F00305C4F100004FEAC50514F069
:10F0CC00040F91F840F00CFA05F562EA05021CBF3A
:10F0DC0063EA050362464FF00004A9E7002A41D019
:10F0EC0040EA010313F00303F0B425D1032A23D91A
:10F0FC0004680D68AC421FD1043A35D0A4F1013537
:10F10C0025EA040414F0803F31D1071D0D1D0DE0DC
:10F11C0057F8043B0E68A3F10134B34224EA03040C
:10F12C000AD1043A20D014F0803F23D1032A294677
:10F13C00384605F10405EBD803780C789C4202F1B3
:10F14C00FF320CD182B114B916E06AB17BB110F860
:10F15C00013F11F8014FA34202F1FF32F5D0181B09
:10F16C00F0BC7047104670471046F0BC704718460C
:10F17C00F0BC70470020F3E72046F1E72DE9F0479B
:10F18C00254C2568D5F8484106468846924699464E
:10F19C00C4B360681F2817DC431C76B104EB8005F0
:10F1AC000122C5F888A0D4F8881182401143022EA0
:10F1BC00C4F88811C5F808911ED00230636044F879
:10F1CC0020800020BDE8F087144B03B34FF4C870C7
:10F1DC00FFF7A4FB0446D0B1D5F84831002780E8EE
:10F1EC008800C5F8484138460123C4F88871C4F832
:10F1FC008C71002EE1D0D1E7D4F88C110A43C4F8FD
:10F20C008C21DAE705F5A674C5F84841C1E74FF043
:10F21C00FF30BDE8F08700BFEC0C0020DDC900001A
:10F22C00F8B5234F0C460646FFF7C0FEBB685D6879
:10F23C0025F00305291B01F6EF7121F47F6121F004
:10F24C000F01A1F58054B4F5805F07DB0021304637
:10F25C00FFF7B0FEBB682B44984204D03046FFF752
:10F26C00A7FE0020F8BD61423046FFF7A3FE013037
:10F27C000DD0104BBA6819682D1B45F001053046AE
:10F28C00091B55601960FFF793FE0120F8BD0021A2
:10F29C003046FFF78FFEBA68831A0F2BDEDD064C63
:10F2AC000449246843F00103001B53600860D5E750
:10F2BC0040170020B4250020481B0020002945D011
:10F2CC002DE9F0410D468046FFF770FE55F8047CA1
:10F2DC006A4927F00103A5F10804E2188E6850680A
:10F2EC00B24220F0030062D0FE0750600BD455F8F8
:10F2FC00087CE41B01F1080EA56875453B446FD0F2
:10F30C00E768EF60BD6015186D68ED0742D543F0F6
:10F31C0001026260E350B3F5007F18D2DB085A1C7F
:10F32C004D6851F83270A76001209B1000FA03F36E
:10F33C0001EBC2001D430838E0604D6041F83240DB
:10F34C00FC604046BDE8F041FFF732BE70475A0AF8
:10F35C00042A53D89A0902F139077F0002F13805C3
:10F36C0001EB870051F827204449083890424DD0D2
:10F37C00516821F003018B4202D292689042F7D17E
:10F38C00D068E060A2608460D4604046BDE8F04183
:10F39C00FFF70EBE95683A4FBD4203443FD0D0688C
:10F3AC00E86043F0010285606260E350B3E7FF0759
:10F3BC00034407D455F8082CA41A1344A068E26837
:10F3CC00C26090602F4A126843F001009342606063
:10F3DC008C60B6D32C4B40461968FFF721FFB0E781
:10F3EC0011184968C90744D49168D268CA600344AB
:10F3FC0043F0010091606060E350A2E7142A17D833
:10F40C0002F15C077F0002F15B05A9E7AA104B68CB
:10F41C00012505FA02F213434B600246B1E743F0B3
:10F42C0001024C610C61E560A5606260E35088E705
:10F43C00542A06D81A0B02F16F077F0002F16E05F1
:10F44C008EE7B2F5AA7F06D8DA0B02F178077F00B7
:10F45C0002F1770584E740F25450824206D89A0CA8
:10F46C0002F17D077F0002F17C0579E7FE277E25FE
:10F47C0076E743F001026260E35062E74017002038
:10F48C00481700204C1B0020E42500200000000041
:10F49C005FF800F0191E00605FF800F06D1D006051
:04F4AC00F8B500BFF0
:08F4B00040BEFF7F01000000D7
:10F4B8000000000000000000000000000000000044
:10F4C8000000000000000000000000000000000034
:10F4D8000000000000000000000000000000000024
:10F4E8000000000000000000000000000000000014
:10F4F8000000000000000000000000000000000004
:10F5080000000000000000000000000000000000F3
:10F5180000000000000000000000000000000000E3
:10F5280000000000000000000000000000000000D3
:10F5380000000000000000000000000000000000C3
:10F5480000000000000000000000000000000000B3
:10F5580000000000000000000000000000000000A3
:10F568000000000000000000000000000000000093
:10F578000000000000000000000000000000000083
:10F588000000000000000000000000000000000073
:10F598000000000000000000000000000000000063
:10F5A8000000000000000000000000000000000053
:10F5B8000000000000000000000000000000000043
:10F5C8000000000000000000000000000000000033
:10F5D8000000000000000000000000000000000023
:10F5E8000000000000000000000000000000000013
:10F5F8000000000000000000000000000000000003
:10F6080000000000000000000000000000000000F2
:10F6180000000000000000000000000000000000E2
:10F6280000000000000000000000000000000000D2
:10F6380000000000000000000000000000000000C2
:10F6480000000000000000000000000000000000B2
:10F6580000000000000000000000000000000000A2
:10F668000000000000000000000000000000000092
:10F678000000000000000000000000000000000082
:10F688000000000000000000000000000000000072
:10F698000000000000000000000000000000000062
:10F6A8000000000000000000000000000000000052
:10F6B8000000000000000000000000000000000042
:10F6C8000000000000000000000000000000000032
:10F6D8000000000000000000000000000000000022
:10F6E8000000000000000000000000000000000012
:10F6F8000000000000000000000000000000000002
:10F7080000000000000000000000000000000000F1
:10F7180000000000000000000000000000000000E1
:10F7280000000000000000000000000000000000D1
:10F738000D0A0000FF00780180014302880187015B
:10F748008C018B01920191019501F60199019801B3
:10F758009A013D029E012002A801A701AD01AC015A
:10F76800B001AF01B901B801BD01BC01BF01F7018A
:10F77800C601C401C901C701CC01CA01DD018E015E
:10F78800F301F101F501F4013A02652C3C023B0258
:10F798003E02662C42024102530281015402860154
:10F7A8005602890157028A0159028F015B029001B2
:10F7B800600293016302940168029701690296014D
:10F7C8006B02622C6F029C0172029D0175029F01FF
:10F7D8007D02642C8002A6018302A9018802AE0181
:10F7E800890244028A02B1018B02B2018C024502ED
:10F7F8009202B7017B03FD037C03FE037D03FF0335
:10F80800AC038603C203A303CC038C03CD038E038E
:10F81800CE038F03F203F903F803F703FB03FA039C
:10F82800CF04C0047D1D632C511F591F531F5B1F3C
:10F83800551F5D1F571F5F1F781FF81F791FF91F7E
:10F84800B31FBC1FCC1FC31FE51FEC1FFC1FF31FFA
:10F858004E21322184218321612C602C762C752C39
:10F8680000000000003E5B4F5B3E3E6B4F6B3E1C52
:10F878003E7C3E1C183C7E3C181C577D571C1C5E69
:10F888007F5E1C00183C1800FFE7C3E7FF00182440
:10F898001800FFE7DBE7FF30483A060E26297929EA
:10F8A80026407F050507407F05253F5A3CE73C5A1F
:10F8B8007F3E1C1C08081C1C3E7F14227F22145FFC
:10F8C8005F005F5F06097F017F006689956A606057
:10F8D80060606094A2FFA29408047E040810207E51
:10F8E800201008082A1C08081C2A08081E101010D6
:10F8F800100C1E0C1E0C30383E3830060E3E0E061C
:10F90800000000000000005F00000007000700146E
:10F918007F147F14242A7F2A12231308646236492D
:10F928005620500008070300001C22410000412215
:10F938001C002A1C7F1C2A08083E0808008070301A
:10F948000008080808080000606000201008040289
:10F958003E5149453E00427F40007249494946218F
:10F9680041494D331814127F1027454545393C4A03
:10F97800494931412111090736494949364649491A
:10F98800291E000014000000403400000008142262
:10F9980041141414141400412214080201590906D0
:10F9A8003E415D594E7C1211127C7F494949363ED1
:10F9B800414141227F4141413E7F494949417F09B7
:10F9C8000909013E414151737F0808087F00417FC2
:10F9D80041002040413F017F081422417F404040C0
:10F9E800407F021C027F7F0408107F3E4141413E58
:10F9F8007F090909063E4151215E7F0919294626DA
:10FA08004949493203017F01033F4040403F1F20DD
:10FA180040201F3F4038403F6314081463030478B4
:10FA280004036159494D43007F41414102040810D4
:10FA380020004141417F040201020440404040400F
:10FA4800000307080020545478407F28444438387D
:10FA580044444428384444287F38545454180008EF
:10FA68007E090218A4A49C787F0804047800447DC9
:10FA780040002040403D007F1028440000417F4066
:10FA8800007C047804787C080404783844444438BA
:10FA9800FC1824241818242418FC7C08040408489A
:10FAA8005454542404043F44243C4040207C1C20EB
:10FAB80040201C3C4030403C44281028444C909046
:10FAC800907C4464544C44000836410000007700A0
:10FAD80000004136080002010204023C2623263CAD
:10FAE8001EA1A161123A4040207A38545455592138
:10FAF8005555794122545478422155547840205420
:10FB08005579400C1E52721239555555593954546D
:10FB1800545939555454580000457C410002457DDC
:10FB2800420001457C407D1211127DF0282528F005
:10FB38007C545545002054547C547C0A097F493232
:10FB4800494949323A4444443A324A4848303A41A9
:10FB580041217A3A42402078009DA0A07D3D424252
:10FB6800423D3D4040403D3C24FF2424487E4943DB
:10FB7800662B2FFC2F2BFF0929F620C0887E09034E
:10FB880020545479410000447D413048484A323875
:10FB98004040227A007A0A0A727D0D19317D2629A1
:10FBA800292F28262929292630484D402038080899
:10FBB800080808080808382F10C8ACBA2F102834CD
:10FBC800FA00007B000008142A142222142A1408C0
:10FBD8005500550055AA55AA55AAFF55FF55FF00CF
:10FBE8000000FF00101010FF00141414FF00101084
:10FBF800FF00FF1010F010F0141414FC001414F798
:10FC080000FF0000FF00FF1414F404FC1414171084
:10FC18001F10101F101F1414141F00101010F000D4
:10FC28000000001F101010101F10101010F010000E
:10FC38000000FF101010101010101010FF1000001E
:10FC480000FF140000FF00FF00001F10170000FC59
:10FC580004F414141710171414F404F40000FF002B
:10FC6800F714141414141414F700F71414141714B4
:10FC780010101F101F141414F4141010F010F000BA
:10FC8800001F101F0000001F14000000FC140000DB
:10FC9800F010F01010FF10FF141414FF14101010BF
:10FCA8001F00000000F010FFFFFFFFFFF0F0F0F072
:10FCB800F0FFFFFF0000000000FFFF0F0F0F0F0F06
:10FCC8003844443844FC4A4A4A347E020206060252
:10FCD8007E027E0263554941633844443C04407EB9
:10FCE800201E2006027E020299A5E7A5991C2A4932
:10FCF8002A1C4C7201724C304A4D4D3030487848BD
:10FD080030BC625A463D3E494949007E0101017EA8
:10FD18002A2A2A2A2A44445F444440514A444040FB
:10FD2800444A51400000FF0103E080FF000008083A
:10FD38006B6B083612362436060F090F06000018BA
:10FD4800180000001010003040FF0101001F0101E1
:10FD58001E00191D1712003C3C3C3C00000000002E
:10FD68006100E01AE000E017F800E0070001013048
:10FD780032010106390101104A01012E79010106FB
:10FD880082010104A0010106B3010104CD010110A3
:10FD9800DE010112F8010128220201124602010ABD
:10FDA800AD03DB03B103E011C303E009D803011875
:10FDB8003004E0205004B010600401228A040136A7
:10FDC800C104010ED00401446105D026001E01962D
:10FDD800A01E015A001F0808101F0806201F080847
:10FDE800301F0808401F0806601F0808701F4A02D5
:10FDF800721F5604761F64027A1F70027C1F7E02EF
:10FE0800801F0808901F0808A01F0808B01F0802D4
:10FE1800D01F0802E01F08027021F010D024E61A53
:10FE2800302CD02F672C0106802C0164002D002671
:10FE380041FFE01A1F1C1F1E1F1E1F1F1E1F1E1F13
:10FE48006CC00F40C0000000504F00000994000033
:10FE58000CFF00001300000000000000000000007C
:10FE680024851F400BFF0000130000000000000065
:10FE78000000000028851F400DFF0000130000004F
:10FE8800000000000000000020851F400A25240013
:10FE9800130000001200000012000000010203001D
:10FEA800000000001C851F4000000000000000004A
:10FEB8000000000000000000F1050000DD05000062
:10FEC8007D00000045050000D50600008501000002
:10FED8006D0100000000000000000000899E000085
:10FEE800C17100007D00000081000000F979000068
:10FEF80091980000419800007998000051980000FE
:10FF0800659800005D97000091980000B99800007E
:10FF1800B5980000DD980000359900008999000027
:10FF280095980000ED9900008D9A000000000000EF
:10FF380000000000E5210000D52100007D00000040
:10FF480081000000212200009198000041980000E3
:10FF58007998000051980000659800005D970000AE
:10FF680091980000B9980000B5980000291C00007D
:10FF7800451C0000452600006D260000A123000056
:10FF88001D2600000000000000000000B1AC0000C9
:10FF9800BDAC0000B5AC0000E5AD00001DAC000034
:10FFA80071B40000FDB30000DDB10000E5B300004E
:10FFB800E1B50000CDAC000041AC000075B2000016
:10FFC80009AC00000DAC000015AC000019AC000035
:10FFD8002DAC0000D5B10000CDB1000079B0000013
:10FFE8009569000011AC000021B50000C5B0000003
:08FFF80085AD000000000000CF
:02000004600199
:1000000000000000E1830000D9830000D5830000D8
:10001000D1830000CD830000C9830000C5830000A8
:10002000C183000000000000000000002506000061
:10003000590500007D00000009050000990400003A
:10004000310700009D0500009908000045090000E7
:100050000000000000000000F1050000DD050000C8
:100060007D00000045050000D50600008501000068
:100070006D010000000000000000000011080000F9
:1000800051080000ED030000C905000079060000DA
:100090000504000031050000090300008907000085
:1000A000B5030000D10300009900000085000000A6
:1000B000690200001D040000C100000025020000CC
:1000C000BD0100004D030000B50200004504000022
:1000D0000000000000000000F9790000C17100007C
:1000E0007D00000081000000F9790000F97900002E
:1000F000F97900000000000000000000256A0000FF
:10010000756C0000256C0000E96A00005D6B000062
:10011000C16B0000C16C0000AD6D0000E96D000016
:10012000F56E000000000000000000000DB80000A7
:1001300085B8000021B600004DBB000039C50000A5
:1001400089BF00000D690000E1BA00006DC6000023
:10015000C9BE000041BE00004D690000A1BB000007
:10016000ADB70000B9B70000896900008D690000D3
:1001700091690000C5B70000E1B70000FDB70000BD
:100180008DB90000D9B8000045BD0000D5BD000004
:10019000CDBC0000D8399D270054EA2A00A4781F5E
:1001A000007B9A17A812002000000042C8801F4060
:1001B000B8821F400800000000000042C4801F40B9
:1001C000B4821F400400000000C0004224801F4091
:1001D00014821F401000000000C0004228801F4011
:1001E00018821F402000000000C000422C801F40E9
:1001F0001C821F404000000000C0004234801F40AD
:1002000024821F40000100000040004264811F4022
:1002100054831F40000400000040004280811F40C2
:1002200070831F4000000200004000427C811F409C
:100230006C831F40000001000040004268811F40A5
:1002400058831F4000080000004000423C811F40CE
:100250002C831F40010000000040004244811F40E9
:1002600034831F40040000000040004240811F40D2
:1002700030831F40020000000040004248811F40C0
:1002800038831F40080000000000004204811F4026
:10029000F4821F40000004000000004208811F405B
:1002A000F8821F40000008000000004218811F4033
:1002B00008831F40000080000000004214811F409E
:1002C00004831F40000040000000004200811F40E6
:1002D000F0821F400000020000000042FC801F402E
:1002E000EC821F40000001000000004224811F40FA
:1002F00014831F40000000040000004228811F40BA
:1003000018831F4000000008000000421C811F40AD
:100310000C831F40000000010000004220811F40AC
:1003200010831F400000000200000042EC801F40CC
:10033000DC821F400010000000000042F0801F40DF
:10034000E0821F40002000000000004234811F4076
:1003500024831F40000000400000004238811F40FD
:1003600028831F40000000800080004294801F40CE
:1003700084821F400000040000C0004290801F40A3
:1003800080821F400000008000800042A8801F4043
:1003900098821F400000800000800042A4801F401F
:1003A00094821F4000004000004000426C811F40CA
:1003B0005C831F400010000000C0004230801F40DE
:1003C00020821F408000000000400042B0811F409A
:1003D000A0831F400000002000400042AC811F406D
:1003E0009C831F40000000100040004284811F4099
:1003F00074831F40000004000040004288811F40B9
:1004000078831F4000000800000000422C811F403C
:100410001C831F40000000100000004230811F407C
:1004200020831F4000000020000000420C811F407C
:10043000FC821F40000010000000004210811F409D
:1004400000831F400000200000800042C8811F4040
:10045000B8831F400080000000800042C4811F401C
:10046000B4831F400040000000800042C0811F4054
:10047000B0831F400020000000800042BC811F406C
:10048000AC831F400010000000800042D0811F405C
:10049000C0831F400000020000800042CC811F404A
:1004A000BC831F400000010000C0004274801F4058
:1004B00064821F400000000100C0004280801F4095
:1004C00070821F400000000800C0004284801F406E
:1004D00074821F400000001000C000426C801F406A
:1004E0005C821F400000400000C000427C801F4032
:1004F0006C821F400000000400C0004278801F4052
:1005000068821F400000000200C0004288801F4037
:1005100078821F4000000020496D61676520736983
:100520007A653A20000000004C6F6164696E6720B4
:10053000696D61676520270046696C65206E6F7480
:1005400020666F756E64000046696C652073697A79
:10055000653A2000496D616765204F666673657472
:100560003A2000004865616465722073697A653AD3
:10057000200000004269742044657074683A2000CD
:100580004C6F6164656420696E200000206D73000B
:10059000424D5020666F726D6174206E6F742072D0
:1005A00065636F676E697A65642E0000696E6974B1
:1005B00069616C697A6174696F6E206661696C65E6
:1005C00064210000696E697469616C697A6174699B
:1005D0006F6E20646F6E652E000000005241383847
:1005E000373520737461727400000000524138384E
:1005F0003735204E6F7420466F756E642100000001
:10060000466F756E6420524138383735000000005F
:10061000280000002C200000290000006261636BAC
:1006200067726F756E642E626D70000045584641AA
:100630005400000044657669636520697320746F17
:100640006F20736D616C6C0D0A0000005772697445
:10065000696E672046415420000000002E00000013
:1006600057726974696E6720757063617365207471
:1006700061626C650D0A000057726974696E6720CB
:10068000726F6F740D0A0000466F726D61742064A2
:100690006F6E650D0A000000466F726D6174206612
:1006A00061696C65640D0A0042616420636C757356
:1006B00074657220636F756E740D0A004361726415
:1006C00020697320746F6F20736D616C6C2E0D0A3E
:1006D00000000000466F726D617420446F6E650DFE
:1006E0000A000000466F726D6174204661696C6596
:1006F000640D0A0000010000541B002012000000DD
:1007000000060000401F00600A0000000002000018
:10071000F41E00604B00000000070000A81E0060EF
:100720004B00000000030000A41E00600000000059
:10073000010309048C1E006000000000020309048C
:10074000741E006000000000030309046C1B0020FD
:100750000000000000000000000000000000000099
:100760000000000094150020FC15002064160020F5
:100770000000000000000000000000000000000079
:100780000000000000000000000000000000000069
:100790000000000000000000000000000000000059
:1007A0000000000000000000000000000000000049
:1007B0000000000000000000000000000000000039
:1007C0000000000000000000000000000000000029
:1007D0000000000000000000000000000000000019
:1007E0000000000000000000000000000000000009
:1007F00000000000000000000000000000000000F9
:1008000000000000000000000100000000000000E7
:100810000E33CDAB34126DE6ECDE05000B000000AC
:1008200000000000000000000000000000000000C8
:1008300000000000000000000000000000000000B8
:1008400000000000000000000000000000000000A8
:100850000000000000000000000000000000000098
:100860000000000000000000000000000000000088
:100870000000000000000000000000000000000078
:100880000000000000000000000000000000000068
:100890000000000000000000000000000000000058
:1008A0000000000000000000000000000000000048
:1008B0000000000000000000000000000000000038
:1008C0000000000000000000000000000000000028
:1008D0000000000000000000000000000000000018
:1008E0000000000000000000000000000000000008
:1008F00000000000000000000000000000000000F8
:1009000000000000000000000000000000000000E7
:1009100000000000000000000000000000000000D7
:1009200000000000000000000000000000000000C7
:1009300000000000000000000000000000000000B7
:1009400000000000000000000000000000000000A7
:100950000000000000000000000000000000000097
:100960000000000000000000000000000000000087
:100970000000000000000000000000000000000077
:100980000000000000000000000000000000000067
:100990000000000000000000000000000000000057
:1009A0000000000000000000000000000000000047
:1009B0000000000000000000000000000000000037
:1009C0000000000000000000000000000000000027
:1009D0000000000000000000000000000000000017
:1009E0000000000000000000000000000000000007
:1009F00000000000000000000000000000000000F7
:100A000000000000000000000000000000000000E6
:100A100000000000000000000000000000000000D6
:100A200000000000000000000000000000000000C6
:100A300000000000000000000000000000000000B6
:100A400000000000000000000000000000000000A6
:100A50000000000000000000000000000000000096
:100A60000000000000000000000000000000000086
:100A70000000000000000000000000000000000076
:100A80000000000000000000000000000000000066
:100A90000000000000000000000000000000000056
:100AA0000000000000000000000000000000000046
:100AB0000000000000000000000000000000000036
:100AC0000000000000000000000000000000000026
:100AD0000000000000000000000000000000000016
:100AE0000000000000000000000000000000000006
:100AF00000000000000000000000000000000000F6
:100B000000000000000000000000000000000000E5
:100B100000000000000000000000000000000000D5
:100B200000000000000000000000000000000000C5
:100B300000000000000000000000000000000000B5
:100B400000000000000000000000000000000000A5
:100B50000000000000000000000000000000000095
:100B60000000000000000000000000000000000085
:100B70000000000000000000000000000000000075
:100B80000000000000000000000000000029DE0757
:100B9000007B9A1700003A409009002000000000F6
:100BA0000000000000000000000000000000000045
:100BB0000000000000000000000000000000000035
:100BC0000000000000000000000000000000000025
:100BD0000000000000000000000000000000000015
:100BE000000000004C0B002000000000E8030000A3
:100BF0000000000060302020000000000000000025
:100C000040170020401700204817002048170020F8
:100C100050170020501700205817002058170020A8
:100C20006017002060170020681700206817002058
:100C30007017002070170020781700207817002008
:100C400080170020801700208817002088170020B8
:100C50009017002090170020981700209817002068
:100C6000A0170020A0170020A8170020A817002018
:100C7000B0170020B0170020B8170020B8170020C8
:100C8000C0170020C0170020C8170020C817002078
:100C9000D0170020D0170020D8170020D817002028
:100CA000E0170020E0170020E8170020E8170020D8
:100CB000F0170020F0170020F8170020F817002088
:100CC0000018002000180020081800200818002034
:100CD00010180020101800201818002018180020E4
:100CE0002018002020180020281800202818002094
:100CF0003018002030180020381800203818002044
:100D000040180020401800204818002048180020F3
:100D100050180020501800205818002058180020A3
:100D20006018002060180020681800206818002053
:100D30007018002070180020781800207818002003
:100D400080180020801800208818002088180020B3
:100D50009018002090180020981800209818002063
:100D6000A0180020A0180020A8180020A818002013
:100D7000B0180020B0180020B8180020B8180020C3
:100D8000C0180020C0180020C8180020C818002073
:100D9000D0180020D0180020D8180020D818002023
:100DA000E0180020E0180020E8180020E8180020D3
:100DB000F0180020F0180020F8180020F818002083
:100DC000001900200019002008190020081900202F
:100DD00010190020101900201819002018190020DF
:100DE000201900202019002028190020281900208F
:100DF000301900203019002038190020381900203F
:100E000040190020401900204819002048190020EE
:100E1000501900205019002058190020581900209E
:100E2000601900206019002068190020681900204E
:100E300070190020701900207819002078190020FE
:100E400080190020801900208819002088190020AE
:100E5000901900209019002098190020981900205E
:100E6000A0190020A0190020A8190020A81900200E
:100E7000B0190020B0190020B8190020B8190020BE
:100E8000C0190020C0190020C8190020C81900206E
:100E9000D0190020D0190020D8190020D81900201E
:100EA000E0190020E0190020E8190020E8190020CE
:100EB000F0190020F0190020F8190020F81900207E
:100EC000001A0020001A0020081A0020081A00202A
:100ED000101A0020101A0020181A0020181A0020DA
:100EE000201A0020201A0020281A0020281A00208A
:100EF000301A0020301A0020381A0020381A00203A
:100F0000401A0020401A0020481A0020481A0020E9
:100F1000501A0020501A0020581A0020581A002099
:100F2000601A0020601A0020681A0020681A002049
:100F3000701A0020701A0020781A0020781A0020F9
:100F4000801A0020801A0020881A0020881A0020A9
:100F5000901A0020901A0020981A0020981A002059
:100F6000A01A0020A01A0020A81A0020A81A002009
:100F7000B01A0020B01A0020B81A0020B81A0020B9
:100F8000C01A0020C01A0020C81A0020C81A002069
:100F9000D01A0020D01A0020D81A0020D81A002019
:100FA000E01A0020E01A0020E81A0020E81A0020C9
:100FB000F01A0020F01A0020F81A0020F81A002079
:100FC000001B0020001B0020081B0020081B002025
:100FD000101B0020101B0020181B0020181B0020D5
:100FE000201B0020201B0020281B0020281B002085
:100FF000301B0020301B0020381B0020381B002035
:10100000FFFFFFFF00000200A812002012010002F3
:10101000EF020140C01683048002010203010000B8
:1010200000093D000C03000000000000000000006B
:101030000000000000000000000029010000000086
:1010400000000000000000000000000000000000A0
:101050000000000000000000000000000000000090
:101060000000000000000000000000000000000080
:101070000000000000000000000000000000000070
:101080000000000000000000000000000000000060
:101090000000000000000000000000000000000050
:1010A0000000000000000000000000000000000040
:1010B0000000000000000000000000000000000030
:1010C0000000000000000000000000000000000020
:1010D0000000000000000000000000000000000010
:1010E0000000000000000000000000000000000000
:1010F00000000000000000000000000000000000F0
:1011000000000000000000000000000000000000DF
:1011100000000000000000000000000000000000CF
:1011200000000000000000000000000000000000BF
:1011300000000000000000000000000000000000AF
:10114000000000000000000000000000000000009F
:10115000000000000000000000000000000000008F
:10116000000000000000000000000000000000007F
:10117000000000000000000000000000000000006F
:10118000000000000000000000000000000000005F
:10119000000000000000000000000000000000004F
:1011A000000000000000000000000000000000003F
:1011B000000000000000000000000000000000002F
:1011C000000000000000000000000000000000001F
:1011D000000000000000000000000000000000000F
:1011E00000000000000000000000000000000000FF
:1011F00000000000000000000000000000000000EF
:1012000000000000000000000000000000000000DE
:1012100000000000000000000000000000000000CE
:1012200000000000000000000000000000000000BE
:1012300000000000000000000000000000000000AE
:10124000000000000000000000000000000000009E
:10125000000000000000000000000000000000008E
:10126000000000000000000000000000000000007E
:10127000000000000000000000000000000000006E
:10128000000000000000000000000000000000005E
:10129000000000000000000000000000000000004E
:1012A000000000000000000000000000000000003E
:1012B000000000000000000000000000000000002E
:1012C000000000000000000000000000000000001E
:1012D000000000000000000000000000000000000E
:1012E00000000000000000000000000000000000FE
:1012F00000000000000000000000000000000000EE
:1013000000000000000000000000000000000000DD
:1013100000000000000000000000000000000000CD
:1013200000000000000000000000000000000000BD
:1013300000000000000000000000000000000000AD
:10134000000000000000000000000000000000009D
:10135000000000000000000000000000000000008D
:10136000000000000000000000000000000000007D
:08137000000000000000000075
:10137800FFFFFFFFFFFFFFFFFFFFFFFFFFFFFFFF75
:10138800FFFFFFFFFFFFFFFFFFFFFFFFFFFFFFFF65
:10139800FFFFFFFFFFFFFFFFFFFFFFFFFFFFFFFF55
:1013A800FFFFFFFFFFFFFFFFFFFFFFFFFFFFFFFF45
:1013B800FFFFFFFFFFFFFFFFFFFFFFFFFFFFFFFF35
:1013C800FFFFFFFFFFFFFFFFFFFFFFFFFFFFFFFF25
:1013D800FFFFFFFFFFFFFFFFFFFFFFFFFFFFFFFF15
:1013E800FFFFFFFFFFFFFFFFFFFFFFFFFFFFFFFF05
:1013F800FFFFFFFFFFFFFFFF0000000000000000ED
:1014080000000000000000000000000000000000D4
:1014180000000000000000000000000000000000C4
:1014280000000000000000000000000000000000B4
:1014380000000000000000000000000000000000A4
:101448000000000000000000000000000000000094
:101458000000000000000000000000000000000084
:101468000000000000000000000000000000000074
:101478000000000000000000000000000000000064
:101488000000000000000000000000000000000054
:101498000000000000000000000000000000000044
:1014A8000000000000000000000000000000000034
:1014B8000000000000000000000000000000000024
:1014C8000000000000000000000000000000000014
:1014D8000000000000000000000000000000000004
:1014E80000000000000000000000000000000000F4
:1014F80000000000000000000000000000000000E4
:1015080000000000000000000000000000000000D3
:1015180000000000000000000000000000000000C3
:1015280000000000000000000000000000000000B3
:1015380000000000000000000000000000000000A3
:101548000000000000000000000000000000000093
:101558000000000000000000000000000000000083
:101568000000000000000000000000000000000073
:101578000000000000000000000000000000000063
:101588000000000000000000000000000000000053
:101598000000000000000000000000000000000043
:1015A8000000000000000000000000000000000033
:1015B8000000000000000000000000000000000023
:1015C8000000000000000000000000000000000013
:1015D8000000000000000000000000000000000003
:1015E80000000000000000000000000000000000F3
:1015F80000000000000000000000000000000000E3
:1016080000000000000000000000000000000000D2
:1016180000000000000000000000000000000000C2
:1016280000000000000000000000000000000000B2
:1016380000000000000000000000000000000000A2
:101648000000000000000000000000000000000092
:101658000000000000000000000000000000000082
:101668000000000000000000000000000000000072
:101678000000000000000000000000000000000062
:101688000000000000000000000000000000000052
:101698000000000000000000000000000000000042
:1016A8000000000000000000000000000000000032
:1016B8000000000000000000000000000000000022
:1016C8000000000000000000000000000000000012
:1016D8000000000000000000000000000000000002
:1016E80000000000000000000000000000000000F2
:1016F80000000000000000000000000000000000E2
:1017080000000000000000000000000000000000D1
:1017180000000000000000000000000000000000C1
:1017280000000000000000000000000000000000B1
:1017380000000000000000000000000000000000A1
:101748000000000000000000000000000000000091
:101758000000000000000000000000000000000081
:101768000000000000000000000000000000000071
:101778000000000000000000000000000000000061
:101788000000000000000000000000000000000051
:101798000000000000000000000000000000000041
:1017A8000000000000000000000000000000000031
:1017B8000000000000000000000000000000000021
:1017C8000000000000000000000000000000000011
:1017D8000000000000000000000000000000000001
:1017E80000000000000000000000000000000000F1
:1017F80000000000000000000000000000000000E1
:1018080000000000000000000000000000000000D0
:1018180000000000000000000000000000000000C0
:1018280000000000000000000000000000000000B0
:1018380000000000000000000000000000000000A0
:101848000000000000000000000000000000000090
:101858000000000000000000000000000000000080
:101868000000000000000000000000000000000070
:101878000000000000000000000000000000000060
:101888000000000000000000000000000000000050
:101898000000000000000000000000000000000040
:1018A8000000000000000000000000000000000030
:1018B8000000000000000000000000000000000020
:1018C8000000000000000000000000000000000010
:1018D8000000000000000000000000000000000000
:1018E80000000000000000000000000000000000F0
:1018F80000000000000000000000000000000000E0
:1019080000000000000000000000000000000000CF
:1019180000000000000000000000000000000000BF
:1019280000000000000000000000000000000000AF
:10193800000000000000000000000000000000009F
:10194800000000000000000000000000000000008F
:10195800000000000000000000000000000000007F
:10196800000000000000000000000000000000006F
:10197800000000000000000000000000000000005F
:10198800000000000000000000000000000000004F
:10199800000000000000000000000000000000003F
:1019A800000000000000000000000000000000002F
:1019B800000000000000000000000000000000001F
:1019C800000000000000000000000000000000000F
:1019D80000000000000000000000000000000000FF
:1019E80000000000000000000000000000000000EF
:1019F80000000000000000000000000000000000DF
:101A080000000000000000000000000000000000CE
:101A180000000000000000000000000000000000BE
:101A280000000000000000000000000000000000AE
:101A3800000000000000000000000000000000009E
:101A4800000000000000000000000000000000008E
:101A5800000000000000000000000000000000007E
:101A6800000000000000000000000000000000006E
:101A7800000000000000000000000000000000005E
:101A8800000000000000000000000000000000004E
:101A9800000000000000000000000000000000003E
:101AA800000000000000000000000000000000002E
:101AB800000000000000000000000000000000001E
:101AC800000000000000000000000000000000000E
:101AD80000000000000000000000000000000000FE
:101AE80000000000000000000000000000000000EE
:101AF80000000000000000000000000000000000DE
:101B080000000000000000000000000000000000CD
:101B180000000000000000000000000000000000BD
:101B280000000000000000000000000000000000AD
:101B3800000000000000000000000000000000009D
:101B4800000000000000000000000000000000008D
:101B5800000000000000000000000000000000007D
:101B6800000000000000000000000000000000006D
:101B7800000000000000000000000000000000005D
:101B8800000000000000000000000000000000004D
:101B9800000000000000000000000000000000003D
:101BA800000000000000000000000000000000002D
:101BB800000000000000000000000000000000001D
:101BC800000000000000000000000000000000000D
:101BD80000000000000000000000000000000000FD
:101BE80000000000000000000000000000000000ED
:101BF80000000000000000000000000000000000DD
:101C080000000000000000000000000000000000CC
:101C180000000000000000000000000000000000BC
:101C280000000000000000000000000000000000AC
:101C3800000000000000000000000000000000009C
:101C4800000000000000000000000000000000008C
:101C5800000000000000000000000000000000007C
:101C6800000000000000000000000000000000006C
:101C7800000000000000000000000000000000005C
:101C8800000000000000000000000000000000004C
:101C9800000000000000000000000000000000003C
:101CA800000000000000000000000000000000002C
:101CB800000000000000000000000000000000001C
:101CC800000000000000000000000000000000000C
:101CD80000000000000000000000000000000000FC
:101CE80000000000000000000000000000000000EC
:101CF80000000000000000000000000000000000DC
:101D080000000000000000000000000000000000CB
:101D180000000000000000000000000000000000BB
:101D280000000000000000000000000000000000AB
:101D3800000000000000000000000000000000009B
:101D4800000000000000000000000000000000008B
:101D5800000000000000000000000000000000007B
:101D6800000000000000000000000000000000006B
:101D7800000000000000000000000000000000005B
:101D8800000000000000000000000000000000004B
:101D9800000000000000000000000000000000003B
:101DA800000000000000000000000000000000002B
:101DB800000000000000000000000000000000001B
:101DC800000000000000000000000000000000000B
:101DD80000000000000000000000000000000000FB
:101DE80000000000000000000000000000000000EB
:101DF80000000000000000000000000000000000DB
:101E080000000000000000000000000000000000CA
:101E180000000000000000000000000000000000BA
:101E280000000000000000000000000000000000AA
:101E3800000000000000000000000000000000009A
:101E4800000000000000000000000000000000008A
:101E5800000000000000000000000000000000007A
:101E6800000000000000000000000000000000006A
:101E7800000000000000000000000000000000005A
:101E8800000000000000000000000000000000004A
:101E9800000000000000000000000000000000003A
:101EA800000000000000000000000000000000002A
:101EB800000000000000000000000000000000001A
:101EC800000000000000000000000000000000000A
:101ED80000000000000000000000000000000000FA
:101EE80000000000000000000000000000000000EA
:101EF80000000000000000000000000000000000DA
:101F080000000000000000000000000000000000C9
:101F180000000000000000000000000000000000B9
:101F280000000000000000000000000000000000A9
:101F38000000000000000000000000000000000099
:101F48000000000000000000000000000000000089
:101F58000000000000000000000000000000000079
:101F68000000000000000000000000000000000069
:101F78000000000000000000000000000000000059
:101F88000000000000000000000000000000000049
:101F98000000000000000000000000000000000039
:101FA8000000000000000000000000000000000029
:101FB8000000000000000000000000000000000019
:101FC8000000000000000000000000000000000009
:101FD80000000000000000000000000000000000F9
:101FE80000000000000000000000000000000000E9
:081FF8000000000000000000E1
:040000056000100087
:00000001FF
