:0200000460009A
:100000004643464200000156000000000103030081
:1000100000000000000000000000000000000000E0
:1000200000000000000000000000000000000000D0
:1000300000000000000000000000000000000000C0
:1000400000000000010408000000000000000000A3
:100050000000800000000000000000000000000020
:100060000000000000000000000000000000000090
:100070000000000000000000000000000000000080
:10008000EB04180A063204260000000000000000FD
:10009000050404240000000000000000000000002F
:1000A0000000000000000000000000000000000050
:1000B0000604000000000000000000000000000036
:1000C0000000000000000000000000000000000030
:1000D00020041808000000000000000000000000DC
:1000E0000000000000000000000000000000000010
:1000F0000000000000000000000000000000000000
:10010000D8041808000000000000000000000000F3
:100110000204180804200000000000000000000095
:1001200000000000000000000000000000000000CF
:10013000600400000000000000000000000000005B
:1001400000000000000000000000000000000000AF
:10015000000000000000000000000000000000009F
:10016000000000000000000000000000000000008F
:10017000000000000000000000000000000000007F
:10018000000000000000000000000000000000006F
:10019000000000000000000000000000000000005F
:1001A000000000000000000000000000000000004F
:1001B000000000000000000000000000000000003F
:1001C000000100000010000001000000000000001D
:1001D000000001000000000000000000000000001E
:1001E000000000000000000000000000000000000F
:1001F00000000000000000000000000000000000FF
:10020000FFFFFFFFFFFFFFFFFFFFFFFFFFFFFFFFFE
:10021000FFFFFFFFFFFFFFFFFFFFFFFFFFFFFFFFEE
:10022000FFFFFFFFFFFFFFFFFFFFFFFFFFFFFFFFDE
:10023000FFFFFFFFFFFFFFFFFFFFFFFFFFFFFFFFCE
:10024000FFFFFFFFFFFFFFFFFFFFFFFFFFFFFFFFBE
:10025000FFFFFFFFFFFFFFFFFFFFFFFFFFFFFFFFAE
:10026000FFFFFFFFFFFFFFFFFFFFFFFFFFFFFFFF9E
:10027000FFFFFFFFFFFFFFFFFFFFFFFFFFFFFFFF8E
:10028000FFFFFFFFFFFFFFFFFFFFFFFFFFFFFFFF7E
:10029000FFFFFFFFFFFFFFFFFFFFFFFFFFFFFFFF6E
:1002A000FFFFFFFFFFFFFFFFFFFFFFFFFFFFFFFF5E
:1002B000FFFFFFFFFFFFFFFFFFFFFFFFFFFFFFFF4E
:1002C000FFFFFFFFFFFFFFFFFFFFFFFFFFFFFFFF3E
:1002D000FFFFFFFFFFFFFFFFFFFFFFFFFFFFFFFF2E
:1002E000FFFFFFFFFFFFFFFFFFFFFFFFFFFFFFFF1E
:1002F000FFFFFFFFFFFFFFFFFFFFFFFFFFFFFFFF0E
:10030000FFFFFFFFFFFFFFFFFFFFFFFFFFFFFFFFFD
:10031000FFFFFFFFFFFFFFFFFFFFFFFFFFFFFFFFED
:10032000FFFFFFFFFFFFFFFFFFFFFFFFFFFFFFFFDD
:10033000FFFFFFFFFFFFFFFFFFFFFFFFFFFFFFFFCD
:10034000FFFFFFFFFFFFFFFFFFFFFFFFFFFFFFFFBD
:10035000FFFFFFFFFFFFFFFFFFFFFFFFFFFFFFFFAD
:10036000FFFFFFFFFFFFFFFFFFFFFFFFFFFFFFFF9D
:10037000FFFFFFFFFFFFFFFFFFFFFFFFFFFFFFFF8D
:10038000FFFFFFFFFFFFFFFFFFFFFFFFFFFFFFFF7D
:10039000FFFFFFFFFFFFFFFFFFFFFFFFFFFFFFFF6D
:1003A000FFFFFFFFFFFFFFFFFFFFFFFFFFFFFFFF5D
:1003B000FFFFFFFFFFFFFFFFFFFFFFFFFFFFFFFF4D
:1003C000FFFFFFFFFFFFFFFFFFFFFFFFFFFFFFFF3D
:1003D000FFFFFFFFFFFFFFFFFFFFFFFFFFFFFFFF2D
:1003E000FFFFFFFFFFFFFFFFFFFFFFFFFFFFFFFF1D
:1003F000FFFFFFFFFFFFFFFFFFFFFFFFFFFFFFFF0D
:10040000FFFFFFFFFFFFFFFFFFFFFFFFFFFFFFFFFC
:10041000FFFFFFFFFFFFFFFFFFFFFFFFFFFFFFFFEC
:10042000FFFFFFFFFFFFFFFFFFFFFFFFFFFFFFFFDC
:10043000FFFFFFFFFFFFFFFFFFFFFFFFFFFFFFFFCC
:10044000FFFFFFFFFFFFFFFFFFFFFFFFFFFFFFFFBC
:10045000FFFFFFFFFFFFFFFFFFFFFFFFFFFFFFFFAC
:10046000FFFFFFFFFFFFFFFFFFFFFFFFFFFFFFFF9C
:10047000FFFFFFFFFFFFFFFFFFFFFFFFFFFFFFFF8C
:10048000FFFFFFFFFFFFFFFFFFFFFFFFFFFFFFFF7C
:10049000FFFFFFFFFFFFFFFFFFFFFFFFFFFFFFFF6C
:1004A000FFFFFFFFFFFFFFFFFFFFFFFFFFFFFFFF5C
:1004B000FFFFFFFFFFFFFFFFFFFFFFFFFFFFFFFF4C
:1004C000FFFFFFFFFFFFFFFFFFFFFFFFFFFFFFFF3C
:1004D000FFFFFFFFFFFFFFFFFFFFFFFFFFFFFFFF2C
:1004E000FFFFFFFFFFFFFFFFFFFFFFFFFFFFFFFF1C
:1004F000FFFFFFFFFFFFFFFFFFFFFFFFFFFFFFFF0C
:10050000FFFFFFFFFFFFFFFFFFFFFFFFFFFFFFFFFB
:10051000FFFFFFFFFFFFFFFFFFFFFFFFFFFFFFFFEB
:10052000FFFFFFFFFFFFFFFFFFFFFFFFFFFFFFFFDB
:10053000FFFFFFFFFFFFFFFFFFFFFFFFFFFFFFFFCB
:10054000FFFFFFFFFFFFFFFFFFFFFFFFFFFFFFFFBB
:10055000FFFFFFFFFFFFFFFFFFFFFFFFFFFFFFFFAB
:10056000FFFFFFFFFFFFFFFFFFFFFFFFFFFFFFFF9B
:10057000FFFFFFFFFFFFFFFFFFFFFFFFFFFFFFFF8B
:10058000FFFFFFFFFFFFFFFFFFFFFFFFFFFFFFFF7B
:10059000FFFFFFFFFFFFFFFFFFFFFFFFFFFFFFFF6B
:1005A000FFFFFFFFFFFFFFFFFFFFFFFFFFFFFFFF5B
:1005B000FFFFFFFFFFFFFFFFFFFFFFFFFFFFFFFF4B
:1005C000FFFFFFFFFFFFFFFFFFFFFFFFFFFFFFFF3B
:1005D000FFFFFFFFFFFFFFFFFFFFFFFFFFFFFFFF2B
:1005E000FFFFFFFFFFFFFFFFFFFFFFFFFFFFFFFF1B
:1005F000FFFFFFFFFFFFFFFFFFFFFFFFFFFFFFFF0B
:10060000FFFFFFFFFFFFFFFFFFFFFFFFFFFFFFFFFA
:10061000FFFFFFFFFFFFFFFFFFFFFFFFFFFFFFFFEA
:10062000FFFFFFFFFFFFFFFFFFFFFFFFFFFFFFFFDA
:10063000FFFFFFFFFFFFFFFFFFFFFFFFFFFFFFFFCA
:10064000FFFFFFFFFFFFFFFFFFFFFFFFFFFFFFFFBA
:10065000FFFFFFFFFFFFFFFFFFFFFFFFFFFFFFFFAA
:10066000FFFFFFFFFFFFFFFFFFFFFFFFFFFFFFFF9A
:10067000FFFFFFFFFFFFFFFFFFFFFFFFFFFFFFFF8A
:10068000FFFFFFFFFFFFFFFFFFFFFFFFFFFFFFFF7A
:10069000FFFFFFFFFFFFFFFFFFFFFFFFFFFFFFFF6A
:1006A000FFFFFFFFFFFFFFFFFFFFFFFFFFFFFFFF5A
:1006B000FFFFFFFFFFFFFFFFFFFFFFFFFFFFFFFF4A
:1006C000FFFFFFFFFFFFFFFFFFFFFFFFFFFFFFFF3A
:1006D000FFFFFFFFFFFFFFFFFFFFFFFFFFFFFFFF2A
:1006E000FFFFFFFFFFFFFFFFFFFFFFFFFFFFFFFF1A
:1006F000FFFFFFFFFFFFFFFFFFFFFFFFFFFFFFFF0A
:10070000FFFFFFFFFFFFFFFFFFFFFFFFFFFFFFFFF9
:10071000FFFFFFFFFFFFFFFFFFFFFFFFFFFFFFFFE9
:10072000FFFFFFFFFFFFFFFFFFFFFFFFFFFFFFFFD9
:10073000FFFFFFFFFFFFFFFFFFFFFFFFFFFFFFFFC9
:10074000FFFFFFFFFFFFFFFFFFFFFFFFFFFFFFFFB9
:10075000FFFFFFFFFFFFFFFFFFFFFFFFFFFFFFFFA9
:10076000FFFFFFFFFFFFFFFFFFFFFFFFFFFFFFFF99
:10077000FFFFFFFFFFFFFFFFFFFFFFFFFFFFFFFF89
:10078000FFFFFFFFFFFFFFFFFFFFFFFFFFFFFFFF79
:10079000FFFFFFFFFFFFFFFFFFFFFFFFFFFFFFFF69
:1007A000FFFFFFFFFFFFFFFFFFFFFFFFFFFFFFFF59
:1007B000FFFFFFFFFFFFFFFFFFFFFFFFFFFFFFFF49
:1007C000FFFFFFFFFFFFFFFFFFFFFFFFFFFFFFFF39
:1007D000FFFFFFFFFFFFFFFFFFFFFFFFFFFFFFFF29
:1007E000FFFFFFFFFFFFFFFFFFFFFFFFFFFFFFFF19
:1007F000FFFFFFFFFFFFFFFFFFFFFFFFFFFFFFFF09
:10080000FFFFFFFFFFFFFFFFFFFFFFFFFFFFFFFFF8
:10081000FFFFFFFFFFFFFFFFFFFFFFFFFFFFFFFFE8
:10082000FFFFFFFFFFFFFFFFFFFFFFFFFFFFFFFFD8
:10083000FFFFFFFFFFFFFFFFFFFFFFFFFFFFFFFFC8
:10084000FFFFFFFFFFFFFFFFFFFFFFFFFFFFFFFFB8
:10085000FFFFFFFFFFFFFFFFFFFFFFFFFFFFFFFFA8
:10086000FFFFFFFFFFFFFFFFFFFFFFFFFFFFFFFF98
:10087000FFFFFFFFFFFFFFFFFFFFFFFFFFFFFFFF88
:10088000FFFFFFFFFFFFFFFFFFFFFFFFFFFFFFFF78
:10089000FFFFFFFFFFFFFFFFFFFFFFFFFFFFFFFF68
:1008A000FFFFFFFFFFFFFFFFFFFFFFFFFFFFFFFF58
:1008B000FFFFFFFFFFFFFFFFFFFFFFFFFFFFFFFF48
:1008C000FFFFFFFFFFFFFFFFFFFFFFFFFFFFFFFF38
:1008D000FFFFFFFFFFFFFFFFFFFFFFFFFFFFFFFF28
:1008E000FFFFFFFFFFFFFFFFFFFFFFFFFFFFFFFF18
:1008F000FFFFFFFFFFFFFFFFFFFFFFFFFFFFFFFF08
:10090000FFFFFFFFFFFFFFFFFFFFFFFFFFFFFFFFF7
:10091000FFFFFFFFFFFFFFFFFFFFFFFFFFFFFFFFE7
:10092000FFFFFFFFFFFFFFFFFFFFFFFFFFFFFFFFD7
:10093000FFFFFFFFFFFFFFFFFFFFFFFFFFFFFFFFC7
:10094000FFFFFFFFFFFFFFFFFFFFFFFFFFFFFFFFB7
:10095000FFFFFFFFFFFFFFFFFFFFFFFFFFFFFFFFA7
:10096000FFFFFFFFFFFFFFFFFFFFFFFFFFFFFFFF97
:10097000FFFFFFFFFFFFFFFFFFFFFFFFFFFFFFFF87
:10098000FFFFFFFFFFFFFFFFFFFFFFFFFFFFFFFF77
:10099000FFFFFFFFFFFFFFFFFFFFFFFFFFFFFFFF67
:1009A000FFFFFFFFFFFFFFFFFFFFFFFFFFFFFFFF57
:1009B000FFFFFFFFFFFFFFFFFFFFFFFFFFFFFFFF47
:1009C000FFFFFFFFFFFFFFFFFFFFFFFFFFFFFFFF37
:1009D000FFFFFFFFFFFFFFFFFFFFFFFFFFFFFFFF27
:1009E000FFFFFFFFFFFFFFFFFFFFFFFFFFFFFFFF17
:1009F000FFFFFFFFFFFFFFFFFFFFFFFFFFFFFFFF07
:100A0000FFFFFFFFFFFFFFFFFFFFFFFFFFFFFFFFF6
:100A1000FFFFFFFFFFFFFFFFFFFFFFFFFFFFFFFFE6
:100A2000FFFFFFFFFFFFFFFFFFFFFFFFFFFFFFFFD6
:100A3000FFFFFFFFFFFFFFFFFFFFFFFFFFFFFFFFC6
:100A4000FFFFFFFFFFFFFFFFFFFFFFFFFFFFFFFFB6
:100A5000FFFFFFFFFFFFFFFFFFFFFFFFFFFFFFFFA6
:100A6000FFFFFFFFFFFFFFFFFFFFFFFFFFFFFFFF96
:100A7000FFFFFFFFFFFFFFFFFFFFFFFFFFFFFFFF86
:100A8000FFFFFFFFFFFFFFFFFFFFFFFFFFFFFFFF76
:100A9000FFFFFFFFFFFFFFFFFFFFFFFFFFFFFFFF66
:100AA000FFFFFFFFFFFFFFFFFFFFFFFFFFFFFFFF56
:100AB000FFFFFFFFFFFFFFFFFFFFFFFFFFFFFFFF46
:100AC000FFFFFFFFFFFFFFFFFFFFFFFFFFFFFFFF36
:100AD000FFFFFFFFFFFFFFFFFFFFFFFFFFFFFFFF26
:100AE000FFFFFFFFFFFFFFFFFFFFFFFFFFFFFFFF16
:100AF000FFFFFFFFFFFFFFFFFFFFFFFFFFFFFFFF06
:100B0000FFFFFFFFFFFFFFFFFFFFFFFFFFFFFFFFF5
:100B1000FFFFFFFFFFFFFFFFFFFFFFFFFFFFFFFFE5
:100B2000FFFFFFFFFFFFFFFFFFFFFFFFFFFFFFFFD5
:100B3000FFFFFFFFFFFFFFFFFFFFFFFFFFFFFFFFC5
:100B4000FFFFFFFFFFFFFFFFFFFFFFFFFFFFFFFFB5
:100B5000FFFFFFFFFFFFFFFFFFFFFFFFFFFFFFFFA5
:100B6000FFFFFFFFFFFFFFFFFFFFFFFFFFFFFFFF95
:100B7000FFFFFFFFFFFFFFFFFFFFFFFFFFFFFFFF85
:100B8000FFFFFFFFFFFFFFFFFFFFFFFFFFFFFFFF75
:100B9000FFFFFFFFFFFFFFFFFFFFFFFFFFFFFFFF65
:100BA000FFFFFFFFFFFFFFFFFFFFFFFFFFFFFFFF55
:100BB000FFFFFFFFFFFFFFFFFFFFFFFFFFFFFFFF45
:100BC000FFFFFFFFFFFFFFFFFFFFFFFFFFFFFFFF35
:100BD000FFFFFFFFFFFFFFFFFFFFFFFFFFFFFFFF25
:100BE000FFFFFFFFFFFFFFFFFFFFFFFFFFFFFFFF15
:100BF000FFFFFFFFFFFFFFFFFFFFFFFFFFFFFFFF05
:100C0000FFFFFFFFFFFFFFFFFFFFFFFFFFFFFFFFF4
:100C1000FFFFFFFFFFFFFFFFFFFFFFFFFFFFFFFFE4
:100C2000FFFFFFFFFFFFFFFFFFFFFFFFFFFFFFFFD4
:100C3000FFFFFFFFFFFFFFFFFFFFFFFFFFFFFFFFC4
:100C4000FFFFFFFFFFFFFFFFFFFFFFFFFFFFFFFFB4
:100C5000FFFFFFFFFFFFFFFFFFFFFFFFFFFFFFFFA4
:100C6000FFFFFFFFFFFFFFFFFFFFFFFFFFFFFFFF94
:100C7000FFFFFFFFFFFFFFFFFFFFFFFFFFFFFFFF84
:100C8000FFFFFFFFFFFFFFFFFFFFFFFFFFFFFFFF74
:100C9000FFFFFFFFFFFFFFFFFFFFFFFFFFFFFFFF64
:100CA000FFFFFFFFFFFFFFFFFFFFFFFFFFFFFFFF54
:100CB000FFFFFFFFFFFFFFFFFFFFFFFFFFFFFFFF44
:100CC000FFFFFFFFFFFFFFFFFFFFFFFFFFFFFFFF34
:100CD000FFFFFFFFFFFFFFFFFFFFFFFFFFFFFFFF24
:100CE000FFFFFFFFFFFFFFFFFFFFFFFFFFFFFFFF14
:100CF000FFFFFFFFFFFFFFFFFFFFFFFFFFFFFFFF04
:100D0000FFFFFFFFFFFFFFFFFFFFFFFFFFFFFFFFF3
:100D1000FFFFFFFFFFFFFFFFFFFFFFFFFFFFFFFFE3
:100D2000FFFFFFFFFFFFFFFFFFFFFFFFFFFFFFFFD3
:100D3000FFFFFFFFFFFFFFFFFFFFFFFFFFFFFFFFC3
:100D4000FFFFFFFFFFFFFFFFFFFFFFFFFFFFFFFFB3
:100D5000FFFFFFFFFFFFFFFFFFFFFFFFFFFFFFFFA3
:100D6000FFFFFFFFFFFFFFFFFFFFFFFFFFFFFFFF93
:100D7000FFFFFFFFFFFFFFFFFFFFFFFFFFFFFFFF83
:100D8000FFFFFFFFFFFFFFFFFFFFFFFFFFFFFFFF73
:100D9000FFFFFFFFFFFFFFFFFFFFFFFFFFFFFFFF63
:100DA000FFFFFFFFFFFFFFFFFFFFFFFFFFFFFFFF53
:100DB000FFFFFFFFFFFFFFFFFFFFFFFFFFFFFFFF43
:100DC000FFFFFFFFFFFFFFFFFFFFFFFFFFFFFFFF33
:100DD000FFFFFFFFFFFFFFFFFFFFFFFFFFFFFFFF23
:100DE000FFFFFFFFFFFFFFFFFFFFFFFFFFFFFFFF13
:100DF000FFFFFFFFFFFFFFFFFFFFFFFFFFFFFFFF03
:100E0000FFFFFFFFFFFFFFFFFFFFFFFFFFFFFFFFF2
:100E1000FFFFFFFFFFFFFFFFFFFFFFFFFFFFFFFFE2
:100E2000FFFFFFFFFFFFFFFFFFFFFFFFFFFFFFFFD2
:100E3000FFFFFFFFFFFFFFFFFFFFFFFFFFFFFFFFC2
:100E4000FFFFFFFFFFFFFFFFFFFFFFFFFFFFFFFFB2
:100E5000FFFFFFFFFFFFFFFFFFFFFFFFFFFFFFFFA2
:100E6000FFFFFFFFFFFFFFFFFFFFFFFFFFFFFFFF92
:100E7000FFFFFFFFFFFFFFFFFFFFFFFFFFFFFFFF82
:100E8000FFFFFFFFFFFFFFFFFFFFFFFFFFFFFFFF72
:100E9000FFFFFFFFFFFFFFFFFFFFFFFFFFFFFFFF62
:100EA000FFFFFFFFFFFFFFFFFFFFFFFFFFFFFFFF52
:100EB000FFFFFFFFFFFFFFFFFFFFFFFFFFFFFFFF42
:100EC000FFFFFFFFFFFFFFFFFFFFFFFFFFFFFFFF32
:100ED000FFFFFFFFFFFFFFFFFFFFFFFFFFFFFFFF22
:100EE000FFFFFFFFFFFFFFFFFFFFFFFFFFFFFFFF12
:100EF000FFFFFFFFFFFFFFFFFFFFFFFFFFFFFFFF02
:100F0000FFFFFFFFFFFFFFFFFFFFFFFFFFFFFFFFF1
:100F1000FFFFFFFFFFFFFFFFFFFFFFFFFFFFFFFFE1
:100F2000FFFFFFFFFFFFFFFFFFFFFFFFFFFFFFFFD1
:100F3000FFFFFFFFFFFFFFFFFFFFFFFFFFFFFFFFC1
:100F4000FFFFFFFFFFFFFFFFFFFFFFFFFFFFFFFFB1
:100F5000FFFFFFFFFFFFFFFFFFFFFFFFFFFFFFFFA1
:100F6000FFFFFFFFFFFFFFFFFFFFFFFFFFFFFFFF91
:100F7000FFFFFFFFFFFFFFFFFFFFFFFFFFFFFFFF81
:100F8000FFFFFFFFFFFFFFFFFFFFFFFFFFFFFFFF71
:100F9000FFFFFFFFFFFFFFFFFFFFFFFFFFFFFFFF61
:100FA000FFFFFFFFFFFFFFFFFFFFFFFFFFFFFFFF51
:100FB000FFFFFFFFFFFFFFFFFFFFFFFFFFFFFFFF41
:100FC000FFFFFFFFFFFFFFFFFFFFFFFFFFFFFFFF31
:100FD000FFFFFFFFFFFFFFFFFFFFFFFFFFFFFFFF21
:100FE000FFFFFFFFFFFFFFFFFFFFFFFFFFFFFFFF11
:100FF000FFFFFFFFFFFFFFFFFFFFFFFFFFFFFFFF01
:10100000D10020432914006000000000000000000F
:10101000201000600010006000000160000000006F
:1010200000000060000C010000000000FFFFFFFF57
:10103000FFFFFFFFFFFFFFFFFFFFFFFFFFFFFFFFC0
:10104000FFFFFFFFFFFFFFFFFFFFFFFFFFFFFFFFB0
:10105000FFFFFFFFFFFFFFFFFFFFFFFFFFFFFFFFA0
:10106000FFFFFFFFFFFFFFFFFFFFFFFFFFFFFFFF90
:10107000FFFFFFFFFFFFFFFFFFFFFFFFFFFFFFFF80
:10108000FFFFFFFFFFFFFFFFFFFFFFFFFFFFFFFF70
:10109000FFFFFFFFFFFFFFFFFFFFFFFFFFFFFFFF60
:1010A000FFFFFFFFFFFFFFFFFFFFFFFFFFFFFFFF50
:1010B000FFFFFFFFFFFFFFFFFFFFFFFFFFFFFFFF40
:1010C000FFFFFFFFFFFFFFFFFFFFFFFFFFFFFFFF30
:1010D000FFFFFFFFFFFFFFFFFFFFFFFFFFFFFFFF20
:1010E000FFFFFFFFFFFFFFFFFFFFFFFFFFFFFFFF10
:1010F000FFFFFFFFFFFFFFFFFFFFFFFFFFFFFFFF00
:10110000FFFFFFFFFFFFFFFFFFFFFFFFFFFFFFFFEF
:10111000FFFFFFFFFFFFFFFFFFFFFFFFFFFFFFFFDF
:10112000FFFFFFFFFFFFFFFFFFFFFFFFFFFFFFFFCF
:10113000FFFFFFFFFFFFFFFFFFFFFFFFFFFFFFFFBF
:10114000FFFFFFFFFFFFFFFFFFFFFFFFFFFFFFFFAF
:10115000FFFFFFFFFFFFFFFFFFFFFFFFFFFFFFFF9F
:10116000FFFFFFFFFFFFFFFFFFFFFFFFFFFFFFFF8F
:10117000FFFFFFFFFFFFFFFFFFFFFFFFFFFFFFFF7F
:10118000FFFFFFFFFFFFFFFFFFFFFFFFFFFFFFFF6F
:10119000FFFFFFFFFFFFFFFFFFFFFFFFFFFFFFFF5F
:1011A000FFFFFFFFFFFFFFFFFFFFFFFFFFFFFFFF4F
:1011B000FFFFFFFFFFFFFFFFFFFFFFFFFFFFFFFF3F
:1011C000FFFFFFFFFFFFFFFFFFFFFFFFFFFFFFFF2F
:1011D000FFFFFFFFFFFFFFFFFFFFFFFFFFFFFFFF1F
:1011E000FFFFFFFFFFFFFFFFFFFFFFFFFFFFFFFF0F
:1011F000FFFFFFFFFFFFFFFFFFFFFFFFFFFFFFFFFF
:10120000FFFFFFFFFFFFFFFFFFFFFFFFFFFFFFFFEE
:10121000FFFFFFFFFFFFFFFFFFFFFFFFFFFFFFFFDE
:10122000FFFFFFFFFFFFFFFFFFFFFFFFFFFFFFFFCE
:10123000FFFFFFFFFFFFFFFFFFFFFFFFFFFFFFFFBE
:10124000FFFFFFFFFFFFFFFFFFFFFFFFFFFFFFFFAE
:10125000FFFFFFFFFFFFFFFFFFFFFFFFFFFFFFFF9E
:10126000FFFFFFFFFFFFFFFFFFFFFFFFFFFFFFFF8E
:10127000FFFFFFFFFFFFFFFFFFFFFFFFFFFFFFFF7E
:10128000FFFFFFFFFFFFFFFFFFFFFFFFFFFFFFFF6E
:10129000FFFFFFFFFFFFFFFFFFFFFFFFFFFFFFFF5E
:1012A000FFFFFFFFFFFFFFFFFFFFFFFFFFFFFFFF4E
:1012B000FFFFFFFFFFFFFFFFFFFFFFFFFFFFFFFF3E
:1012C000FFFFFFFFFFFFFFFFFFFFFFFFFFFFFFFF2E
:1012D000FFFFFFFFFFFFFFFFFFFFFFFFFFFFFFFF1E
:1012E000FFFFFFFFFFFFFFFFFFFFFFFFFFFFFFFF0E
:1012F000FFFFFFFFFFFFFFFFFFFFFFFFFFFFFFFFFE
:10130000FFFFFFFFFFFFFFFFFFFFFFFFFFFFFFFFED
:10131000FFFFFFFFFFFFFFFFFFFFFFFFFFFFFFFFDD
:10132000FFFFFFFFFFFFFFFFFFFFFFFFFFFFFFFFCD
:10133000FFFFFFFFFFFFFFFFFFFFFFFFFFFFFFFFBD
:10134000FFFFFFFFFFFFFFFFFFFFFFFFFFFFFFFFAD
:10135000FFFFFFFFFFFFFFFFFFFFFFFFFFFFFFFF9D
:10136000FFFFFFFFFFFFFFFFFFFFFFFFFFFFFFFF8D
:10137000FFFFFFFFFFFFFFFFFFFFFFFFFFFFFFFF7D
:10138000FFFFFFFFFFFFFFFFFFFFFFFFFFFFFFFF6D
:10139000FFFFFFFFFFFFFFFFFFFFFFFFFFFFFFFF5D
:1013A000FFFFFFFFFFFFFFFFFFFFFFFFFFFFFFFF4D
:1013B000FFFFFFFFFFFFFFFFFFFFFFFFFFFFFFFF3D
:1013C000FFFFFFFFFFFFFFFFFFFFFFFFFFFFFFFF2D
:1013D000FFFFFFFFFFFFFFFFFFFFFFFFFFFFFFFF1D
:1013E000FFFFFFFFFFFFFFFFFFFFFFFFFFFFFFFF0D
:1013F000FFFFFFFFFFFFFFFFFFFFFFFFFFFFFFFFFD
:10140000884207D0904205D251F8043B40F8043B93
:101410008242F9D8704700BF884204D2002340F8C6
:10142000043B8142FBD87047664B4FF42A01664A61
:1014300066482DE9F0475A641864654A99639546F1
:10144000BFF34F8FBFF36F8F00F032F9614B08206D
:10145000614A6249C3F854016148FFF7D1FF614A0C
:1014600061496248FFF7CCFF61496248FFF7D4FF4A
:10147000614C62494FF470000023614A086044F8EF
:1014800023200133B02BFAD15E4B80215E4A03F852
:10149000011B9342FBD14F4D4FF080385B494FF019
:1014A000FF325B4B0026DFF8A4A1DFF8A4911C609B
:1014B000C5F80481C5F800A1C5F8F480C5F8F0901E
:1014C0000B68544F43F4E0230B60FB693D4923F064
:1014D0007F0343F04003FB617B6A23F07F0343F00B
:1014E00040037B628A66CA660A674A6700F0E6F8CC
:1014F000494A4A4B6320A2630321E363484A494BAC
:10150000106000F160401E6042F8041C00F6A170FB
:101510004549464AC3F8082D0B68454A43F0807395
:101520000B601368434943F00103136003680B60C9
:1015300000F014FBC5F804813F48C5F800A1C5F8C8
:10154000F480C5F8F09000F0B3FCF96E3B4A41F42A
:1015500040513B4BF9661660C2F80861C2F8186149
:10156000C2F82861C2F838619A6BD20708D442F6F3
:101570001562344959651A659A6B42F001029A6303
:101580002F4A314C936843F00113936000F008F93F
:1015900000F044FC00F080FC00F012FB00F08AF840
:1015A0002368132BFCD900F099FB2368B3F5967FD1
:1015B000FBD300F081F800F067FC00F069FC30BF5D
:1015C000FDE700BF00C00A40AFAAAAAA070020009A
:1015D0000000072000800D40F8C10000AC1F006033
:1015E00000000000C01A0020A8E1006000000020F8
:1015F00060280020C01A00200018002088ED00E0BC
:101600006168000000E400E0A0E400E024ED00E0F8
:1016100008ED00E000C00F408D78000091780000D8
:1016200014E000E018E000E0FCED00E00000202005
:10163000001000E0782700200046C3230040084047
:1016400000400D400000C0567C2700201B101820D1
:101650000C0D111310B41BB9134B1B6F9B0420D43A
:1016600000F03F00104B22F0604221F0604140F456
:1016700089101C461867C3F88010C3F890201A6FB1
:1016800022F480521A67236F074A002BFBDAD2F844
:101690007011064B0B40C2F87031136F23F4803386
:1016A00013675DF8044B704700800D40FF7F7FFF9C
:1016B000704700BF704700BF704700BFF0B5244AB5
:1016C0000020244B4FF0100C234C1126DFF8C8E00B
:1016D000122720600125C2F800C0C3F800E01660A0
:1016E000DFF8B8E01D4EC3F800E01D4917601E602A
:1016F00041F015011B4F1C4E17601E601B4F1C4E06
:1017000017601E601B4F11601B4E1C491F60166046
:101710001B4F19601B4E1C4917601E601B4F116048
:101720001B4E1C491F60166019602560BFF34F8F68
:10173000BFF36F8FC3F8B001BFF34F8FBFF36F8F4D
:1017400052F8883C43F4403342F8883CF0BD00BF77
:101750009CED00E0A0ED00E094ED00E00900100039
:101760006028002013002000210002071400002040
:1017700025000813090000101600202027000B1375
:101780001700004033001013180000602F000B07F3
:10179000190000702F000B133F00001025000803F4
:1017A000F0B58D4B18228D4E01208D4948F20C7EEC
:1017B0008C4D4FF0FF378C4C83B0C3F85C12C3F8EC
:1017C00060520025C3F86412C3F868424FF4005415
:1017D000C3F86C628549C3F87062C3F87462C3F8D9
:1017E0007862834EDA661A675A679A67DA67C3F8CF
:1017F0008020C3F88420C3F8882040F20562C1F835
:101800002C03C1F83003C1F83403C1F83803C1F820
:101810003C03C1F850032946B36976481840764B1B
:1018200003437648B361D6F8843043F00C03C6F81E
:1018300084300226036833430360036803EA0E0E14
:101840006F4B4EEA0303DFF8F0E103606D4B476036
:10185000DEF808703B406C4F43F000538360C36870
:1018600023F07803C360036A1F40684B3B43664F15
:101870000362036A1F40654B3B43654F43628762C7
:10188000C762DEF8B830634F23F03F0343F0010333
:10189000C0F8B830DEF8BC30DFF884E123F03F0355
:1018A00043F00103C0F8BC30056104660767C0F867
:1018B000802044664767C0F884200468564B24F0B3
:1018C0000204564A0460C0F818E0C66143F8041BDD
:1018D0009342FBD1494B1A68194642F001021A6043
:1018E0000B68464A13F00103FAD14D4E022540F22F
:1018F000F56440F2664040F299414A4F966142F2E7
:101900000146D56140F23545C2F8004242F2012459
:10191000C2F810020120C2F820121146C2F830723B
:1019200007F15A47C2F8346207F51377C2F84052FC
:101930003D4E3E4DC2F85072C2F85462C2F8605239
:10194000C2F86442C2F8A030C2F8A430C2F8B000B5
:101950004B692A4ADD07FBD5012300244FF4803070
:1019600011465361C2F8A040C2F8A400C2F8B030DA
:101970004B69224ADC07FBD5012300244FF40030D9
:1019800011465361C2F8A040C2F8A400C2F8B030BA
:101990004B691A4AD807FBD5012300242448114675
:1019A0005361C2F8A040C2F8A400C2F8B0304B693D
:1019B000124ADB07FBD5D2F8003145F60D51212044
:1019C0009BB250618B4239D01A4B00221A605A6088
:1019D0009A60DA6003B0F0BD00801F40F97001002A
:1019E000F9B00100F9100100F900010000841F4066
:1019F00000C00F40FFFCFF1F000300A000402A4072
:101A00001200FFFFFF37F70000FFF07C400000806E
:101A1000FF000F836300020000422A4000432A4077
:101A2000F05AF05A9F041830063201263806180A78
:101A3000040003000428002000802A4000244FF402
:101A4000802001231146C2F8A040C2F8A400C2F8C9
:101A5000B0304B693B4ADF07FBD501234FF400044C
:101A6000002011465361C2F8A040C2F8A400C2F899
:101A7000B0304B69334ADE07FBD501234FF4000435
:101A80004FF4803011465361C2F8A040C2F8A40060
:101A9000C2F8B0304B692B4ADD07FBD501234FF468
:101AA00000044FF4003011465361C2F8A040C2F860
:101AB000A400C2F8B0304B69224ADC07FBD50123F1
:101AC0004FF40004204811465361C2F8A040C2F808
:101AD000A400C2F8B0304B691A4AD807FBD5D2F837
:101AE000003145F60D5121209BB250618B4210D040
:101AF000164B08224FF400041A7015490020154AAD
:101B000001230090521A1448224400F0B9F903B09E
:101B1000F0BD4FF400044FF4802101231046C2F8B9
:101B2000A040C2F8A410C2F8B03043690549DB07F1
:101B3000FBD50120054B10224FF0807448611A70CC
:101B4000DBE700BF00402A4004000300AF2700206D
:101B5000000000700000007004280020F0B4174A54
:101B600040274FF480314FF480564FF400554FF426
:101B7000404443F24200136913F0020F06D094610F
:101B800051619061136913F0020FF8D113F4005FF3
:101B900001D15561EFE713F4805F01D15661EAE7A7
:101BA000002BE8DA13F4803F01D09161E3E75B0694
:101BB00001D45761DFE7F0BC704700BF00800D40E3
:101BC000394A03203949F3EE095A13689FED386A00
:101BD00023F00103DFED376AF0B4136000241061D5
:101BE000D1F8E030344FD8B2C3F30B211B0D334E84
:101BF00007EE100A05EE101A07EE903A304BB8EED9
:101C0000C55A304DB8EEC77A3060F8EEE77A2960F1
:101C10002D4937EE466A2D4E77EEC57A2C4877EE81
:101C2000666A2C4D37EE657A26EE276AC7ED007A94
:101C300066EEA76A176867EE277A83ED007AC6EE2C
:101C4000075A86EE876AC7EE876A35EE857AFCEE1C
:101C5000C77A36EE057A17EE903ABCEEC77A47EAB5
:101C6000035376EE857A136017EE103AD2F81071AE
:101C7000FCEEE77A01EA0341394317EE903AC2F8E5
:101C80001011C3F30B03D2F810110B43C2F810313B
:101C9000136843F0020313603470C0F840510E4BD8
:101CA0000122F0BC1A60704780810D4000441F4043
:101CB0000000AA420000B4427027002068270020DC
:101CC0006C270020642700200000FF0F40E400E0A4
:101CD00000180020256A000008E100E0304B40F6C3
:101CE000617270B5C3F8202140F2044500F0DCF8C1
:101CF0002C492D48D1F880202C4C42F003022C4B6B
:101D0000C1F88020C0F86051226813401BB9D0F898
:101D1000A8319A071AD0244B4FF00041234A51634F
:101D20001A46D3F8401141F00201C3F84011D2F82D
:101D300040319B07FBD44FF400301E491B4B4FF042
:101D40000042086019209A6300F0B6F81A4D00228C
:101D5000164B4FF08041144C0A26996328461A60AE
:101D60001146C4F8A8614FF4207200F099F84FF4BE
:101D7000810640F243114FF48000104B104A2E6050
:101D80002864C4F85851C4F84811C3F804220D4A15
:101D90004FF4003101231160C4F8403170BD00BF21
:101DA00000800D4000C00F4000002E4000900D400C
:101DB000001C1E008CE200E0000000200018002043
:101DC000F16B00000CE100E008B50E4B1B6E9B07A9
:101DD00000D4FBBE72B60C4B00200C4AC3F8400185
:101DE00003F160430A49A3F55F2311649D46BFF3E5
:101DF0004F8F084A03F5E0430749126818461960F7
:101E00009368984700441F4000002E4000C00A40DD
:101E1000030020001C002000000012EB114B1249AF
:101E2000D86E0A4640F4403030B4D86640F2376588
:101E3000D86EA02440F44070D8664D648C64936CD6
:101E40001B06FCD4094B40F23760A0211A465864A7
:101E50009964936C13F08003FBD1054A137030BC76
:101E6000704700BF00C00F4000400C4000800C4095
:101E7000AE270020F8B500BFF8BC08BC9E467047EE
:101E80005FF800F0B17F00005FF800F005B60000D9
:101E90005FF800F0C56600005FF800F0757C000098
:101EA0005FF800F049BC00005FF800F08D7300009F
:101EB0005FF800F0B17800005FF800F09565000071
:101EC00045000000150B000051500000295800008B
:041ED000B58B0000CE
:101ED40016035500530042002000530065007200B1
:101EE400690061006C00000018035400650065007F
:101EF4006E00730079006400750069006E006F0065
:101F04000403090409024B00020100C032080B005B
:101F1400020202010009040000010202010005247A
:101F24000010010524010101042402060524060011
:101F3400010705820310001009040100020A0000D1
:101F4400000705030240000007058402400000006A
:101F540009024B00020100C032080B000202020118
:101F6400000904000001020201000524001001051B
:101F74002401010104240206052406000107058248
:101F84000310000509040100020A0000000705030C
:101F94000200020007058402000200000A06000293
:081FA400EF0201400100010001
:101FAC000000000000000000000000000000000025
:101FBC000000000000000000000000000000000015
:101FCC0010B5054C237833B9044B13B10448AFF367
:101FDC0000800123237010BD481C0020000000006D
:101FEC00F4C10000084B10B51BB108490848AFF309
:101FFC0000800848036803B910BD074B002BFBD0C9
:10200C00BDE81040184700BF000000004C1C002029
:10201C00F4C10000C01A002000000000002070472E
:10202C00704700BF036D0BB101207047406D00304D
:10203C0018BF0120704700BF10B50446806D18B161
:10204C000BF0E0FA0023A365236D2BB104F118000B
:10205C00BDE8104004F088BB636D002BF6D110BDB9
:10206C00F0B5002395B04FF47A74234F1A46054609
:10207C00183104A88DF804308DF80C30129313939A
:10208C000294009704F0C4FB129B53B35C2000260F
:10209C0006F08AFB9DF804300446184A04A918304F
:1020AC002373029B22602361154A9DF80C30A260B9
:1020BC002375666004F016FB63684FF47A71114A5D
:1020CC000133A760A6652E712E732C616360A96025
:1020DC002A600D4B04A8009304F046FB284615B06B
:1020EC00F0BD139B002BD1D1064A2B71AC602B7326
:1020FC002B612A60EDE700BFF405002018060020D4
:10210C0074060020C8050020F8040020836C13B16D
:10211C00184602F0DBBEC06C08B100F0BFBF4FF038
:10212C00FF307047836C00B583B063B11846012251
:10213C000DF1070102F0FCFD01280CD19DF8070000
:10214C0003B05DF804FBC06C28B101220DF107014E
:10215C0000F0CAFEF0E74FF0FF30F1E7036DF0B589
:10216C000C4683B02BB318460DF1060201A902F000
:10217C0015FCD8B1BDF80430BDF8062003B9AAB1DE
:10218C0002F01F06C3F343155912C2F3451703F0AF
:10219C001F037600013D01F5EA61D21226706571CC
:1021AC00A17123716770A27003B0F0BD002003B061
:1021BC00F0BD406D0028F9D00DF1060201A900F028
:1021CC0013FED6E7036D9BB11A7812F0700F00D195
:1021DC00704710B504460021184602F0CDFF606D23
:1021EC0028B100220023BDE8104000F06DBF10BDE7
:1021FC00406D0028ECD090F8313013F0500FE7D040
:10220C000022002300F060BF38B5846D0CB120466D
:10221C0038BD05464FF480700BF0ECF90146A8650B
:10222C0080B1286D0C7028B14FF4807203F0A8FFB8
:10223C00AC6DECE7686D40B14FF4807201F0D0FFEB
:10224C00AC6DE4E7024CAC65E1E70C46DFE700BFA0
:10225C00AD2700208A79A2F150031B0621D402F28B
:10226C006C72F0B54B7985B0046D01330D798E78B5
:10227C004F78DBB209784CB10391204602970221CA
:10228C000196009503F098F805B0F0BD406D00285C
:10229C00FAD0039102218DE8E00001F007FD05B0B2
:1022AC00F0BD0020704700BFD0B5046D8CB1012B80
:1022BC0008BF002A01D30020D0BD1146204602F0F1
:1022CC005BFF0028F7D0204603F0E2F80028F2D09C
:1022DC00D0BD446D002CEED0204600F0F5FE002859
:1022EC00E9D02046BDE8D04001F0AEBD036DF0B59D
:1022FC000C4683B02BB318460DF1060201A902F06F
:10230C005DFBD8B1BDF80430BDF8062003B9AAB105
:10231C0002F01F06C3F343155912C2F3451703F01D
:10232C001F037600013D01F5EA61D212267065713A
:10233C00A17123716770A27003B0F0BD002003B0CF
:10234C00F0BD406D0028F9D00DF1060201A900F096
:10235C005DFDD6E7036D13B1586900217047436DDD
:10236C0013B193E80300704718461946704700BF35
:10237C00036D13B1D86900217047436D13B118690F
:10238C005969704718461946704700BF036D13B161
:10239C00184602F0CDBC406D08B100F0A5BD4FF061
:1023AC00FF307047036D13B1184602F08FBD406DBE
:1023BC0008B100F073BE4FF0FF307047036D33B1BE
:1023CC001B7813F0700F14BF012000207047406D74
:1023DC0030B190F8313013F0500F14BF01200020B1
:1023EC00704700BF8A79A2F150031B0621D402F278
:1023FC006C72F0B54B7985B0046D01330D798E7824
:10240C004F78DBB209784CB1039120460297042136
:10241C000196009502F0D0FF05B0F0BD406D00288C
:10242C00FAD0039104218DE8E00001F03FFC05B0E7
:10243C00F0BD0020704700BF006900282FD0036852
:10244C00184A1B6993420ED1026D6AB1137803F0DE
:10245C00080303F0FF0013B3D3695069181A48BF7F
:10246C006FF0004070471847416DC9B191F8313099
:10247C0003F0080303F0FF008BB1D1E90423D1E989
:10248C00000130B4101A4FF000056FF0004463EBFC
:10249C0001018D4208BF844200D2204630BC7047F7
:1024AC0008467047D1060000036963B11A680749F2
:1024BC0092698A4208D1186D08B102F077BF586D45
:1024CC0008B101F07FBA7047184610474505000067
:1024DC00836C13B1184602F069BFC06C08B101F0EF
:1024EC0071BA7047036D13B1184602F05FBF406DAF
:1024FC0008B101F067BA704710B5036982B08DF866
:10250C000710BBB11968104ACC68944215D1186DEC
:10251C0030B101220DF1070102F0F6FF02B010BD3F
:10252C00586D0028FAD001220DF1070101F0FEFCD4
:10253C0002B010BD184602B010BD01220DF107010A
:10254C001846A04702B010BD45060000036973B1E0
:10255C001A68084952698A4207D1186D08B102F00D
:10256C00B5BC586D18B100F099BD184610474FF026
:10257C00FF30704705040000036923B31968134A40
:10258C0010B58C6882B0944214D1186D48B10122F8
:10259C000DF1070102F0CCFB90B19DF8070002B0E1
:1025AC0010BD586D0028F8D001220DF1070100F084
:1025BC009BFCF1E7184601220DF10701A047EBE760
:1025CC004FF0FF30EBE74FF0FF307047ED030000AA
:1025DC00836C13B1184602F097BFC06C08B101F0C0
:1025EC00A5BC7047036D13B1184602F08DBF406D4A
:1025FC0008B101F09BBC704700B5836C83B08DF8BB
:10260C00071043B1184601220DF1070102F07CFFBF
:10261C0003B05DF804FBC06C0028F9D001220DF169
:10262C00070101F083FC03B05DF804FB03698BB177
:10263C000E4810B41C68E468844211D1186D18B1AE
:10264C005DF8044B02F060BF586D28B15DF8044B87
:10265C0001F06CBC0020704700205DF8044B704703
:10266C00184623465DF8044B184700BF450600008A
:10267C00026D62B1137803F0080303F0FF000BB393
:10268C00D3695069181A48BF6FF000407047416D0C
:10269C00C9B191F8313003F0080303F0FF008BB19E
:1026AC00D1E90423D1E9000130B4101A4FF0000530
:1026BC006FF0004463EB01018D4208BF844200D2ED
:1026CC00204630BC70470846704700BF826C62B130
:1026DC00137803F0080303F0FF000BB3D3695069C0
:1026EC00181A48BF6FF000407047C16CC9B191F81F
:1026FC00313003F0080303F0FF008BB1D1E9042360
:10270C00D1E9000130B4101A4FF000056FF000440D
:10271C0063EB01018D4208BF844200D2204630BCDD
:10272C0070470846704700BFD0B4039C16461F463E
:10273C0034B1012C1ED0022C0DD00020D0BC70471F
:10274C00046DDCB1012B08BF002AF6D220461146DD
:10275C00D0BC02F011BD036DB3B1DA69B61847F104
:10276C000007012F08BF002EE7D231461846D0BC17
:10277C0002F002BD036D93B15A69EFE7406D00287A
:10278C00DBD0D0BC00F0A0BC436D002BD5D01846DC
:10279C00D3E9042392197B41D0BC00F095BC436D66
:1027AC00002BCAD01846D3E9002392197B41E8E7E5
:1027BC0038B504460C4B806D236018B10AF022FF2B
:1027CC000023A365236D04F118054BB1284603F0D3
:1027DC00CBFF064B2846A36003F0C6FF204638BD4E
:1027EC00636D002BF2D1F4E718060020F8040020EA
:1027FC0038B504460E4B806D236018B10AF002FF09
:10280C000023A365236D04F118056BB1284603F072
:10281C00ABFF084B2846A36003F0A6FF20465C21C3
:10282C0005F0C4FF204638BD636D002BEED1F0E7F8
:10283C0018060020F804002070B5294B04460569E1
:10284C0003601DB16E68013E6E602EB120461421EE
:10285C0005F0ACFF204670BD2B68224ADB6A934220
:10286C0030D1A86D10B10AF0CDFEAE652B6D7BB3E7
:10287C0005F1180003F078FF2569002DE6D02B68D0
:10288C00194A5B68934220D1184BA86D2B6018B184
:10289C000AF0B8FE0023AB652B6D05F11806DBB111
:1028AC00304603F061FF124B3046AB6003F05CFF27
:1028BC0028465C2105F07AFF2046142105F076FFAE
:1028CC00204670BD28469847D6E728469847BDE76E
:1028DC006B6D002BCCD1CFE76B6D002BE0D1E2E719
:1028EC00C8050020990000005108000018060020BF
:1028FC00F804002070B5254B0546046903601CB133
:10290C006668013E66600EB1284670BD2368204A99
:10291C00DB6A93422CD1A06D10B10AF073FEA66550
:10292C00236D5BB304F1180003F01EFF2C69002C1F
:10293C00EAD02368174A5B6893421CD1164BA06DF2
:10294C00236018B10AF05EFE0023A365236D04F129
:10295C001806BBB1304603F007FF104B3046A3609E
:10296C0003F002FF20465C2105F020FF284670BDD5
:10297C0020469847DAE720469847C5E7636D002B59
:10298C00D0D1D3E7636D002BE4D1E6E7C805002076
:10299C00990000005108000018060020F8040020DF
:1029AC0070B5264A0446264B856A026083611DB1C8
:1029BC006E68013E6E600EB1204670BD2B68214AD8
:1029CC00DB6A93422CD1A86D10B10AF01BFEAE65E8
:1029DC002B6D5BB305F1180003F0C6FEA56A002D44
:1029EC00EAD02B68184A5B6893421CD1174BA86D30
:1029FC002B6018B10AF006FE0023AB652B6D05F1B8
:102A0C001806BBB1304603F0AFFE114B3046AB603D
:102A1C0003F0AAFE28465C2105F0C8FE204670BDD6
:102A2C0028469847DAE728469847C5E76B6D002B90
:102A3C00D0D1D3E76B6D002BE4D1E6E73405002051
:102A4C00C80500209900000051080000180600205D
:102A5C00F804002010B4002304461248617222616D
:102A6C0020602372E36041B1194600E0226942F80C
:102A7C0023100133627A9A42F8DC0B4B1A680AB9BC
:102A8C000DE01A465369002BFBD1546100232046FC
:102A9C00A3726361A380E3805DF8044B70471C60F4
:102AAC00F4E700BF2805002078210020704700BF04
:102ABC00704700BF2DE9F04F9E4C00239E4983B018
:102ACC009E4D22684B720D600B610B72CB600AB984
:102ADC0029E11A465369002BFBD151610027984B11
:102AEC004FF47A72DFF8A8E2DFF884824FF4803674
:102AFC008B610A6290484F618F80CF808F720F7705
:102B0C0081F824708F62C1F800E0DFF85CB2DFF866
:102B1C0084920F664F6604F063FE8A4A8A4986489F
:102B2C00DFF838A207F05CFA08F1280240460421CD
:102B3C00FFF790FF0BF12802C8F800900421C8F8A9
:102B4C0018605846C8F81C60C8F82060C8F82460A3
:102B5C00FFF780FFDFF820820AF12802504604219B
:102B6C00CBF80090CBF81860CBF81C60CBF8206049
:102B7C00CBF82460FFF76EFF08F1280204214046D1
:102B8C00CAF80090CAF81860CAF81C60CAF820602D
:102B9C00CAF82460FFF75EFF6C4A4FF0020A3B460E
:102BAC00C8F8009002F1180C3846C8F81860964620
:102BBC00C8F81C606146C8F82060C8F8246015602D
:102BCC001772D76082F809A0C2F810C001E0DEF8D5
:102BDC00101041F823000133517A5C4E9942F6DC17
:102BEC002168544B09B9A0E019464B69002BFBD165
:102BFC004A610027564B554857619780D78097728A
:102C0C00136004F085F9534A4FF0020C3B463846EA
:102C1C0002F1180E1560164617727146D76082F8CD
:102C2C0009C0C2F810E000E0316941F8230001331B
:102C3C00517A484D9942F7DC21683E4B09B976E050
:102C4C0019464B69002BFBD14A610024424B414889
:102C5C00012554619480D4809472136004F02AFD91
:102C6C0022463E4B009434493D4805F043FB354A1F
:102C7C003C493B4807F0B4F922463B4B00942E49A3
:102C8C003A4805F037FB2F4A3649384807F0A8F97F
:102C9C00374B2A4600942849364805F02BFB294A25
:102CAC003049344807F09CF9334B2A4600942249AA
:102CBC00324805F01FFB234A2A49304807F090F9A7
:102CCC002246244B00952A492D4805F013FB1D4A3A
:102CDC0024492B4807F084F922461C4B00942249C6
:102CEC00284805F007FB174A1E49264807F078F9D3
:102CFC002246184B00941949234805F0FBFA114A57
:102D0C001849214807F06CF9224600950F4B1A49D7
:102D1C001E4805F0EFFA0B4A12491C4803B0BDE8F7
:102D2C00F04F07F05DB92160D8E61E6061E71D60C9
:102D3C008BE700BF78210020982400202805002074
:102D4C00C805002010100020010A0000F822002005
:102D5C00400500200C270020BC0500201823002073
:102D6C00F82300201D640000882300200C24002080
:102D7C005023002020240020C023002034240020D5
:102D8C00482400205C24002070240020842400208F
:102D9C00340500201C050020F0B500F1240385B09B
:102DAC0005460E4601AC174693E8070084E8070079
:102DBC0072012146286A01F0AFFB012806D13A4680
:102DCC002146286A01F06CFB05B0F0BD002005B06F
:102DDC00F0BD00BF10B5044600F0F4FD002384F8EC
:102DEC00313084F8333010BD38B50D46144600F13F
:102DFC0024010022006A01F053FB034628B14289EA
:102E0C0001202A801B89238038BD38BD38B50D467A
:102E1C00144600F124010022006A01F041FB034634
:102E2C0028B1C28901202A809B89238038BD38BDF6
:102E3C0090F831200AB10020704738B50D46114684
:102E4C00382204460AF0D0FE40230120256284F883
:102E5C00313084F8330038BDF0B40C78202C03D119
:102E6C0011F8014F202CFBD00E461E4F11609160C3
:102E7C003578344601362F2D18BF002D22D0A5F100
:102E8C0022041F2DE4B28CBF002101211D2C0ED970
:102E9C000124A14213D205F0BF013C290FD05C2DB7
:102EAC000DD02E2DE4D0202DE2D09660E0E727FA4D
:102EBC0004F404F0010484F00104A142EBD30020DB
:102ECC00F0BC7047202D01D02F2D05D114F8011F17
:102EDC002029FBD02F29F9D01C601146F0BC01F041
:102EEC00E5B900BF010100312DE9F04F90F8333006
:102EFC0083B00546DE0760D55C060E46914640F170
:102F0C00BD80D5E90001D5E9042310EB090A41F194
:102F1C00000B5B4508BF5245C0F0B680B9F1000FFD
:102F2C0074D0AA464C4640F2FF17FAE806012B6A09
:102F3C00D3F8382402EA0008C8F3080BB8F1000FE4
:102F4C006AD150EA010279D195F8312051064CBF73
:102F5C00D3F83414E969A9614FEA58200239D3F83F
:102F6C002C24BC4293F845E4024401FA0EF11144BE
:102F7C002ED9BBF1000F2BD1D3F81C22914227D0B4
:102F8C00B4F5806F61D34FF0010C4FEA54280CFA62
:102F9C000EFEC0EB0E00804528BF804691423DD806
:102FAC0001EB0800824239D203F5047001910093C1
:102FBC0003F0B4FC009B019980BB95F832304FF0C4
:102FCC00FF3043F0020385F8323003B0BDE8F08FD8
:102FDC0003F50470002203F071FC0028EDD0CBF552
:102FEC00007800EB0B013046A04528BFA0464246B6
:102FFC0005F040FB404600214644D5E900238018EB
:10300C005941B4EB0804C5E9000190D10024C4EB8C
:10301C00090003B0BDE8F08FA9699DE7D3F814024D
:10302C0032464346D0F800E0DEF814B0D84700280A
:10303C00C3D04FEA482800214046DDE795F83320FD
:10304C00520610D5A969013185E7D3F8140232462E
:10305C0003681B6998470028AFD04FF4007000211B
:10306C004FF40078C8E718465246A96901F034FAC3
:10307C000028A2DB0BD02B6AA9696DE790F83130E0
:10308C0018073FF53EAF49E7C0EB020946E795F854
:10309C00313013F0500FBAD18FE700BFF0B583B0C9
:1030AC000122044685690DF10701D0E90067FFF79D
:1030BC001BFF0128A5610CBF9DF807004FF0FF30E6
:1030CC00C4E9006703B0F0BD2DE9F04F90F831E092
:1030DC0085B004468569BEF1000F36D016461F46F2
:1030EC00D0E90001994208BF904265D056EA070327
:1030FC0030D10023A3610120C4E9006705B0BDE80D
:10310C00F08F10F1FF3241F1FF3322FA0CFC03FA7D
:10311C0008F823FA0AFA50EA01034CEA080C4CEAC4
:10312C000A0C4BD0E34549D3CCEB0B0BA94604F16D
:10313C0018085D464246002DDDD0A169013D206A8C
:10314C0001F0CAF90028F5DC4D460020A56105B058
:10315C00BDE8F08F1EF0080F27D1236A16F1FF3857
:10316C0093F845C447F1FF39C24603930CF1090C9F
:10317C00CB4694F833905FFA8CFC19F0400FCCF1ED
:10318C0020082AFA0CF2CDE900AB019BACF1200A25
:10319C0003FA08FB23FA0AF342EA0B0242EA030B96
:1031AC00AFD0E3695B44A361A5E7D4E90423BB4238
:1031BC0008BFB242C9D3D0E70120C8E71EF0400FC8
:1031CC0002D1E369A361B1E7039BD3F83434F9E787
:1031DC002DE9F04F8FB08146019390F831302BB927
:1031EC0091F831300C4613F0500F08D100231846DB
:1031FC0089F8313089F833300FB0BDE8F08F019B7E
:10320C00154603F00303012B06D0022B00F0FF80C0
:10321C00002BEBD1012200E00222019B03F00803FA
:10322C0013430293002D40F0DD8003270026029B00
:10323C00B34643F040030393202206A92046FFF730
:10324C0053FEF0B12028D1D19DF81830180645D482
:10325C00BBF1000F04D12268D4F818A0A2F1200809
:10326C00BB4503D20BF1010B5FFA8BFB002B00F07B
:10327C00D080202206A920460026FFF735FE002824
:10328C00E0D1019B9905B1D5029B9A07AED5002DD3
:10329C00ACD0BB4580F0C6802B465E4655469A4660
:1032AC000AE02028A2D11EB92268A569A2F1200843
:1032BC00DEB2B74240F2B380202206A92046FFF7C7
:1032CC0013FE731C0028ECD12046D4F818B000F083
:1032DC00A9FB00288AD0C4F818B0EAE756BBBB4556
:1032EC0038BF4FF0000B852BA6D13146382248460B
:1032FC0001260AF079FC9DF81C309DF81920D9069E
:10330C0089F8302003F0370258BF42F0080289F8E0
:10331C0031202368226AA169203BC9F82020C9F812
:10332C002830C9F8241094F83330C3F3801389F88B
:10333C002C3081E7C02B29D0C12B9AD12A4606A963
:10334C00484600F027FF002867D0AB89002B7FF49C
:10335C0073AFAA686B689A427FF46EAF019B1F052E
:10336C003FF544AF019B13F4884F40F0AB8099F8C4
:10337C0033309E0700F1A680019B5B053FF536AF0D
:10338C00019B580400F1BC80012035E79DF81930F1
:10339C009DF808209B0789F8332003D59DF80C3045
:1033AC0089F833300B99DDE90823C9F81C10DDE9E5
:1033BC000C01C9E90423C9E90201002DCED09DF806
:1033CC001B304FF000002A6929689A42A881696075
:1033DC007FF44FAFBDF81C60AB8AF61AB6FA86F6CE
:1033EC00760929E72B69664F0E33A7FB0337D4E91F
:1033FC000023FF08134307F10207FFB23FF416AF97
:10340C00002100220023A161C4E900230EE703225E
:10341C0003E7002D7FF435AFE8E606460CE753468C
:10342C00AA461D4694F833B03822002148460AF0CB
:10343C00DBFBCBF3801B0823226A002689F82CB017
:10344C00C9F824A0C9F8288089F831302B68C9F84C
:10345C0020206B60AE818FB307F1FF3834465FFAE2
:10346C0088F8012221464846FFF796FC834600283F
:10347C003FF4BCAE90F90030002BFFF6B7AE202223
:10348C0000210AF0B1FB002E43D0012C5ED0C123E9
:10349C005C460BF11E0A8BF80030AB8928461BB931
:1034AC006A68AB689A4205D003F040FA24F8020F20
:1034BC00A245F2D10136F4B2BC42D2D3484600F058
:1034CC0081FA99E699F8313013F0110F7FF48EAE32
:1034DC00019B5D057FF554AF99F833309C077FF560
:1034EC0085AE002200234846FFF7EEFD00283FF48E
:1034FC007DAE484600F0A8FC00283FF477AE43E7C9
:10350C004846D9E90423FFF7DFFD00287FF43CAFE0
:10351C006CE685238BF800301A4B89F830808BF8D9
:10352C0001801B681BB30DF113020DF1160105A8E8
:10353C009847BDF81410BDF816209DF81330ABF861
:10354C000A10ABF808208BF81430B3E7029BC022AA
:10355C008BF8014063F07F038BF8002089F833303F
:10356C002B698BF80330AB8AABF80430A2E745F239
:10357C002163ABF80A30ABF80E30ABF8123099E798
:10358C0089888888702100202DE9F043064697B081
:10359C0000200D4696F8311001928DF851008DF8EF
:1035AC0052008DF85300ADF8140029B9994695F8DE
:1035BC00313013F0500F03D1002017B0BDE8F08369
:1035CC00137814462F2B32D04FF00008214601AB54
:1035DC0002AA3046FFF740FC0028EDD0019B1B7877
:1035EC00002B39D02946002302AA3046FFF7F0FD04
:1035FC000028E1D0344608AF06F1300E20681034B4
:10360C0054F80C1C3D4654F8082C103754F8043C64
:10361C0074450FC5F2D1206808AD3860304600F013
:10362C00D1F986F8318086F83380019CCEE70134DD
:10363C00019421782F29FAD0B9B108A83822002199
:10364C002F6A05460AF0D0FA4022012310978DF814
:10365C0051208DF85330B7E74B4602AA2946304625
:10366C00FFF7B6FD17B0BDE8F083382230462C6A60
:10367C000AF0BAFA40230120346286F8313086F819
:10368C0033009AE719B101F58961FFF77DBF084650
:10369C00704700BFF0B490F8314024B991F8313044
:1036AC0013F0500F02D10020F0BC7047D1E9006735
:1036BC00002706F01F0656EA0703F4D113462246EC
:1036CC00F0BCFFF785BD00BF8169F8B50446006A00
:1036DC0001B10131012200F033FE012806462ED93A
:1036EC0001230146206A1A4600F084FE074630B3D7
:1036FC00A3693BB394F83320510612D5591C8E4262
:10370C0026D022F04002E16984F8332005E0206ADB
:10371C0000F026FF294690B1A3694D1C99422A4618
:10372C00F5D34FF0FF323146206A00F019FF30B16B
:10373C00A16969B13246206A00F012FF40B9002736
:10374C003846F8BD94F8333043F0400384F83330F6
:10375C00A6613846F8BD00BF90F833309A073BD5C8
:10376C00C1692DE9F0410546A9B9002408E00378A8
:10377C00E4B203F07F03037095F83030A3422DD3ED
:10378C002146012228460134FFF706FB0028EED122
:10379C000020BDE8F0815B06006A37D590F845241F
:1037AC000023D5E90267093216F1FF36D2B247F190
:1037BC00FF37C2F1200EA2F1200426FA02F207FA1A
:1037CC000EFE27FA04F442EA0E022243013200F004
:1037DC0011FE0028C9D1DBE70020704700232C6ABA
:1037EC0085F83130204685F8333003F097F80028FF
:1037FC00CED004F5047003F091F80028C8D0D4F8AA
:10380C0040040368BDE8F0411B6A184700F0BAFE9B
:10381C000028AAD1BCE700BF90F83130D90601D4FA
:10382C000020704710B5002288B000230446FFF733
:10383C004BFC06E0202819D19DF800301A0615D44F
:10384C0033B1202269462046FFF74EFB0028F1D108
:10385C0094F833300822204643F0020384F83120D8
:10386C0084F83330FFF778FF08B010BD002008B0A3
:10387C0010BD00BF2DE9F043002583B00746DFF8EB
:10388C004091A846002229463846FFF785FA04469F
:10389C0030B10378C02B74D0C12B2CD0852B09D020
:1038AC0097F83230002043F0010387F8323003B030
:1038BC00BDE8F08397F83130D9F8006003F0370396
:1038CC00838086B10DF103020DF1060101A8B0470A
:1038DC00BDF80620BDF804309DF80310A281617577
:1038EC002282E38163823A6A92F8103243F0010338
:1038FC0082F8103223784FEAC830A3F185060022F3
:10390C00012140EA5808B6FA86F613FA88F37609CC
:10391C001FFA83F80A444FEAC83303211F2A43EAEB
:10392C0058030AD8A05C012A10FA83F31FFA83F813
:10393C0001D1002EEED10121ECE7013597F83030A2
:10394C00EDB2AB429ED2012207F12401386A00F09D
:10395C00A7FD0028A4D03C6AA0F80280204602F003
:10396C00DDFF00289CD004F5047002F0D7FF00287E
:10397C0096D0D4F8400403681B6A984700288FD06F
:10398C0095E797F8333013F0400F437814BF43F0AA
:10399C00020323F002034370386AF969D7E9042360
:1039AC006161C4E90223D7E90223C4E9062390F834
:1039BC00103243F0010380F8103223789BE700BFEC
:1039CC007021002090F8312092B138B590F8332056
:1039DC0011060FD4056A0446284602F09FFF88B9E9
:1039EC0094F83230002043F0010384F8323038BDB3
:1039FC000120704702F07F0280F83320BDE8384088
:103A0C00FFF738BF05F5047002F088FF0028E7D0F7
:103A1C00D5F8400403681B6A98470028E0D00120C1
:103A2C0038BD00BFF8B590F8313005465A064FD472
:103A3C0080682B6AD3F83C341844B0F1806F01D302
:103A4C000020F8BD2846FFF73FFE0028F8D0286A72
:103A5C000122AE6990F84534023ED0F82C149E40F9
:103A6C0012FA03F30E4415D000243119052200F587
:103A7C000470013402F022FF4FF400720021002880
:103A8C00DED00AF0B1F8286A012390F8452493405F
:103A9C00A342EAD895F831305B0614D495F833304C
:103AAC00002763F07F0385F83330D0F83C64D5E908
:103ABC000223D5E9040192197B4180197941C5E9AA
:103ACC000223C5E904012846BDE8F840FFF77ABF98
:103ADC00006A00F043FEACE710B591F8314014F0E9
:103AEC00500F01D1002010BD40F602230446FFF711
:103AFC006FFB0028F6D01023204684F83130FFF7F6
:103B0C0091FF0028EED0A169002320460022E1613C
:103B1C00FFF7DAFAC123204684F83330BDE81040B1
:103B2C00FFF750BF2DE9F041064696B000200C4639
:103B3C0096F831100192ADF814008DF851008DF803
:103B4C0052008DF8530029B9984694F8313013F08F
:103B5C00500F03D1002016B0BDE8F0811378114648
:103B6C002F2B34D001AB02AA3046FFF775F9002891
:103B7C00F0D0019B1B78002B37D0002302AA2146E2
:103B8C003046FFF725FB48B9B8F1000FE2D02146CB
:103B9C0002AA3046FFF7A0FF0028DBD0344608AF5E
:103BAC0006F1300E2068103454F80C1C3D4654F8C5
:103BBC00082C103754F8043C74450FC5F2D120681A
:103BCC0008AC38603046FFF705F90199CAE70131B6
:103BDC0001910B782F2BFAD0216A08A8FFF728F94E
:103BEC000028B7D008AC0199BCE702AA21463046A0
:103BFC00FFF772FF16B0BDE8F08100BFF0B590F88A
:103C0C0031409DB0002314F0180F8DF831308DF831
:103C1C0032308DF833308DF869308DF86A308DF88C
:103C2C006B3003D00B6A046A9C4202D000201DB09A
:103C3C00F0BD044640F601236846FFF7A5FC0028BA
:103C4C00F4D0254604F1300E0EAF2868103555F827
:103C5C000C1C3E4655F8082C103755F8043C75459D
:103C6C000FC6F2D1286809AA04F1240338609DF824
:103C7C00305007CA83E8070094F83330204684F8A4
:103C8C00305063F07F0384F83330FFF79BFE00283D
:103C9C00CCD00021022208230EA815918DF86B20A0
:103CAC008DF86930FFF758FDC1E700BF2DE9F04FE3
:103CBC0090F8314083B01F4624079DF830A09DF842
:103CCC0034909DF838B09DF83C3004D5A2F2BC720B
:103CDC0094B27F2C04D90026304603B0BDE8F08F97
:103CEC007A1E0B2AF7D80AF1FF321E2AF3D8BBF141
:103CFC003B0F98BFB9F1170F8CBF012600263B2B49
:103D0C0088BF46F00106002EE5D101930546884692
:103D1C00FFF758FE019B0028DDD0591013F0010F5E
:103D2C004AEA471708F0010341EA4B11B24647EA49
:103D3C00442708BF4FF0000B41EAC92918BF4FF0C8
:103D4C00640B3446BFB21FFA89F901930022514625
:103D5C002846FFF721F80028BDD00278852A4FD0DD
:103D6C00BAD3A2F1C0010129B6D84FEAC43EA2F1E0
:103D7C00850300214EEA5404B3FA83F34FF0010E8D
:103D8C0012FA84F45B09A4B27144E2034FF0030EFF
:103D9C001F2942EA54020AD8445C012914FA82F21F
:103DAC0094B201D1002BEFD14FF0010EECE70AF1E8
:103DBC00010395F830205FFA83FA5245C6D20122EE
:103DCC0005F12401286A00F06BFB002883D02D6AD2
:103DDC004480284602F0A2FD00283FF47CAF05F594
:103DEC00047002F09BFD00283FF475AFD5F8400439
:103DFC0003681B6A9847064600283FF46CAF6BE7D4
:103E0C0095F83120296A02F03702019B828091F8E3
:103E1C00102242F0010281F8102213B1A0F8109088
:103E2C00478218F0020F04D080F814B0A0F8089064
:103E3C00478118F0040F04D080F815B0A0F80C904E
:103E4C00C781027891E700BF90F833309A0718D5F4
:103E5C00F0B5C56983B08DB103F04003044603F09F
:103E6C00FF0683B98169002942D10195C1612946B8
:103E7C00206A00F087FB38BB002000E0012003B073
:103E8C00F0BD00207047006AA16990F84524D4E980
:103E9C000267093216F1FF36D2B247F1FF37C2F191
:103EAC00200EA2F1200326FA02F207FA0EFE27FAE0
:103EBC0003F342EA0E021A430132B1B1013D4B1C2D
:103ECC00691A01930A4402BB94F833302046D4E9B2
:103EDC00006763F07F03C4E9026784F83330C4E9F8
:103EEC000467FFF76FFD03B0F0BD0195E161EAE7F0
:103EFC0002AA006A42F8046D00F0EEFA0028BBDB5F
:103F0C000AD1019D002DDFD0B1E70023019900F00B
:103F1C0071FA0028D8D1AFE74FF0FF32A169206ABF
:103F2C0000F01EFB0028ECD1A6E700BF2DE9F04FF6
:103F3C0090F8333083B004469D07009240F1B38073
:103F4C001A07884600F1A880009B002B00F01D8109
:103F5C002146009D4FF0010AF1E80623934601919A
:103F6C00206AA169D0F8386406EA0B06C6F3080982
:103F7C0056BB002900F0CC8094F833305B0640F13E
:103F8C00E08090F84524E3690932D4E902BCD2B24E
:103F9C001BF1FF3BC2F1200EA2F120074CF1FF3CBC
:103FAC002BFA02F20CFA0EFE2CFA07F742EA0E027A
:103FBC003A431A449142C0F0C1802046FFF784FB7B
:103FCC00002870D0206AA169760A0239D0F82C74C6
:103FDC0090F845E4374401FA0EF13944B9F1000F79
:103FEC006BD1B5F5007F2CBF00220122002A64D1D1
:103FFC00B5F5806FC0F090800AFA0EFE6B0AD0F80F
:10400C001CC2C6EB0E06B34228BF334661454FEACD
:10401C00432708D85E18B44505D24FF0FF3680F818
:10402C001022C0F81C62D0F8140242460668B66A28
:10403C00B047002837D038460021B844ED1BD4E9EE
:10404C000023D4E9046712EB000B43EB010C67452A
:10405C0008BF5E45C4E900BC07D294F8331061F088
:10406C007F01C4E904BC84F83310002D7FF478AFD1
:10407C005A466346D4E90201994208BF904278D36C
:10408C00434B1B68002B7ED094F83330009863F0C0
:10409C007F0384F833300DE0D0E90423FFF714F8E4
:1040AC0000287FF451AF94F83230002043F0010324
:1040BC0084F8323003B0BDE8F08FB9F1000F25D190
:1040CC00D4E90423D4E900679F4208BF964234BF69
:1040DC000122052200F5047002F0F0FB0028E2D06A
:1040EC00C9F5007748444146AF4228BF2F46B94432
:1040FC003A4604F0BFFAB9F5007F9CD1206A00F56E
:10410C00047002F00BFC002895D1CCE70122E1E70A
:10411C00E169F1B1A16157E7D0F81C32994221D085
:10412C00D0F81402424603685B6A98470028BAD05C
:10413C004FF4007000214FF400777EE70131A1614C
:10414C0042E7019A00F0C8F90028ACDB7FF43AAFE3
:10415C0033E72046FFF7B8FA0028A4D0A169206AFB
:10416C00E16131E74FF0FF3380F81022C0F81C32C8
:10417C00D6E794F83310009861F07F01C4E902236C
:10418C0084F8331096E7009894E7D4E9002371E79C
:10419C00702100202DE9F0410C46154601F11E0856
:1041AC00AB89284634F8026F1BB96A68AB689A422F
:1041BC000ED002F0BBFB02F079FC0746304602F051
:1041CC0075FC874209D14445EAD10120BDE8F08154
:1041DC00B6FA86F04009BDE8F0810020BDE8F08118
:1041EC002DE9F84F90F831308946002B45D090F8E6
:1041FC0030308046012B53D9013A8A4602274FF0C2
:10420C00000B8E18002239464046FEF7C5FDA0B3C0
:10421C000378C12B31D1044600F11E0519E000F5DD
:10422C0010539BB2B3F5806F27D24FEA8B2B1E4BEA
:10423C00C0F309000BEA0303184300F58030514624
:10424C00324602F09DFB8246B8B1AC424FF0000BF7
:10425C001FD034F8020FBBF1000FE0D100F5205352
:10426C009BB2B3F5006F0ED30028E8D1C9EB0A005E
:10427C0000238AF80030BDE8F88F0023184689F82F
:10428C000030BDE8F88FB3F5806FF6D2AC428346B0
:10429C00DFD1013798F83030FFB2BB42B2D2E5E73C
:1042AC008A460020E4E700BF00FC0F00F8B50D467D
:1042BC0000234FF6FF762A681946AB811C466A60CC
:1042CC002B6116E002F032FBB04221D002F0EEFB83
:1042DC002B69E203A9890712013342EA54022B61CC
:1042EC0052FA80F0C0F34E0343EAC03017FA80F460
:1042FC00A4B228460029E5D16A68AB689A42E1D19C
:10430C002869AC820138FE288CBF00200120F8BD42
:10431C000020F8BD38B50C46D0F82414154600F52D
:10432C000470012201EBD41102F0C8FA034628B143
:10433C00A4000120C4F308041D5138BD38BD00BFD2
:10434C002DE9F84F804691468B46002943D08F1EAD
:10435C00D8F830349F423AD207F007050123C7F34F
:10436C00C80A03FA05F5EDB23E463C46D8F82C14C3
:10437C000022404601EB143102F0A0FAC0B110F853
:10438C000A100AE04A4529D0A74210D0D8F83024A8
:10439C00944216D213F0FF050CD001340D424FEAB3
:1043AC004503A4EB0602EDD0A7422646EED1012030
:1043BC00BDE8F88F0AF1010A0125BAF5007FDED1BC
:1043CC0001E0002634464FF0000A0125CEE7002715
:1043DC000125BA46C8E7D0F82074B9E7BBF1000F45
:1043EC0004D1B9F1010F08BFC8F82064B01CBDE8B6
:1043FC00F88F00BF2DE9F047023915469A46D0F8E0
:10440C0030244B19934238D88046BAF1000F37D17B
:10441C00D0F82034994238BFC0F8201401F00704BA
:10442C000122D8F82C34C1F3C80602FA04F403EBC9
:10443C001139E4B2012249464046914402F03EFA59
:10444C00D8B1871900F5007017F8012B224282EAC7
:10445C0004024FEA440414BF0126002656450CD032
:10446C00013D07F8012C17D014F0FF04EED1874260
:10447C0026464FF00104E7D1DCE70020BDE8F087C9
:10448C00D0F820048342C9D98142C7D8934228BFAF
:10449C000023C8F82034C1E70120BDE8F08700BF35
:1044AC0070B50E460446D0F8385400F504704968CF
:1044BC0033682940D4F82C54023B94F8454405EB5E
:1044CC005121A340194402F0F9F918B17368C3F3F0
:1044DC000803184470BD00BF38B5D0F83034013330
:1044EC008B4216D30C46D0F82414154600F50470F4
:1044FC00002201EBD41102F0E1F950B1A100C1F39B
:10450C00080143585A1C02D02B60012038BD0020F2
:10451C0038BD4FF0FF3038BD70B54C680D46D0F843
:10452C0038340646A1182340696090F845441A4473
:10453C000934E4B222FA04F43CB12B7A3BB12B6877
:10454C0001332B60013C002CF7D1012070BD2A46B1
:10455C0029683046FFF7C0FF0128F3D070BD00BFBB
:10456C0001290DD9D0F830340133994210B403D954
:10457C0000205DF8044B70475DF8044BFFF7CABE92
:10458C00002070472DE9F0410C4682B00546884664
:10459C00214601AA2846FFF79FFF012C0746C0F3CE
:1045AC00C0162146284626D9324626BBD5F83034CB
:1045BC0001339C421FD8FFF7ADFE04F1010E4146BA
:1045CC003346C8EB0E02B0B1284647B1019CA64554
:1045DC00DED0FFF70FFF70B1019CA046D8E7621C3C
:1045EC003B4641462846C8EB0202FFF703FF10B1D9
:1045FC0002B0BDE8F081002002B0BDE8F08100BF40
:10460C002DE9F84300248046D0F82C6400F504779B
:10461C002546314600223846013602F04FF928B3C0
:10462C0000F1FF3ED8F830C405F580591EF8010F93
:10463C00FF2813D048B10822012318424FEA430146
:10464C0018BF0134013ACBB2F7D10835AC4509D9C2
:10465C004D45DED01EF8010FFF28EBD1083508348C
:10466C00AC45F5D8C4EB0C00BDE8F883BDE8F88385
:10467C002DE9F041002304464FF0FF3600F5047796
:10468C001546C0F8401441601A46C4F81412384656
:10469C00194684F84434237084F81032E660C4F868
:1046AC001C6202F00BF9042D0DD8064658B16DB9F9
:1046BC0005222949F01C09F081FB034618B996F82C
:1046CC006C20092A1AD00020BDE8F0816B1E00EB8B
:1046DC00031393F8BE2112F07F02F4D193F8C23188
:1046EC00002BF0D000EB05153846D5F8B65129460D
:1046FC0002F0E4F806460028DAD1E4E7326D4FF018
:10470C0001080146204602EB050E4246C4F824E49B
:10471C00776DC4F82874B76D3D44C4F82C54F56D0E
:10472C00C4F83054356EC4F8345496F86D50C4F84F
:10473C00203405F1090384F8455408FA03F35D1E8F
:10474C00C4F83C34C4F83854FFF7FAFD4023404613
:10475C0084F84434BDE8F081B40A002070B582B00E
:10476C00D0F834140546002402AE46F8041D01E0CE
:10477C0009D0019932462846FFF7AEFE002804F115
:10478C000104F5DA002495F845040930C0B204FAA6
:10479C0000F002B070BD00BF38B50D4604462422AF
:1047AC00002109F021FAA560EB79102B05D0202B04
:1047BC0008D00C2B01D0002038BD20230120237001
:1047CC00A07038BD402301202370A07038BD00BFFD
:1047DC00024638B552F8105F04468068294601F04D
:1047EC00FFFD50B155B123690135AB42A37818BF19
:1047FC0003F0BF0363F07F03A37038BDA37843F0CD
:10480C004003F7E7F8B5037803F020032BB903F066
:10481C00FF044169194B994202D900263046F8BD74
:10482C000546FFF7D5FF06460028F6D0A8682F6985
:10483C008379023F426901799F40174441B913E0E3
:10484C0009F0D2F90134A868E4B20379A3420AD979
:10485C000522E119283002F031F84FF400720021E2
:10486C000028EDD1D9E783794FF40072696902FA17
:10487C0003F311FA83F36B61D0E700BFFFFD1F0058
:10488C0010B5044680680A462830A16902F016F873
:10489C0020B1A38803F00F0300EB431010BD00BF41
:1048AC0030B590F9023083B00446002B19DBA568B3
:1048BC0005F1280002F032F830B96378002043F09B
:1048CC000103637003B030BD05F50E7002F026F8DD
:1048DC000028F2D0286803681B6A98470028ECD09F
:1048EC00F0E70121FFF7CCFF05460028E5D003785F
:1048FC00E52BE2D023781B0701D5E369C361236A5A
:10490C000B491A0C6B830B68AA8263B10DF103027D
:10491C000DF1060101A89847BDF80430BDF806203A
:10492C002B836B82EA82A37803F07F03A370BEE72C
:10493C007021002010B50378044623B90023012010
:10494C002370A37010BDFFF7ABFF00232370A3707F
:10495C0010BD00BF70B5037805460C46BBB92846A0
:10496C000021FFF78DFF0346A8B1066801205D68A2
:10497C009968DA6826606560A160E2601E695D690D
:10498C009969DA6926616561A161E26170BDFFF721
:10499C0087FF0028E3D1002070BD00BF30B589B07F
:1049AC000D4614466946FFF7D5FF28B1BDF8102017
:1049BC00BDF80E302A80238009B030BD30B589B0E7
:1049CC000D4614466946FFF7C5FF28B1BDF81820FF
:1049DC00BDF816302A80238009B030BD2DE9F04196
:1049EC000C7888B014F0700F03D1002008B0BDE82B
:1049FC00F08140F6022305460C4601F077F80028BA
:104A0C00F3D0012210232846AA702B70FFF7FAFE70
:104A1C000028EAD02A692B782A62002B7FD1012149
:104A2C002846FFF72DFF07460028DED0102300682C
:104A3C007968EE46FB724FF02E0CBA6808AEFB6834
:104A4C00B7F81480AEE80F00BA69FB693869796968
:104A5C0006F820CD0DF10A0C7F8BAEE80F00334623
:104A6C00202203F8012F6345FBD1A86801222B6A91
:104A7C0090F806E02830023B50F8141C03FA0EF3B1
:104A8C00194401F01BFF86460028AED0ADF8148007
:104A9C004FF02E08ADF81A7037460FCECEF8000046
:104AAC00CEF80410CEF80820CEF80C308DF801802A
:104ABC000FCECEF81000CEF81410CEF81820CEF889
:104ACC001C30236A1A0CADF81A30ADF814200FCF35
:104ADC00CEF82000CEF82410CEF82820CEF82C30BA
:104AEC000FCFCEF83000CEF83410CEF83820CEF8F8
:104AFC003C30AC6804F1280001F010FF00283FF4B2
:104B0C0074AF04F50E7001F009FF00283FF46DAF8F
:104B1C00206803681B6A08B0BDE8F04118476B6950
:104B2C0033B1AB78002223F020032A616A61AB70A9
:104B3C002846FFF7B5FE00283FF457AF6FE700BFDC
:104B4C002DE9F041064694B000200C4631780192D4
:104B5C00ADF814008DF82C008DF82D008DF82E007A
:104B6C0021B99846237813F0700F03D1002014B0AC
:104B7C00BDE8F081137811462F2B2ED0002701AB06
:104B8C0002AA304601F004F902AA214600230028AB
:104B9C00ECD0019D30462D78002D30D000F0A6FFD2
:104BAC0048B9B8F1000FE1D0214602AA3046FFF710
:104BBC0015FF0028DAD035460BAC96F800E00FCD87
:104BCC000FC40FCD2D680FC42560BEF1000F12D19C
:104BDC0037700BACB7700199D1E7013101910B78AB
:104BEC002F2BFAD0A1680BA8FFF7D6FD0028BDD05B
:104BFC000BAC0199C2E73046FFF752FEE8E702AA78
:104C0C0021463046FFF7EAFE14B0BDE8F08100BF44
:104C1C002DE9F041064694B000200D463178019202
:104C2C008DF808008DF809008DF80A00ADF83800F1
:104C3C0021B998462B7813F0700F03D1002014B0D3
:104C4C00BDE8F081137811462F2B2AD0002702E003
:104C5C0001993770B77001AB0BAA304601F098F888
:104C6C000BAA294600230028E8D0019C3046247862
:104C7C0034B300F03BFF354602AC0028DED096F88A
:104C8C0000E00FCD0FC40FCDD5F800C002AD0FC49E
:104C9C00C4F800C0BEF1000FDAD03046FFF700FEBA
:104CAC00D6E7013101910B782F2BFAD08BB1A96883
:104CBC0002A8FFF771FD0028C0D002AD0199C5E72D
:104CCC0043460BAA2946304600F010FF14B0BDE84D
:104CDC00F081A9683046FFF75FFDB0E719B101F527
:104CEC008961FFF795BF0846704700BF38B5CB68A0
:104CFC0043B902780AB1184638BD8968BDE8384016
:104D0C00FFF74ABD0D4624220021044608F06CFF33
:104D1C0001231022A37018462270AA68EB68A260C7
:104D2C00236238BD03780BB100207047FFF734BD08
:104D3C002DE9F04F837883B00546DF0740F1908072
:104D4C000F46017891460E0700F193808C0608D52A
:104D5C00826843695289C3EB42139BB2994528BFC1
:104D6C009946B9F1000F00F0AA806B6988064E468F
:104D7C004FF0000805F1100AAA68C3F3080440D5E7
:104D8C00116A01EB5321002C54D1B6F5007F51D39D
:104D9C00536B99424ED0B6F5806F73D328784FEA97
:104DAC00562B800605D41079C8EB0000834528BF2C
:104DBC00834699424FEA4B240DD801EB0B008342FA
:104DCC0009D202F128000191009201F0A7FD009A8E
:104DDC000199002844D0D06A5B463A46D0F800E0EE
:104DEC00DEF814B0D84700283AD06B69361B27443C
:104DFC0023446B6163D02978C3F30804AA6888063E
:104E0C00BED492F8058008EA5328002C38D1B8F1AA
:104E1C00000F35D1002B3FD148064CBF136A2B6ACB
:104E2C002B619179023B50698B4008EB00011944CE
:104E3C00002CAAD002F12800002201F03FFD78B12D
:104E4C00C4F5007301193846B34228BF33461A46DD
:104E5C001C4603F00FFCC8E72B7813F0700F2FD112
:104E6C006B784FF0FF3043F002036B7003B0BDE87A
:104E7C00F08FC36942699B1A994528BF994670E720
:104E8C002B69CEE7D06A3A4603681B69984700281D
:104E9C00E6D04FF40074A8E7090705D5AB785B069C
:104EAC0002D52B690133BBE710462969524601F044
:104EBC001FFA0028D4DBCFD0AA682B69B1E70026F3
:104ECC00C6EB090003B0BDE8F08F00BF70B582B02F
:104EDC000122044646690DF107010569FFF728FF19
:104EEC00012866610CBF9DF807004FF0FF3025616B
:104EFC0002B070BD436930B5C3F3431583B00446AB
:104F0C00B5FA85F252098A4207D220334361A06870
:104F1C00383000EB451003B030BD01220DF1070114
:104F2C00FFF706FF40B2012803D163691F336361A9
:104F3C00EDE70020EFE700BF2DE9F04305789BB0CB
:104F4C00002415F0180F8DF820408DF821408DF8B5
:104F5C0022408DF844408DF845408DF8464004D0F1
:104F6C00866803468D68AE4203D000201BB0BDE8B6
:104F7C00F0831D4690460E46FFF792FCAE4611AFED
:104F8C00BEE80F000FC7BEE80F00DEF800E00FC749
:104F9C0021462846C7F800E0FFF772FC8646002839
:104FAC00E3D000686F46DEF80410DEF80820DEF867
:104FBC000C3095F800C00FC70CF0080CDEF8100090
:104FCC00DEF81410DEF818200CF0FF09DEF81C30A7
:104FDC000FC7BCF1000F00F096804246314640F6F8
:104FEC00012308A8FFF714FE0028BED00E9A002655
:104FFC00BDF824300121AA612846AB809DF82320FE
:10500C000B9BEA70EB608DF820608DF82260FFF747
:10501C0037FC0028A9D01AAB9DF80B2053F85B7D08
:10502C00C272D3F804E0C0F80D709F68C0F811E0AC
:10503C00C0F81570D3F80CE01F8A9B7CC0F819E0FF
:10504C00A0F81D70C377002C3BD0AF68A31E32466E
:10505C00BE7907F128007969B340194401F02EFCA0
:10506C00002882D006466F4656F8200F7168B26849
:10507C00F3680FC730697169B269F3690FC72146CC
:10508C00A86801F00FFA00283FF46FAFA96801225D
:10509C002B6A8C7901F12800023B4969A340194421
:1050AC0001F00CFC074600283FF45FAF6C460FCCB8
:1050BC0038627962BA62FB620FCC38637963BA6387
:1050CC00FB6300210222082311A819918DF84620B8
:1050DC008DF8443000F0CEFE00283FF446AFAC68AB
:1050EC0004F1280001F01AFC00283FF43EAF04F54F
:1050FC000E7001F013FC00283FF437AF20680368F2
:10510C001B6A984732E74B464246314608A8FFF7E0
:10511C0017FD00283FF429AF109C67E70378DA06E7
:10512C001AD5436910B5044633B18378002223F0B5
:10513C00200302614261837001212046FFF7DAFEF1
:10514C0060B103786BB1E52BF6D02E2BF4D0C37A7B
:10515C001B07F1D4002010BD002070476378002B92
:10516C00F8D1A3780822204643F002032270A370E2
:10517C00BDE8104000F07EBE2DE9F04103780446F6
:10518C000769B3B10D464169A9422CD045B9837862
:10519C00056123F0200365610120A370BDE8F08157
:1051AC0018070AD49A060BD5A3685B89B5EB431F85
:1051BC0030D927610020BDE8F081E2699542F8D82A
:1051CC00D4F808E06E1EA2789EF8060012F0400F8C
:1051DC0000F10900C0B226FA00F607D0216A134686
:1051EC000E442661D5E70120BDE8F0814A1E22FA63
:1051FC0000F0864210D379B1361A04F1100806E09B
:10520C002169013EA06801F073F80028D1DD424607
:10521C00002EF5D1A378BCE75B064CBFDEF820303E
:10522C00236A2361E9E700BF2DE9F0410D46904662
:10523C000021242204461F469DF8186008F0D4FC77
:10524C00A86808F00F03296A00F13802A060E16039
:10525C0002EB4312A4F80480D17A0D0711D401F0AB
:10526C0017012170D37A13F0180F02D141F0080105
:10527C00217007F00303E670012B08D0022B2AD013
:10528C0023B3002323701846A370BDE8F0810223DA
:10529C00A370217811F0110FF3D159B207F4806586
:1052AC0007F008030B43DBB2A370B2F814E0518B88
:1052BC00466B41EA0E41A66185B1D1B963F07F031B
:1052CC00A3707B040ED40120BDE8F08117F4806537
:1052DC00D7D10121E4E70323A370DAE72162D36974
:1052EC00E361EEE7E1692046FFF746FF0028EAD1CB
:1052FC00C7E701F0D7F80028C3D0A378DEE700BFDA
:10530C0003781BB90B7813F0700F01D10020704794
:10531C002DE9F0434D6983B015F01F0632D190464C
:10532C000C460746B14611E0A3F1E502B2FA82F24F
:10533C005209A2B990F80BE00EF0080101F0FF0C35
:10534C0079B1BEF10F0F21D01646656900212046B8
:10535C00FFF7D0FDB0B10378A3B12E2BE4D100261A
:10536C00F3E7D6B1421E0A304FEACC1312F8011FF4
:10537C0043EA5C0C904251FA8CFC5FFA8CFCF3D142
:10538C00CC450AD0002003B0BDE8F0835A06DCD52A
:10539C0003F01F0690F80D90D7E700964346C5F32F
:1053AC004F1221463846FFF73FFFECE703780BB16D
:1053BC00FFF776BA012070472DE9F04F90F800E026
:1053CC0081B01EF0080F9DF828909DF82CA09DF838
:1053DC0030B09DF8348004D0A2F2BC7294B27F2C11
:1053EC0003D9002001B0BDE8F08F5A1E0B2AF8D863
:1053FC0009F1FF321E2AF4D8BBF13B0F98BFBAF16A
:10540C00170FEED8B8F13B0FEBD806461D460F46EA
:10541C00FFF746FA0028E4D001213046FFF730FAB6
:10542C000028DED04FEA6801FB0749EA451541EA3E
:10543C004B1B45EA44244BEACA2AA4B21FFA8AFA47
:10544C0000D54482B90709D518F001080482A0F8E8
:10545C000EA018BF4FF0640880F80D807A0702D5B3
:10546C000483A0F816A0B46804F1280001F056FAE1
:10547C000028B6D004F50E7001F050FA0028B0D018
:10548C00206803681B6A01B0BDE8F04F184700BFE5
:10549C0083789B071AD5036AB3B1016910B504462A
:1054AC0082B0F1B9019301621946A06800F0FAFFCD
:1054BC00A8B1A378616963F07F032278E161A370DE
:1054CC00EAB9012002B010BD0120704700207047DE
:1054DC006FF070422169A06800F0D4FF58B9002029
:1054EC00F0E7002302AA806842F8043D00F000FFB8
:1054FC000028F4DBECD1019B002BDAD0D4E720465A
:10550C00FFF7CEF9DEE700BF2DE9F84F83780546AB
:10551C009C076DD590461A070F4664D46A69D3432D
:10552C00984565D8B8F1000F00F0D08046464FF092
:10553C00000A4FF0FF393CE0BBF1000F40D1296964
:10554C0000297ED0AB785B0640F19B80EB699342DF
:10555C0040F297804B1C01392B6190F806E04369AF
:10556C0001FA0EF123441944B6F5007F47D2B6F583
:10557C00007F344628BF4FF40074EB69934202D984
:10558C00AB789B062DD50522283001F097F978B31E
:10559C005844A3442246394603F06CF8BBF5007F0F
:1055AC0000F08C806A69361B274422446A6100F043
:1055BC008D80A868C2F3080B447914EA5224BBD03E
:1055CC002B6990F806E0991E436901FA0EFEE1186A
:1055DC007144BBF1000FC7D0CBF50074B44228BFA7
:1055EC0034460122D0E7C169FFF7C6FD002895D1EA
:1055FC006B78002043F001036B70BDE8F88FB6F5B3
:10560C00806F31D390F804E0730A426BC4EB0E0444
:10561C00A34228BF23468A424FEA432407D303EB15
:10562C00010E724503D280F828A0C0F83490C06AED
:10563C003A46D0F800E0DEF828B0D8470028B1D1BF
:10564C00D6E7296A61B32961023982794369B6F5D3
:10565C00007F01FA02F11944D1D2CBF500746A69CA
:10566C00B44228BF344688E7436B8B4221D0C06AD2
:10567C003A4603685B6A98470028B9D04FF4007427
:10568C0090E705F1100200F033FE0028B0DB04D1E6
:10569C002846FFF79DF80028AAD02969A868D3E707
:1056AC002846FFF795F80028A2D02969A868296236
:1056BC00CAE780F828A0C0F83490D8E7A86828304A
:1056CC0001F02CF900287FF46DAF91E7EB69934260
:1056DC000CD30A4B1B6833B1AB78404663F07F03A5
:1056EC00AB70BDE8F88F4046BDE8F88FAB7840460C
:1056FC00EA6163F07F03AB70BDE8F88F7021002086
:10570C002DE9F04F07468DB0154606468A46994658
:10571C0003AC4FF0000E0FCF0FC40FCFD7F800C063
:10572C002F68A5F80CE06F600FC4C4F800C0B9F185
:10573C00000F35D04FF00108CDF80490C8EB0A01EA
:10574C0003A889B24901FFF717FD58B3002103A83C
:10575C00FFF7D0FB074628B30024E2B239463046A7
:10576C00013400F01DFCAB89834628461BB96B68DD
:10577C00AA6893421AD001F0D9F88146584601F034
:10578C0095F98346484601F091F983450AD10D2CD1
:10579C00E3D108F10108019B5FFA88F84345CDD2AB
:1057AC00012000E000200DB0BDE8F08FBBFA8BF0BB
:1057BC0040090DB0BDE8F08F2DE9F04F06468DB0D5
:1057CC001546994600910DF10C0E02F115040027B7
:1057DC000FCEAEE80F000FCED6F800C005F12006B4
:1057EC00AEE80F003B46CEF800C0DA0114F8011FFA
:1057FC0042EA5303B44251FA83F3DBB2F5D11F46AC
:10580C0000262B68AE816B60B9F1000F56D049F0C1
:10581C0040034FF00108B2460193009B03A8C8EB6C
:10582C00030189B24901FFF7A7FC002853D00021DE
:10583C0003A8FFF75FFB00284DD0059AC1450199DD
:10584C004FF00F0E92F8283014BFC4468C4600F16E
:10585C00040B43F00103002482F8283080F80CA0DC
:10586C004773A0F81AA080F800C080F80BE00CE099
:10587C000A2C04F101040BF1020BE4B294BF2BF8D7
:10588C00020CABF800000D2C12D0AB891BB96A6866
:10589C00AB689A4216D0284601F048F8042CE7D899
:1058AC0001342BF8030C0BF1020BE4B20D2CECD1F0
:1058BC0008F101085FFA88F8C145AED201200DB09D
:1058CC00BDE8F08F16B930460126E7E701364FF6F2
:1058DC00FF70F6B2E2E700200DB0BDE8F08F00BF1C
:1058EC008446202062460CEB00012DE9F04752F86B
:1058FC00153BDCF8085002F8010F8A42FBD11A78EC
:10590C002E2A14BF0120002003D113F8012F2E2AB8
:10591C00FBD0691E99420DD915F8012C2E2A09D0FD
:10592C00AA1E02E00C782E2C04D09342114602F1F0
:10593C00FF32F7D19D424FF000087DD907264FF07A
:10594C00080E4446C14608E0994209D10A260824AB
:10595C004FF0100E01339D4225D91A782E2AF3D020
:10596C00222A0BD07C2A09D0A2F15B07022F05D981
:10597C00A2F12A07052F30D82D2A2ED002F0C00212
:10598C00802A3DD0B4421ED800205F22671C0CEB4D
:10599C00040AFCB28AF81620062CDBD801338CF8EA
:1059AC0014409D42D9D89CF81630202B41D068B3B6
:1059BC0019EA080F4FF0010018BF4FF002088CF8DD
:1059CC001580BDE8F0870A2E1CD099422CBF00230D
:1059DC000123BBB918464B1EBCE7A2F13A07052FB1
:1059EC00CCD9A2F121075D2FC8D8B442EBD8A2F1D3
:1059FC006107192F16D8203A4EEA0808D2B2C5E72B
:105A0C000020A7E79CF81630202B12D09CF81430FD
:105A1C0001207E21312263448CF815009975DA75CA
:105A2C00BDE8F087A2F14107192F98BF4EEA09098A
:105A3C00ACE70020BDE8F087C146B4E72DE9F84F8C
:105A4C00884605464FF0620900240F7D01F11606C9
:105A5C00DFF894B04FF07E0A032FDBF8002028BF4C
:105A6C00032714443B1DA4B2DBB204F00F02581EF2
:105A7C002409092A02F1370198BF02F1300108EB21
:105A8C000302C3B291759F42EFD308EB07030021C9
:105A9C00284683F816A0FFF76FFB01212846FFF775
:105AAC0029FA0B220346A8B190F800E001463046D3
:105ABC00BEF1000F14D0DB7A1B07EED408F062F8AD
:105ACC000028EAD109F1FF3919F0FF09C4D1484681
:105ADC00BDE8F88F6878B0FA80F04009BDE8F88F1F
:105AEC000120BDE8F88F00BF7C2700202DE9F04F86
:105AFC000C788DB014F0700F01D004781CB100201C
:105B0C000DB0BDE8F08F14699F4E0C34557DA6FB8B
:105B1C000464C4F387040394AC0745D101274FF008
:105B2C0000080E4615460693C246B3684446C14665
:105B3C0005F1160B09904146304604920893CDF8B6
:105B4C001C80CDF81480FFF717FB756900213046D7
:105B5C00C5F34F15FFF7CEF9002800F08D800378C0
:105B6C00A3F1E502B2FA82F2520973B36ABBBC42EA
:105B7C0038BF00242E2B25D022BBC17A0F295AD036
:105B8C000B071FD4B9F1000F40F0DD800B225946F2
:105B9C0007F0F8FF0028D8D1049B5B7DD80740F1B3
:105BAC00E88001230593D0E7039C671CFFB2B6E79E
:105BBC000AF1FF3A5FFA8AFA534503D1437B0799FE
:105BCC00994249D04FF00009BFE7002C08BFA84606
:105BDC00BC4201D20134E4B2002BCBD1069A13465D
:105BEC009A058CD503F00303013B012B87D8002CBD
:105BFC0008BFA846BC4203D348E0DCB2A74245D953
:105C0C0000213046FFF776F9631C0028F5D1737834
:105C1C00002B7FF474AFA74238D9089D05E02B798F
:105C2C0004EB0314E4B2A74230D93046FEF7EAFD88
:105C3C000028F4D163E7B9F1000FB9D103F01F0AC2
:105C4C00039A524581D1590602D4DDF80CA07CE7A9
:105C5C00437B914692460793BAF1010F7FF475AFDF
:105C6C00691C4B46049A304689B2FFF749FD00285F
:105C7C0008BF4FF0000968E77378002B7FF43FAF43
:105C8C00069A13469A057FF53AAFABE7059B33B1FD
:105C9C0004993046FFF7D2FE00283FF430AF013FA5
:105CAC00049A30465FFA87F908EB09054B46ADB20A
:105CBC002946FFF781FD00283FF421AF69013046EA
:105CCC00FFF75AFA00283FF41AAF00213046FFF7CD
:105CDC0011F9044600283FF412AF2022002107F0EE
:105CEC0083FF049F294A3B4653F8160F59682060DE
:105CFC00616019899B7A2181A3727B7D176803F0FF
:105D0C0018032373002F38D00DF12B020DF12E0147
:105D1C000BA8B847BDF82C10BDF82E209DF82B30E1
:105D2C002182E2816373089A92F8283043F00103D0
:105D3C0082F82830CDF800902A46069B3146099807
:105D4C00FFF772FADCE6BAF1010F7FF4D8AE441E0D
:105D5C0013460A30D90114F8012F41EA5303A0422B
:105D6C0052FA83F3DBB2F5D11A46079B93427FF4C8
:105D7C00C6AE069B1905DDD5C1E645F2216323822B
:105D8C0023836382CFE700BF4FECC44E7021002009
:105D9C002DE9F0411F460B7882B00846202B1446A3
:105DAC0003D110F8013F202BFBD0206005782F2D5C
:105DBC0018BF002D0CBF012500253ED0A8462C4E47
:105DCC0023E07F2A08F1010814D8D1B2A1F12203F3
:105DDC001F29DBB28CBF4FF0000E4FF0010E1D2BB4
:105DEC001FD901239E4524D201F0BF013C2920D0AC
:105DFC005C2A1ED02E2A04D0202A02D0C4F810808F
:105E0C00A0600378CBB12F2B17D001AA011D00F095
:105E1C0007FE70B1019AB2F5803FD2D308F10208A7
:105E2C00E8E726FA03F303F0010383F001039E4530
:105E3C00DAD3284602B0BDE8F0812369013BFE2B82
:105E4C0011D80378202B03D110F8013F202BFBD065
:105E5C002F2BF9D038602046FFF742FD0546284627
:105E6C0002B0BDE8F0810025284602B0BDE8F08103
:105E7C00012100312DE9F04182788AB0002392078C
:105E8C008DF804308DF805308DF8063020D5016A78
:105E9C00054611BB01212846FEF7F2FCC0B1411E9C
:105EAC0000F10A070024E20111F8016F42EA5403E1
:105EBC008F4256FA83F3DCB2F5D1E5270023077045
:105ECC00AE682B7006F12800AB7000F027FD50B9BE
:105EDC00002630460AB0BDE8F081806800F0E2FA96
:105EEC000028D7D1F4E706F50E7000F017FD002856
:105EFC00EED0306803681B6A984706460028E7D046
:105F0C00EB78002BE5D0294601A8FEF7EFFE002820
:105F1C00DED0EB78002BDBD04FF0010820E001A89D
:105F2C00FEF7E8FF08F101010028D1D0C37A0F2B4E
:105F3C00CED1027802F01F0398455FFA81F8C7D1E1
:105F4C00437BA342C4D10770A96891F8283043F071
:105F5C00010381F8283053060ED4EB784345B7D3B0
:105F6C00A98801A8C8EB010189B24901FFF704F91E
:105F7C0000210028D3D1ABE7AC6804F1280000F075
:105F8C00CDFC0028A4D004F50E7000F0C7FC00284E
:105F9C009ED0206803681B6A9847002898D098E721
:105FAC00042A0BD90A2A05D90C2A0CD801EB420277
:105FBC00D088704701EB42029088704701EB420297
:105FCC00B2F8010070470020704700BFF0B50378AD
:105FDC0083B00D465BB113F060040DD0012A06D9D5
:105FEC002F22002301200A704B7003B0F0BD002358
:105FFC0018462B7003B0F0BD21460192FEF740FC11
:10600C000028F4D0214603464FF0080C2646019A8E
:10601C000FE0077B1CEA070F01D02034E4B2771C99
:10602C00B646BA42E3D9FEB205F80E4001310C294E
:10603C000AD008291C780BD0A4F141070133192F81
:10604C00E7D9202CF2D0EAE700233046AB55D1E754
:10605C00202CF9D04FF0100C2E24E0E72DE9F04F56
:10606C004FF0000B8BB0037889468DF804B08DF897
:10607C0005B08DF806B0002B61D0C3780546002B17
:10608C0064D0014601A81746FEF730FE002856D012
:10609C00E878002870D0013F4C464FF001084F447F
:1060AC00A98801A8C8EB010189B24901FFF764F87E
:1060BC00002844D0002101A8FEF71CFF064600284A
:1060CC003DD0C37A0F2B3AD1037803F01F039845C8
:1060DC0035D14FF0000A1CE000F510539BB2B3F51C
:1060EC00806F2CD24FEA8B2B244BC0F309000BEAA8
:1060FC000303184300F5803021463A4600F040FC7B
:10610C000446E0B10AF1010A4FF0000BBAF10D0F91
:10611C002AD05FFA8AF231462846FFF741FFBBF1DD
:10612C00000FD9D100F520539BB2B3F5006F12D3F9
:10613C000028E1D1C9EB04000023237003E0002305
:10614C00184689F800300BB0BDE8F08FFFF73EFF22
:10615C000BB0BDE8F08FB3F5806FF0D20AF1010AF5
:10616C008346BAF10D0FD4D108F10108EB785FFA30
:10617C0088F8434594D2DDE74C46DDE700FC0F0080
:10618C00FFF76CBF30B41468B4F5807F254628BF88
:10619C004FF4807501EB4500814207D231F8023B88
:1061AC0013B95368013353608842F7D8641B1460E9
:1061BC0030BC704730B41468802C254628BF80252D
:1061CC0001EB8500814207D251F8043B13B95368A7
:1061DC00013353608842F7D8641B146030BC70479D
:1061EC002DE9F843C37905460C461646202B06D0FC
:1061FC00102B1AD00C2B2FD00020BDE8F883037A7B
:10620C0000F50E70A969022B01EBD4110CBF03220F
:10621C00012200F053FB03460028EDD0A40001201E
:10622C0004F4FE741E51BDE8F883027AC1F3072111
:10623C00836900F50E70022A19440CBF0322012257
:10624C0000F03CFB03460028D6D06400012004F487
:10625C00FF741E53BDE8F883C1F34E03027A8169C3
:10626C0000F50E7813FA84F3022A40469FB20CBF55
:10627C000322012201EB5729494600F01FFB00289D
:10628C00BAD014F00104C7F3080310D0C25C591C37
:10629C0002F00F02B1F5007F42EA0612C2540BD095
:1062AC00C6F30716084406700120BDE8F8835A1C93
:1062BC00C654B2F5007F15D12B7A09F10101404685
:1062CC00022B0CBF0322012200F0F8FA002893D015
:1062DC00360954B9035DC6F30316204423F00F03AB
:1062EC001E43E0E736091446F4E7F6B2DBE700BFDD
:1062FC00012972D92DE9F843C369994269D8C37948
:10630C00174605460C46202B31D0102B41D00C2BB8
:10631C005FD1C1F34E06037A816900F50E7816FA47
:10632C0084F6022B4046B6B20CBF0222002201EBCF
:10633C005629494600F0C2FA00284AD0C6F308068E
:10634C00731C865DB3F5007F36D0C35CE20746EA6A
:10635C0003234CBF1B11C3F30B03EA69934203D80D
:10636C003B600120BDE8F8830020BDE8F883037A88
:10637C0000F50E70A969022B01EBD4110CBF02229F
:10638C00002200F09BFA20B3A40004F4FE7403591D
:10639C00E3E7027AC1F30721836900F50E70022A44
:1063AC0019440CBF0222002200F088FA88B1640064
:1063BC0004F4FF74035BD0E72B7A09F1010140462A
:1063CC00022B0CBF0222002200F078FA08B1002345
:1063DC00BBE74FF0FF30BDE8F8834FF0FF3070475C
:1063EC002DE9F041C46882B005460F468C429046B8
:1063FC0027D20C4600260134EB6901AA28469C42A0
:10640C00214608D9C6B9EC68012601AA28460134F0
:10641C009C422146F6D8A7420ED0FFF769FF002810
:10642C000ADBE8D0019B002BE5D106B1EC60012C16
:10643C0002D9EB699C4206D90026304602B0BDE871
:10644C00F0810126D7E76FF0704221462846FFF70E
:10645C00C7FE06460028EFD05FB1012FECD9EB69DF
:10646C009F42E9D8394622462846FFF7B9FE002854
:10647C00E2D06B6A002B01DB013B6B62C8F8004079
:10648C00DBE700BF01290BD910B4C469A14203D8C2
:10649C005DF8044BFFF7A4BE00205DF8044B704779
:1064AC000020704770B5054682B00C460FE0FFF730
:1064BC0097FE621EE0B16B6A002B03F10103A8BFCB
:1064CC006B62EB689C42019C38BFEA608EB121463E
:1064DC0001AA2846FFF70CFF012C0646C0F3C01397
:1064EC002146284604D91A4613B9EB699C42DED9D9
:1064FC00002002B070BD00BF436A002B01DB1846C0
:10650C007047F0B5C17985B005460C2924D0C36914
:10651C00002490F838025A1C0394C3072C69029289
:10652C0036D400204FF0FF33202905F5127285F880
:10653C003802C5F8443233D0286802AF1B4E2346CC
:10654C000468A9698DE8C000A469A047C8B1039B81
:10655C006B62184605B0F0BDC7690137022F23D90D
:10656C000224002605E002D0029B03B90136A742A3
:10657C000CD0214602AA28460134FFF7B9FE0028A8
:10658C00F1DA4FF0FF33184605B0F0BD3346E0E7C3
:10659C0005F50E7000F0C2F90028F2D0E979C0E7D9
:1065AC00286802AF024ECAE70023D2E7E54100009B
:1065BC0015420000F8B5044600234FF0FF300126C9
:1065CC0021601546E162C4F83C12E660E37184F880
:1065DC00283084F838326063C4F84402DAB1042AF3
:1065EC0001D90020F8BD04F128061A461946304698
:1065FC0000F064F96FF0704300F5DF712B441B0160
:10660C00CA180028EDD010790028EAD0CB5C5B06C4
:10661C00E7D1956801E004F12806304600222946AE
:10662C0000F04CF90028DCD0B0F80B30B3F5007F4B
:10663C00D7D1037C5A1E2372012AD2D8467B002361
:10664C00721E012E2671A371627149D001210A4676
:10665C0000E0194652004B1CD2B2DBB2964203D07A
:10666C00092BF6D1A171BCE7A171C68A26610EB9BE
:10667C00466A2661C789B0F8113007EB050E6381B5
:10668C005B01C4F818E0077C03F2FF13B0F8132089
:10669C0006FB07E707EB53232762636102B9026A23
:1066AC00ED1A4FF0FF3340F6F4771544636225FA88
:1066BC0001F35A1CBB42E26106D80C23E37126633A
:1066CC000120C4F84062F8BD4FF6F472934202D830
:1066DC001023E371F3E7C26A20232262E371EEE731
:1066EC001946C2E7F8B5002506460F4685638C6B44
:1066FC00C5638CB10146242000F0BAF805704570D2
:10670C0004468570B063BD6B0FCD0FC40FCD0FC4A5
:10671C002B6823603046F8BDCB6B002BFAD00146BA
:10672C00382000F0A5F880F8314080F8324002465D
:10673C0080F83340F063FB6B03F130011F681033BA
:10674C0053F80C5C103253F8084C53F8040C8B4281
:10675C0042F8107C42F80C5C42F8084C42F8040CED
:10676C00ECD11B681360D5E710B50446806B28B1DB
:10677C00FEF7E0F810B10023A36310BDE06B28B165
:10678C00FCF728FB10B10023E36310BD002010BD03
:10679C00C9B32DE9F0410C46054698461746FFF75C
:1067AC00E3FFD4F88064AEB100262946242000F023
:1067BC005FF8434606703A4646708670A863D4F874
:1067CC008014FEF78BFA10B10120BDE8F081A863AC
:1067DC00BDE8F081D4F88434BBB12946382000F0F0
:1067EC0047F8434680F831603A4680F8326080F8CA
:1067FC003360E863D4F88414FCF744FF0028E3D139
:10680C00E863BDE8F081002070470020BDE8F0810E
:10681C00F8B50D4617460446FFF7A6FFAE6B8EB1D2
:10682C002146242000F024F800213A4601704170E2
:10683C008170A063A96BFEF763FD08B10120F8BD60
:10684C00A063F8BDE86B88B12146382000F010F841
:10685C003A4680F8316080F8326080F83360E0634B
:10686C00E96BFCF717FF0028E8D1E063F8BD00BF27
:10687C000846704770B50446406804F1100603687A
:10688C00E16832465B6A984740B1237805469A071F
:10689C0007D423F001032846237070BD0025284639
:1068AC0070BD60683246A168E668036831445B6A73
:1068BC0098470028F2D02378EBE700BFF8B543687F
:1068CC00FBB1C368044615460F468B420ED00378C5
:1068DC00DA0712D46B0716D504F11006002205F066
:1068EC0003053046E76015432570F8BD10F9102BF1
:1068FC0005F0030515432570F8BDFFF7BBFF002815
:10690C00E8D10020F8BD606804F110063946036830
:10691C0032461B6998470028E0D1F2E70378DB0781
:10692C0001D401207047FFF7A5BF00BF8389B3B91D
:10693C00426881688A4201D31846704710B582B00C
:10694C000446104601AA00F06BF860B1019A606031
:10695C00B2F5803F0AD293B2184602B010BD0022A5
:10696C008281184670474FF6FF73F5E7930AC2F31E
:10697C000902A3F52153A2F510529BB2A281EBE7B9
:10698C007F28A2EB010230B405D8002A44D008704D
:10699C00481C30BC7047B0F5006F0FD2012A3DD9AE
:1069AC00840900F03F030A4664F03F0063F07F0364
:1069BC0002F8020B10464B7030BC7047B0F5803FAC
:1069CC0012D2022A2AD9040BC0F3851200F03F031D
:1069DC00C81C64F01F0462F07F0263F07F030C702C
:1069EC004A708B7030BC7047032A17D9850CC0F3E2
:1069FC000534C0F3851200F03F0065F00F0564F01C
:106A0C007F0460F07F0362F07F020D70081D4C70F4
:106A1C008A70CB7030BC70471046BAE70020B8E7DC
:106A2C0088423BD2034630B40478200603D4146069
:106A3C00581C30BC704704F0E000C02830D004F083
:106A4C00F000E02823D004F0F800F0281CD104F06A
:106A5C00070404201844814216D3591C11F8013B39
:106A6C0003F0C00503F03F03802D43EA84140BD1DF
:106A7C008142F3D1A4F180010B4B994204D8A4F5C7
:106A8C005843B3F5006F06D2002030BC704704F0B9
:106A9C000F040320DEE7146030BC70470020704701
:106AAC0004F01F040220D5E77FFF10007E2808D8D1
:106ABC00A0F16103192B8CBF00232023C01A80B2D4
:106ACC00704730B400233524234D04E035F82120E1
:106ADC00824234D80B46E21A012A03EB5201F5D854
:106AEC009BB21D4935F82320904218D24B24002329
:106AFC001A4D04E035F82120824222D80B46E21AC6
:106B0C00012A03EB5201F5D89BB2144A35F8231035
:106B1C00814202D102EB8303588830BC704701EBF1
:106B2C008303821AD9788A42E0DA93F90230012B76
:106B3C000CD043B19BB2184430BC80B270470C46A9
:106B4C00C9E70C46DBE74EF2A033F4E702F0010292
:106B5C00801A80B2E1E700BFAC0300208002002065
:106B6C002DE9F8434FF00008064600F1180547469A
:106B7C0041463046002F4DD001F024FBE8B12C6883
:106B8C00391D00F1040E07F5827CB4F5803F26D048
:106B9C005EF8042B34FB02F334FB12F903F30F02FF
:106BAC0009F30F03C2EA03430A6893FA12F341F89C
:106BBC00043B8C45ECD801F0C1FA08F1010804350E
:106BCC00B8F1040FD4D1002F40D030463946002202
:106BDC0001F0DEFA3846BDE8F84301F0AFBA07F130
:106BEC000C0100F10C0451F8083C54F8082C93FAF1
:106BFC0012F341F8083C51F8043C54F8042C93FA75
:106C0C0012F38C4541F8043C04F1080401F108012D
:106C1C00E9D8D0E701F0E2FA07460028CDD0286881
:106C2C00B0F5803FC9D0391D07F582740B6830FB75
:106C3C0003F230FB13F302F30F0203F30F03C2EA68
:106C4C00034341F8043B8C42F0D8B6E7BDE8F88327
:106C5C00494B2DE9F04F1A6883B0484C197904F56B
:106C6C0080751368464AAB42D17709D2454B1B78E5
:106C7C00002B4CD0444B40222C4605F580751A60F5
:106C8C00424BDFF818B1D3F80080DFF814A1DFF81D
:106C9C001491DBF80030BAF80060B9F80070B8F164
:106CAC00000F00D023BBB8F1000F34D008F1040161
:106CBC002046019301EB4601403601F05AF9019B45
:106CCC0024F01F04BFF34F8F314A14602034AC42C0
:106CDC00FBD3BFF34F8FBFF36F8F7F2E34D8AAF83F
:106CEC0000607F2F22D8A9F8007003B0BDE8F08FA8
:106CFC001A1D08F104012046019302EB47024037AC
:106D0C0001EB4601403601F015F9019BD8E72C4602
:106D1C0005F58075B4E72BB3191D2046019301EBE3
:106D2C004701403701F045F9019BC9E7002418469B
:106D3C00A9F8004001F002FA164B1A681C60CBF857
:106D4C00002003B0BDE8F08F002440460193AAF860
:106D5C00004001F0F3F9104A0C4B116814601960F3
:106D6C00019BBEE719464FF480722046019306F052
:106D7C003BFF019BA4E700BF342200200000202031
:106D8C0000800E40AA27002008E200E02422002008
:106D9C0070EF00E030220020282200202C2200205E
:106DAC009227002094270020F8B50021044601F01A
:106DBC0009FA80B172B61C4A1368002B29D01B4902
:106DCC000D6805B31A4E002715600860378062B64F
:106DDC00184601F0B3F92046012101F0F3F988B10E
:106DEC0072B6144A1368CBB113490C6874B1134DC5
:106DFC000026146008602E8062B61846BDE8F84084
:106E0C0001F09CB9F8BD086062B6E4E7086062B6B0
:106E1C00F8BD074910600B8062B6DCE707491060CB
:106E2C000B8062B6F8BD00BF24220020282200206F
:106E3C00922700202C2200203022002094270020B2
:106E4C0010B5044601F046FB204610BDF8B5264DA2
:106E5C00264CEB6F43F44013EB67A368002B42DB2B
:106E6C00D4F88830002B3EDB002342F210724FF432
:106E7C000C611C2007F084F9E9691D4A022621F4F3
:106E8C004051DFF888E01B4B002741F400511A48B1
:106E9C004FF0010CE961E96A0A404FF4803142F08D
:106EAC00CE02EA62DEF80420144D1340144A43F477
:106EBC008013CEF804300663124BC6628662124809
:106ECC002766C4F80CC025616161A261E361C4F856
:106EDC00E070C4F88CC0C4F89000C4F89410C4F8E6
:106EEC009820C4F89C30F8BD00C00F40008038409A
:106EFC0000FEFFFFFFFCEFFF00801F4001000007BA
:106F0C001B1F0100001F1F1F0100004700C00A408B
:106F1C00F8B50121264801F08DFA0024254B264AAC
:106F2C001C601460FFF792FF244B19469C608B6821
:106F3C00224A002BFBDB1E4C0220214B4FF48075A8
:106F4C00204F40F201165862002123684FF0060EC4
:106F5C001F601D4FDD829880DD839860DE80DF60CE
:106F6C0025791A481A4E1B4FA3F81CE099611E6133
:106F7C009982194E40F8251040F825702179174B4D
:106F8C00F1769168164F0B43164E936001F032FA6E
:106F9C0023790122144C03F01F0103F110055B113E
:106FAC0038708A40114944F8256041F82320F8BD17
:106FBC00342200202C220020242200200080384083
:106FCC0000801F400000202000FEFFFF00C00E408C
:106FDC00228038401600008000800E400100009294
:106FEC00AA270020B14C00000018002000E100E0AE
:106FFC00024A0349034802F0F3BF00BF10100020FF
:10700C00A14E000034220020A04AA14B10462DE9CD
:10701C00F04F93B019790D921A6800F580631846F9
:10702C000A9313689B4A8342D1770CD29A4B1B78F4
:10703C00002B00F0D2810A994022984B0D9101F55A
:10704C0080610A911A609649964B0988964A0846BF
:10705C000B9196491B68098812680E930C460F9287
:10706C000C91002B00F032811146002A00F02E8189
:10707C008F4A1546109203EB40028E4B1846119323
:10708C000B46023203EB440307920D9A02338A4CEF
:10709C0002F11001089302F58263884A09932B6868
:1070AC00D2F808A005930368834A0393844B824863
:1070BC001B6852680293824B80685B682668019358
:1070CC00804B1B6804937F4BD3F804B07B4B1D683B
:1070DC005B680693079C1031039B34F902EF07940D
:1070EC00089C34F9027F0894059CCDF814E0C4EB9D
:1070FC000E04C3EB070E029B0397E71A049B029442
:10710C00C3EB0E04019BCDF810E00197C3EB070E07
:10711C00CBEB0407069B7644A3463D4432442B44F8
:10712C001044324403EB0A0E2B4400EB02083244A9
:10713C000EEB03072B4408EB020C3244FC182B44D7
:10714C004FEA201902EB0C0003EB040A4FEA2C1C4B
:10715C003F1121F8209C21F818CC4FEA281821F86F
:10716C001A7C4FEA2E1E4FEA201C21F81C8C24118D
:10717C0021F81EEC4FEA2A1721F814CC21F8164CF2
:10718C0021F8127C0693099B9942A3D10B99069B7B
:10719C0040310B910C9940310C9147490E60474995
:1071AC000D6045494A60454A88605360109BC2F89F
:1071BC0008A01A46059B1360119B1A46039B13608B
:1071CC003F4B029A1A603F4B049A1A603C4B019A4F
:1071DC005A603C4BC3F804B00D9B23F01F03BFF364
:1071EC004F8F394AD9430A9C136020332144A34260
:1071FC00C1F3421137D2E1B1012915D0022911D0C6
:10720C0003290DD0042909D0052905D0062901D060
:10721C00136020331360203313602033136020334A
:10722C001360203313602033136020330A998B4290
:10723C0019D20A9803F120011360403311601360D6
:10724C0001F14003136001F16003136001F180034D
:10725C00136001F1A003136001F1C003136001F18D
:10726C00E0038342E6D3BFF34F8FBFF36F8F0B9BCB
:10727C007F2B00F2C5800A4A13800C9B7F2B00F2F7
:10728C00B1800A4A138013B0BDE8F08F00022020B1
:10729C004C22002000800E40AB27002008E200E0CA
:1072AC00962700203C220020442200209827002012
:1072BC008C220020902200205C22002074220020CE
:1072CC0094220020A422002070EF00E00E9B002BE3
:1072DC0000F0A2800B990027984A03EB410A0D9904
:1072EC00109201F58263D2F80080954A01F11000EA
:1072FC0001930AF1020A934B9268D3F800C0D3F8B9
:10730C0004E08F4B0ACBBAF902500AF1020B20F8B9
:10731C000E7C0446C8EB0506A84620F80A7C0AF148
:10732C00040ACCEB0605B44620F8067CCEEB050629
:10733C00AE4620F8027C31440B441A440B449E1890
:10734C000B441211F5180B4420F8102C36115A1955
:10735C002D1120F80C6C4FEA221920F8085C20F84B
:10736C00049CBBF90250C8EB0506A846CCEB0605FD
:10737C00B446CEEB0506AE4631440B441A440B44DE
:10738C009E180B441211F5180B4424F8102B3611CF
:10739C005A192D1104F1100024F80E7C4FEA221911
:1073AC0024F80A7C24F8067C24F8027C24F80C6C63
:1073BC0024F8085C24F8049C019C8442A3D10B980B
:1073CC0040300B901098C0F800805D4843605D4BD6
:1073DC000160826083E80050FEE600F580630D904A
:1073EC000A9330E60024584B0F981C8000F0A6FE40
:1073FC00564B1A681C60564B1A6013B0BDE8F08FE0
:10740C00544B00240E981C8000F098FE524B1A68C6
:10741C001C60524B1A6030E70F9B002B00F08680EB
:10742C000C994F4A03EB41094E4B0D99119209F1FE
:10743C000209D2F8008001F11000D3F800C001F568
:10744C00826BD3F804E0484A474B0E9F92680ACBF4
:10745C00B9F9025009F1020A20F8107C00F110046D
:10746C00C8EB0506A84620F80C7C2030CCEB0605B2
:10747C00B44620F8287C09F10409CEEB0506AE468B
:10748C0020F8247C31440B441A440B44D6180B448A
:10749C001211F5180B4420F82E2C36115A192D11F7
:1074AC0020F82A6C20F8265C151120F8225C834504
:1074BC00BAF9025024F8107CC8EB0506A84624F84B
:1074CC000C7CCCEB0605B44624F8087CCEEB050608
:1074DC00AE4624F8047C31440B441A440B4402EBB2
:1074EC0003060B444FEA221206EB03050B4424F867
:1074FC000E2C4FEA261603EB05024FEA251524F84D
:10750C000A6C24F8065C4FEA221524F8025C9FD121
:10751C000C9840300C901198C0F8008012484360D1
:10752C00104B0160826083E8005055E64FF4806296
:10753C000F990D9806F058FB4EE600BF8C220020E8
:10754C00682200209C22002098270020482200203E
:10755C004422002096270020402200203C220020BC
:10756C0090220020AC22002080220020F8B50021BF
:10757C00044600F027FE80B172B61C4A1368002B3B
:10758C0029D01B490D6805B31A4E002715600860F9
:10759C00378062B6184600F0D1FD2046012100F07C
:1075AC0011FE88B172B6144A1368CBB113490C683A
:1075BC0074B1134D0026146008602E8062B6184614
:1075CC00BDE8F84000F0BABDF8BD086062B6E4E76B
:1075DC00086062B6F8BD074910600B8062B6DCE744
:1075EC00074910600B8062B6F8BD00BF3C2200203A
:1075FC004022002096270020442200204822002010
:10760C0098270020F8B5244C002342F210724FF456
:10761C000C61E56F1C2045F44025E56706F0B0FDD4
:10762C00E0691E4920F440601D4D1E4A40F4006084
:10763C001D4BE061A06A014041F0CE01A162696876
:10764C000A4042F400226A609A68002A22DB002277
:10765C0005F5A61503264FF4803414484FF08E4ED2
:10766C0013494FF0E067C5F82861C5F824611A6624
:10767C00DA60C3F810E05C619861D961C3F8E0206E
:10768C00C3F88C20C3F89070C3F89440C3F89800EA
:10769C00C3F89C10F8BD00BF00C00F4000FEFFFFF8
:1076AC0000C00A40F8FFF7FF00403840130F0100FC
:1076BC00000F0F0FF8B5344C4FF400620021204638
:1076CC0006F092FA3148012100F0B4FE0023304953
:1076DC00304A0B601360FFF795FF24F01F0304F58D
:1076EC000061BFF34F8F2C4A136020339942FBD8B3
:1076FC00BFF34F8FBFF36F8F24490322274B022513
:10770C004FF480664FF0010EC3F8802106270B68FA
:10771C00002040F2011C1C609D80DE820A79DE8311
:10772C00A6F5406602F01F049F83DE6002F110078D
:10773C001B4E0EFA04F49D6052111E61194DDFF8B8
:10774C0084E0194EA3F806C09882986145F827E0AA
:10775C0046F82240154D0A79154E45F82200154B76
:10776C0045F82260144C0979144AE176D3F8881054
:10777C0041F00041C3F8881099680A439A6000F000
:10778C0039FE0F4B1870F8BD000220204C2200204F
:10779C003C2200204422002070EF00E000801F40BB
:1077AC00204038400018002000E100E000C00E40EE
:1077BC00140000800040384000800E400100009012
:1077CC00AB27002069500000024A0349034802F02D
:1077DC0007BC00BF10100020A14E00004C2200205E
:1077EC0038B504460E23006E002584F86F3284F8F9
:1077FC007032656510B100F0A1FC2566606E18B1A1
:10780C0000F09CFC0023636638BD00BFC36A0246CF
:10781C0099B2012901D000207047016B4AF644400F
:10782C00814221D045F2226081421AD042F61130B9
:10783C008142F0D10E4804211B0C012B04D0022BE9
:10784C00E9D1400841F00101538F082B04D0102BD3
:10785C00E1D1400841F00201D065012082F870129C
:10786C00704704480421E7E703480021E4E700BF20
:10787C00F24E381779279C0BBC13CE052DE9F04F2F
:10788C0000F16A07B0F86A5283B03D44F1B1044686
:10789C000E464FF008094FF0000BDFF8A8A394F840
:1078AC006F320E2B00F25681DFE813F0100010003F
:1078BC00D5009F00100010001000100014011400DF
:1078CC00460072008800540110006265002003B06D
:1078DC00BDE8F08F626D04F12C0094F86E322946ED
:1078EC00B242184428BF3246904600F0C3FE94F8CA
:1078FC006E12B4F86A22636D41444244C8EB030330
:10790C0084F86E12A4F86A2263650193002BDDD112
:10791C002046FFF77BFF002800F01C810A22019B08
:10792C00C8EB06064544C4F8549084F86E3284F8CB
:10793C006F22002EB3D1C9E7626D04F12C0094F8CC
:10794C006E322946B242184428BF3246904600F0A7
:10795C0091FE94F86E12B4F86A22636D414442446D
:10796C00C8EB030384F86E12A4F86A226365002B3B
:10797C00ACD1E16A4544226BC8EB06065145626501
:10798C0000F0FE800B2384F86F32002E87D19DE728
:10799C00626DB4F86A329642C0F04B810A211544EC
:1079AC00B61A1A44C4F8549084F86EB2A4F86A2239
:1079BC0084F86F12002E7FF472AF87E7626D334646
:1079CC00B4F86A12964228BF13461944D21AA4F886
:1079DC006A127FF47AAFF61A1D44C4F8549084F8F6
:1079EC006F92002E7FF45BAF70E7636D94F8712299
:1079FC009E4228BF1E469B1B6365002A00F0B38085
:107A0C00216E4FF0000EB4F86820E06A01EB420CD6
:107A1C00ACF8040084F871E2501C95F801C015F81C
:107A2C0002EB023E1FFA80F8606E4EEA0C2E00EB61
:107A3C004202B8F17F0FA4F86880A2F804E000F2CB
:107A4C00C780002E40F08F80002B00F0928084F8CD
:107A5C00716230463BE7636D0235216E9E4228BF52
:107A6C001E46C6EB030CC4F854C003E00235002ECE
:107A7C0000F09E80B4F86820023E15F8020C531CEE
:107A8C0015F801EC01EB42029BB240EA0E207F2B71
:107A9C00A4F868309080E9D90022204600F078FBE9
:107AAC000122216E204600F073FB206E00F046FB95
:107ABC00636DED1B00221E44606EA4F86A5266656D
:107ACC00226610B100F03AFB666D002E00F09D802E
:107ADC000120FCE6626D04F12C0094F86E3229460C
:107AEC00B242184428BF3246904600F0C3FD94F8C9
:107AFC006E12B4F86A22636D41444244C8EB03032E
:107B0C0084F86E12A4F86A226365002B7FF4DEAE53
:107B1C00E26A4B498A421DD1A1F57001626BA1F258
:107B2C00FB718A4216D101F15B41A26B01F5F11197
:107B3C0001F60F418A4230D00C23E26B84F86E328E
:107B4C0084F86F32C8EB060645446265002E7FF45C
:107B5C00A6AEBBE60E23002084F8703284F86F3298
:107B6C0003B0BDE8F08F023E2A78687825D1002B4F
:107B7C0050D10E23002084F86F3203B0BDE8F08F93
:107B8C0094F8701284F87132CB0784F86F1248D4D1
:107B9C00A265002E7FF483AE98E6E26BA2F1100191
:107BAC001829D7D8092184F86E3284F86F12C9E7E6
:107BBC00BCF1000F7FF48AAEDBE7216E42EA0020B5
:107BCC00B4F86820023501EB420EAEF8040023E74E
:107BDC0000222046ED1B904600F0DAFA206E00F0F1
:107BEC00ADFA0122616E2046C4F8608000F0D0FA34
:107BFC00606E00F0A3FA606DC4F864803044A4F8A1
:107C0C006A52606500287FF463AF0E23012084F86C
:107C1C006F325CE62A8802233046E26284F87132C5
:107C2C0055E600F037FA606600283FF44FAE626DFF
:107C3C00AEE7921B1E4400206265A4F86A6246E619
:107C4C00524946466461746190F86F320D3B012BCA
:107C5C0040F2C4802DE9F041044600F01BFA206686
:107C6C00002800F0AB8094F86F32072B40F2A8800C
:107C7C0000236366B4F86C320022B4F86A12A4F8DC
:107C8C006820591A914205DD2046FFF7F7FD0028C0
:107C9C0040F0C28094F86F320E2B00F0A080A56AE1
:107CAC00002D45D02B689D4A1B69934240F0F8800B
:107CBC002A6D002A00F0FF801378190740F192809A
:107CCC00D36952699A1A03D41046002800F08880B0
:107CDC0004F16A07924E4FF6FF783DB32B689B6810
:107CEC00B34240F0A580286D002800F097803946FB
:107CFC004FF40072FDF71CF881B2A4F86C12002945
:107D0C006DD00023204694F86F52A4F86A32FFF726
:107D1C00B5FD94F86F3200284ED10E2B5FD0072B97
:107D2C000BD8072D09D9A56A002DD7D1A4F86C5210
:107D3C000E2384F8703284F86F32206EF8B1B4F8E8
:107D4C006830C3B17F2B09D800EB430300F5817574
:107D5C000022023323F8022FAB42FBD10146002252
:107D6C00204600F015FA94F86F32072B02D8DB0787
:107D7C0040F1BE80206E00F0E1F900232366606EB6
:107D8C00E0B1B4F868308BB17F2B09D800EB43031A
:107D9C0000F581750022023323F8022F9D42FBD19E
:107DAC0001460122204600F0F3F9606E00F0C6F99E
:107DBC0000236366BDE8F0810E2B10D0BDE8F08186
:107DCC00D8077FF555AF00F065F9606600287FF4A1
:107DDC0051AF206EBDE8F04100F0B0B97047A56A14
:107DEC00002DA5D02B684F4FDB6ABB425CD1A86D30
:107DFC0018B105F007FC0023AB652B6D002B73D07D
:107E0C0005F11800FEF7B0FCA66A7568013D7560B7
:107E1C00ADB10023A3628BE7BDE8F081686D00284B
:107E2C006FD039464FF40072FBF75EF881B264E70D
:107E3C00394628464FF40072984781B25DE73368A3
:107E4C00DB6ABB425AD1B06D10B105F0DBFBB565F6
:107E5C00336D002B5DD006F11800FEF785FCA56A8A
:107E6C00002DD6D02B68304A5B6893424ED12F4BF5
:107E7C00A86D2B6018B105F0C5FB0023AB652B6D0D
:107E8C0005F118069BB13046FEF76EFC284B3046C8
:107E9C00AB60FEF769FC28465C2100F087FCB8E774
:107EAC0028469847A56A10E728469847ACE76B6DBB
:107EBC00002BE8D1EAE76E6D002E93D096F83130A6
:107ECC001A078FD500216FF00040D6E90423D6E9BC
:107EDC000067921B63EB0703994208BF9042BFF403
:107EEC00F3AE02461046F0E66B6D002B88D18BE7A3
:107EFC000122216E204600F04BF93BE730469847B3
:107F0C00ADE7A4F86C824FF6FF71FAE62846984765
:107F1C007FE7736D002B9ED1A1E700BFD106000057
:107F2C00ED03000099000000510800001806002025
:107F3C00F80400202DE9F04F00F5807EB1E8A00A8E
:107F4C00B2E84015C5EA0643C6EA2544C7EA084527
:107F5C00C8EA2746C9EA0A47CAEA2948CBEA0C49C3
:107F6C00CCEA2B4AA0E8F8078645E7D1BDE8F04FEC
:107F7C0070474FF000022DE9F00F00F5807C00BF38
:107F8C00B1E8A00AC5EA0203C2EA2544C7EA020521
:107F9C00C2EA2746C9EA0207C2EA2948CBEA020923
:107FAC00C2EA2B4AA0E8F8078445E9D1BDE8F00FF6
:107FBC0070474FF000022DE9F00F00F5807C00BFF8
:107FCC00B1E8A00AC2EA0543C2EA0504C2EA0745C1
:107FDC00C2EA0706C2EA0947C2EA0908C2EA0B4923
:107FEC00C2EA0B0AA0E8F8078445E9D1BDE8F00F16
:107FFC0070472DE9F00F089C00F5007B51F8045BED
:10800C0053F8046BC5EA0647C6EA254952F8045BE7
:10801C0054F8046BC5EA0648C6EA254AA0E880076E
:10802C008345EBD1BDE8F00F704700BFF8B5154B99
:10803C00154D1C682E6814B915E064699CB1237A3F
:10804C00002BFAD0236820462F681B6898472B68B2
:10805C00E188DB1B9B099AB28B42A28088BFE2802D
:10806C006469002CEBD1084B084A1B6810889B1BD9
:10807C00074C9B0999B28342218000D91180BFF330
:10808C004F8FF8BD78210020041000E08E270020CF
:10809C008C270020F0B472B6234F244E3C8806F196
:1080AC00700306EB8400984213D256F82410A1B941
:1080BC00021D06F17305631CAD1A03EB950502E076
:1080CC0052F8041B49B9AB421C46104603F101039C
:1080DC00F6D162B60020F0BC7047B1FA81F24FF0D5
:1080EC000043D34021EA0301016001B90134104B74
:1080FC003C80198801318DB21D8062B6801B41F61F
:10810C007C730C4C012780100B4E2468C2EB401280
:10811C0002EB821292001344E754E0183388994220
:10812C0088BF3580F0BC7047902700207C21002050
:10813C0088270020742100208A270020428872B6EC
:10814C000378012B03D9013B037062B67047D1430E
:10815C004FF00040521101F01F0130B4094C20FACD
:10816C0001F1094D54F8223028880B43824244F81F
:10817C00223038BF2A80054A1388013B138062B62F
:10818C0030BC70477C2100209027002088270020DD
:10819C00C368B3B130B401E0DB688BB1187A90429C
:1081AC00FAD158685C7A006950F82450002DF3D14C
:1081BC0040F82410087801300870DB68002BEDD1F2
:1081CC0030BC7047437A8B4206D90369002253F8BE
:1081DC00210043F8212070470020704738B5437ABE
:1081EC008B421AD90369002253F8214043F821200D
:1081FC009CB12378012B0ED9FFF74CFF054628B113
:10820C004FF48072211D043000F034FA2378284694
:10821C00013B237038BD204638BD002038BD00BF5F
:10822C00037CEBB903681BB343680BB35B7A427AEC
:10823C009A4219D230B472B62C4B1D68FDB1EB6862
:10824C00D3B1416801E0DB68B3B15A689142FAD10D
:10825C005C7A427A9442F6D162B6042030BC704704
:10826C00012362B618467047022362B6184670475F
:10827C00032362B6184670476D69002DDFD11C4B85
:10828C001A6842B1904203D12EE0984207D01A46A8
:10829C00D368002BF9D1052362B61846DEE702F14C
:1082AC000C010268D368EBB1DA6832B18342134631
:1082BC00FAD162B6062030BC7047D860C36800257E
:1082CC0001220B602B460468C560A17A1144A1728F
:1082DC0090E812000A72A17A1144A17241680A72E4
:1082EC000274D9E7D060E9E71946DAE77821002073
:1082FC00EC210020F8B5094D4FF0000E9DF81860E8
:10830C0004462F6843602860C7600272016080F8E1
:10831C0010E04672FFF784FF2046F8BDEC210020E8
:10832C00037C10B5002B3BD04368427A5B7A9A42AF
:10833C0001D3022010BD72B60168CB68002B31D07E
:10834C00984235D0DA6890422FD01346002AF9D1E2
:10835C0043680446427A1B6953F8220048B1FFF780
:10836C00EDFE72B663680021627A1B6943F8221035
:10837C0021688B7A013B8B7223689A7A02B91A7244
:10838C006268937A013B937263689A7A02B91A72A3
:10839C00094B00201A682074E2601C6062B610BDA4
:1083AC00012010BD62B6032010BDC268DA60CFE7B1
:1083BC00C368CB60CCE700BFEC21002010B50446AD
:1083CC00FFF7AEFF0A4B1A6842B1944203D10CE09E
:1083DC009C4205D01A46D368002BF9D1204610BD1B
:1083EC000C32E3682046136010BD1A46F9E700BF53
:1083FC00EC2100200A4B1A787AB90A4A0A4930B49F
:10840C00C2F85811094CD02540200122084925708A
:10841C00086010461A7030BC70470020704700BFCF
:10842C00A7270020001800208D60000046E400E023
:10843C0008E100E0F0B472B689B902687AB1037948
:10844C000F2B0CD81F4C218841FA03F5ED0708D5EA
:10845C001D4D1D44B2EB451F03D162B60EE0194C05
:10846C002188002341FA03F212F0010208D00133F3
:10847C00102BF7D162B6002203710260F0BC70477A
:10848C0001259D402943218062B6104EDCB20E4975
:10849C0040F2824704711944F56F4B0145F0C00559
:1084AC000B49F5670F608C768C770C76CC77036074
:1084BC001A605A609A60DA601A615A619A61DA61DC
:1084CC00F0BC70479A2700208074000200C00F4057
:1084DC0000800E4003790F2B10D8094A937672B6A0
:1084EC0008490123027903FA02F20B8823EA0203FA
:1084FC000B8062B61022002302710360704700BF2C
:10850C0000800E409A270020F8B50E4671B17AB162
:10851C000746144600253B68384616F8011B1B68B5
:10852C009847013C0544F6D12846F8BD0846F8BDED
:10853C001046F8BD002857D001222DE9F04F85B028
:10854C0083462A4C2A4D2B4EDDE9028954E8003F24
:10855C002868336844E800210029F7D1264FCDE97B
:10856C0002893A68D31A254A4FF47A7E0197126829
:10857C000127A3FB02234FF47A72984600238B4207
:10858C0008BF42452CBFC246F2460EFB00AA54E877
:10859C00003F2A68316844E80073002BF7D101983A
:1085AC000068411A15484FF47A7E00680EFB02F2FF
:1085BC00A1FB00014FF47A70CAEB0202884600213D
:1085CC00994208BF40452CBF434673461A44724536
:1085DC0007D3BBF1010B0AF57A7AD8D105B0BDE807
:1085EC00F08F01F03BF8D2E7704700BF0028002065
:1085FC007C27002078270020041000E0742700203E
:10860C002DE9F003124A0126124D134C52E8003F9B
:10861C002968206842E80063002BF7D10F4A1668DE
:10862C000F4F321A4FF000094FF47A783E684FF42E
:10863C007A709945A2FB066708BFB8453C462CBF2B
:10864C003C46044600FB0140BDE8F003704700BF08
:10865C00002800207C27002078270020041000E050
:10866C007427002008B5FAF721FAFAF721FA00F07E
:10867C00F5FFFAE7844641EA000313F003036DD1DA
:10868C00403A41D351F8043B40F8043B51F8043BC9
:10869C0040F8043B51F8043B40F8043B51F8043BD0
:1086AC0040F8043B51F8043B40F8043B51F8043BC0
:1086BC0040F8043B51F8043B40F8043B51F8043BB0
:1086CC0040F8043B51F8043B40F8043B51F8043BA0
:1086DC0040F8043B51F8043B40F8043B51F8043B90
:1086EC0040F8043B51F8043B40F8043B51F8043B80
:1086FC0040F8043B51F8043B40F8043B51F8043B70
:10870C0040F8043B403ABDD2303211D351F8043B0F
:10871C0040F8043B51F8043B40F8043B51F8043B4F
:10872C0040F8043B51F8043B40F8043B103AEDD2BE
:10873C000C3205D351F8043B40F8043B043AF9D20F
:10874C00043208D0D2071CBF11F8013B00F8013BE2
:10875C0001D30B8803806046704700BF082A13D3EF
:10876C008B078DD010F003038AD0C3F10403D21A07
:10877C00DB071CBF11F8013B00F8013B80D331F83B
:10878C00023B20F8023B7BE7043AD9D3013A11F8BB
:10879C00013B00F8013BF9D20B7803704B78437026
:1087AC008B7883706046704704F024BF04F02ABFB6
:1087BC00F0B44E1E0025374600E00135B0FBF2F355
:1087CC0002FB130000F13704092800F13000E4B279
:1087DC0098BFC4B2184607F8014F002BEDD14A19C7
:1087EC0053704DB1013316F8014F1778E81A3770F2
:1087FC00834202F80149F5DB0846F0BC704700BF24
:10880C0072B6EFF30583494D6B60EFF30883484C68
:10881C002E4648484849494A246800680968126845
:10882C002961AC60E8606A619A69454CAA61DB69B0
:10883C00444FEB6100F0C8F885ED080A01F046FBE7
:10884C000B234FF0FF32686219462B604A402021FF
:10885C0002F00103013904FB03F383EA5202F7D15E
:10886C00BE4202D056F8041FF0E730498A62BFF3CB
:10887C004F8F354B354A19601A60BFF34F8FBFF3DA
:10888C006F8F334A0225334CD36E334943F4405334
:10889C003248D3662560D36923F07F0343F040034D
:1088AC00D3610B6883423ED82A4A002101202C4E0A
:1088BC0011604FF0FF33C2F808110C46C2F800618A
:1088CC001546C2F808010746DFF8C0E0254E2648D9
:1088DC002649274ACEF80030336003600B601360E2
:1088EC0001E000F055F9D5F80C211A4B002AF8D00C
:1088FC000134C5F80C714F2CF3D91E4A02241E48C2
:10890C004FF00041C0F840415163D3F80C2132B90B
:10891C001A491B4A0A63D3F80C010028FAD0194BE8
:10892C00194A1A60FEE700F093FFBDE780FF27208D
:10893C0028ED00E02CED00E034ED00E038ED00E037
:10894C002083B8EDA4FF272070EF00E0A0FF2720C4
:10895C0000C00F400040084018100020803DCD0B97
:10896C00009F240084E100E088E100E08CE100E05D
:10897C0090E100E000900D4000002E4000800F4080
:10898C00F100AD0B0CED00E00400FA0580E100E015
:10899C00094A08B5136820B118440849884202D81E
:1089AC001060184608BD04F0F7FD0C224FF0FF33A1
:1089BC000260184608BD00BF6C1000200000282083
:1089CC0030BFFDE7FFF71CBF12490B68114A5B076C
:1089DC00FBD513681049C3F30B23104A07EE903AEA
:1089EC000B6892ED006AB8EEE77A07EE903A0C4A03
:1089FC00F8EE677A0B4BD2ED006A77EE677A93ED5F
:108A0C00007AB8EE477A67EE867A87EEA60A37EEDA
:108A1C00400A704780810D40642700206C2700209D
:108A2C007027002068270020836BF0B41BB15368BB
:108A3C0043F40043536072B6446B5CB31C4B22602E
:108A4C00D3F8B0410C4215D11A4E376804E03468A3
:108A5C00E41BB4F5166F0BD2D3F8404144F48044B8
:108A6C00C3F84041D3F8B851D3F840416404EED573
:108A7C000D4003D0426362B6F0BC70470C4C826070
:108A8C00C560D4F8B0311943C4F8B011426362B672
:108A9C00F0BC7047064D8260C460D5F8B031194304
:108AAC00C5F8B0110263426362B6F0BC704700BFF8
:108ABC0000002E40041000E070B50646006B90B12B
:108ACC000246002403E012680134012A0CD05368DA
:108ADC0013F08003F7D032632CB1B36B0568984761
:108AEC00013C2846F9D170BD33637363F4E700BFD2
:108AFC00F0B5E1B9214C22490020224B01224FF064
:108B0C00011580260A601A46A1604E60E060C3F829
:108B1C00BC51D3F8B0411C4D44F001048860C3F83B
:108B2C00B0412860D2F8B031002BFBD1F0BD090464
:108B3C00164B144D0126114C41F0800100221E6091
:108B4C00596000F5805CE26400F5005EA36400F5FA
:108B5C004057D5F8B01100F580462A46986041F48C
:108B6C008031C3F80CC0C3F810E05F619E61C5F89A
:108B7C00B011D2F8B031002BFBD1BCE700000020C3
:108B8C00E027002000002E40F0220020C02700200B
:108B9C002DE9F04FB94C83B0D4F8448118F0010F93
:108BAC00C4F844815ED0D4F8AC31002B55D04FF0D2
:108BBC00011BDFF8EC92B24E2546DA46C4F8AC3114
:108BCC00B06AF26AD4F8403143F40053C4F840312F
:108BDC00D4F840319F04F5D5D5F8403123F4005337
:108BEC00C5F84031C5F8B4A1D4F8B43113F0011371
:108BFC00FAD181B240F28167C9F80030B94200F273
:108C0C00AD80B1F5D06F80F0DE81B1F5817F00F0E1
:108C1C00608100F2E880802900F04E81822940F0CA
:108C2C00DA8092B202F07F01072900F2D480890029
:108C3C009448954F0844016810063B707B7040F1D6
:108C4C000182CA0301D501233B7002218E48FFF734
:108C5C004FFFD4F8AC31002BB0D1884AD2F8BC31DC
:108C6C00002B49D118F0400F18D0844BD3F8AC111D
:108C7C001A46C3F8AC11D3F8BC11C3F8BC11D2F826
:108C8C00B0417E4B002CFAD14FF0FF32C3F8B42127
:108C9C00D3F8843100F052FC7C4B1C6018F0807FC0
:108CAC0003D07B4B1B6803B1984718F0007F03D0AF
:108CBC00784B1B6803B1984718F0040F08D06F4B22
:108CCC00D3F8843113F4007345D0734B01221A701E
:108CDC006A4BD3F8482112060BD518F0800F08D038
:108CEC006E490A782AB1013AD2B20A70002A00F011
:108CFC00428203B0BDE8F08F6949C2F8BC31086804
:108D0C00034240F0E281614A15681D40AAD02F0C45
:108D1C000FD05B4E4FF0010997FAA7F4B4FA84F424
:108D2C0006EBC41009FA04F44030FFF7C5FEA74364
:108D3C00F2D1ADB2002D95D0514E012795FAA5F484
:108D4C00B4FA84F406EBC41007FA04F4FFF7B4FE8B
:108D5C00A543F3D186E7504A1370B9E742F22107D5
:108D6C00B94234D067D8B1F5086F00F01E81B1F567
:108D7C00106F30D1C0F307404A4A4B4910704B4F2B
:108D8C004B4A0193C5F8C871C5F8CC11C5F8D02170
:108D9C0000F0D6FB474A019B80210120B264516050
:108DAC001060F364C5F8BCB1D5F8B011936041F410
:108DBC008032C5F8B0213A4A1360D4F8B031002B98
:108DCC00FBD1D4F8AC31002B7FF4F8AE45E7110C95
:108DDC00072900F03B81C4F8C0B1D4F8AC31002BAA
:108DEC007FF4ECAE39E740F20237B94200F0AD80C7
:108DFC00B1F5A06FEFD12F4A80210127F364B26443
:108E0C0017605160C5F8BCB1D5F8B011936041F44E
:108E1C008033C5F8B031D4F8B031002BFBD1030C42
:108E2C005B0643F08073C5F85431D4F8AC31002B99
:108E3C007FF4C4AE11E742F22123994279D042F279
:108E4C0021339942C7D11B4B802200210120B364EE
:108E5C0018605A60F164C4F8BCB1D4F8B0219960C0
:108E6C0042F48033C4F8B031D4F8B031002BFBD1CC
:108E7C00D4F8AC31002B7FF4A1AEEEE600002E400E
:108E8C0000000020C0012E402C270020F4220020DE
:108E9C008027002084270020B7270020B827002037
:108EAC00F0220020B6270020C80002000200CC00EF
:108EBC000200C800E0270020B64A022110461370B9
:108ECC005370FFF715FED4F8AC31002B7FF476AE5F
:108EDC00C3E692B202F07F03072B3FF67CAF12F091
:108EEC00800F4FEA8303AC4A4FF000014FF00100B2
:108EFC001A44136814BF23F4803323F00103136066
:108F0C008022A64BF164B36418605A60C4F8BCB1FB
:108F1C00D4F8B021996042F48033C4F8B031D4F85D
:108F2C00B031002BFBD1D4F8AC31002B7FF446AE22
:108F3C0093E692B2002A86D1994BC0F30740994A26
:108F4C001968994B116018707DE792B202F07F039B
:108F5C00072B3FF640AF12F0800F4FEA83038E4A87
:108F6C004FF000014FF001001A44136814BF43F492
:108F7C00803343F0010313608022884BF164B364A7
:108F8C0018605A60C4F8BCB1D4F8B021996042F4AE
:108F9C008033C4F8B031D4F8B031002BFBD1D4F805
:108FAC00AC31002B7FF40AAE57E6804A0121794B95
:108FBC00127818461A70FFF79BFDD4F8AC31002BD1
:108FCC007FF4FCAD49E67A4B596800293FF403AFB6
:108FDC00000C1FFA82FE04E00C33596800293FF4A0
:108FEC00FAAE1F888742F7D15F887745F4D1070A1C
:108FFC00032F00F0BA801B89120C934228BF134632
:10900C00B0F5007F00F0A280B0F5E06F00F08B802F
:10901C00684F1A4601933846FFF72CFB019B27F04B
:10902C001F021F44BFF34F8F63490A6020329742DF
:10903C00FAD8BFF34F8FBFF36F8F5E481946FFF717
:10904C0057FD06E6CB077FF500AEFCE55B4F4FF016
:10905C00010EF3605A495B4B3860C3F800E059606D
:10906C00B3605949D5F8B0017A6001F5805740EAF0
:10907C000E02996001F5005E01F5405001F580414A
:10908C00C5F8B021DF60C3F810E058619961D4F8DD
:10909C00B031002BFBD1414A012048F28001F3642E
:1090AC0010604FF48030B2645160C5F8BCB1D5F893
:1090BC00B011936041EA0003C5F8B031C9F8000063
:1090CC00D4F8B031002BFBD1C3E53C4842F221046B
:1090DC00002605880E60A54240687FF414AE81B26C
:1090EC0000297FF410AE3849384C03C90D0C862882
:1090FC002060A180A5717FF406AE72B63448017869
:10910C0041F004010170D2F84811080606D441F070
:10911C0080018020C2F84401C2F8481162B62D4A81
:10912C0050211170EFE52C481A46224F90F800E0C0
:10913C002A492B480193BEF1000F08BF014638465F
:10914C00FFF798FA0722019B7A7068E722481A46C3
:10915C002349077821480193002F08BF0146154881
:10916C00FFF788FA134F019B59E7120C0B789342C7
:10917C0028BF134648E716490A7802F0FB020A702A
:10918C002AB9D3F8482122F08002C3F8482104F010
:10919C00EFFF00BF2C270020C0012E40E02700204D
:1091AC007C2700201C280020B5270020B627002093
:1091BC007C0B0020000A202070EF00E0401C0020F7
:1091CC0080000700C0270020E8220020142800207F
:1091DC00B2270020B8270020B7270020081F006006
:1091EC00541F0060002AA0F102022DE9F04714BFC1
:1091FC0000274FF00057022A01D9BDE8F0874FEA4B
:10920C00C019DFF840A00D4604460AEB0906002100
:10921C0040229846304604F0E7FC012047EA05411D
:10922C004AF80910C6F83880B060B8F1000FE4D0E5
:10923C00034BA0401C6820431860BDE8F08700BFBA
:10924C00F422002000000020002AA0F102022DE9E7
:10925C00F04714BF00274FF00057022A01D9BDE890
:10926C00F0874022C501DFF8449088461544002160
:10927C0004461E4609EB050A504604F0B5FC0122D3
:10928C0047EA084149F80510CAF83860CAF80820BE
:10929C00002EE4D004F11000034B82401868024306
:1092AC001A60BDE8F08700BFF42200200000002007
:1092BC0012048160C36142F08002F0B44260012765
:1092CC0001F5805601F5005501F5405401F5804239
:1092DC000760C660056144618261F0BC704700BFE5
:1092EC00831E022B00D97047064B0A4630B400F19E
:1092FC001004012503EBC01005FA04F1403030BC1A
:10930C00FFF792BB00000020831E022B00D9704790
:10931C0010B4054B01240A4604FA00F103EBC0100B
:10932C005DF8044BFFF780BB00000020124A134B82
:10933C00D2F8200220F07F40984210B584B002D8B9
:10934C0000EB800040000E4C01A90A22FFF730FA16
:10935C0001A90023204611F8012B01333AB10A2B45
:10936C0020F8022FF7D11623237004B010BD5B0038
:10937C00DBB2237004B010BD00441F407F969800F0
:10938C0098140020F8B514494FF40037134D0346D8
:10939C0001EB4024124E134A05EB40152146176091
:1093AC0028463288FFF784FF318824F01F032144BC
:1093BC00BFF34F8F0C4A136020339942FBD8BFF395
:1093CC004F8FBFF36F8F03202946FFF79DFF074B8D
:1093DC004FF400321A60F8BD600A2020C01A002039
:1093EC009C2700208CE100E05CEF00E00CE100E049
:1093FC00244A43682DE9F041C3F30E431488C56930
:10940C00E41A002C38DD2049204A0B781278DBB2A4
:10941C001F48204E934207D010F8038036F818707E
:10942C00C7F50072944212D9013300221A4F082B4F
:10943C0026F8154027F81520184E94BFDAB21346BB
:10944C000A703268C55414443460BDE8F081144B82
:10945C0007EB48202246274403EB45211844FFF72D
:10946C0009F90E4A284626F8187013681C44146033
:10947C00BDE8F041FFF786BF2846BDE8F041FFF795
:10948C0081BF00BF9C270020B0270020B1270020FF
:10949C005827002038270020482700203427002098
:1094AC00600A20201E4B1A785AB902F0FF031D4A9D
:1094BC00127832B12DE9F0411B4D2A8812B9BDE862
:1094CC00F0817047194EC2F50068194F3178424649
:1094DC00184C07EB411704EBC12438462146FFF723
:1094EC00E7FE08EB040224F01F01BFF34F8F124B71
:1094FC00196020318A42FBD8BFF34F8FBFF36F8FB7
:10950C0004203946FFF7ECFE3378084A0133DBB20E
:10951C00032B88BF0023137000232B80BDE8F08140
:10952C00B4270020B62700209E270020B327002058
:10953C00C01B0020601A202070EF00E0704700BFB5
:10954C00314B2DE9F0411B78304F002B54D04FF4A8
:10955C000073DFF8EC803B80A8F8003000218022FB
:10956C002B480D462B4E04F03FFB2B4C2B4B294626
:10957C004FF480722A4825702C461D8004F034FB71
:10958C0035602B4675602A46B560F5602549264E38
:10959C002648DFF8B0E00D70102105700220356010
:1095AC007560B560F560CEF80050FFF74DFEB8F869
:1095BC0000102A461E4B0320FFF714FE2B46398859
:1095CC0001220420FFF740FE20460134FFF7DAFEAB
:1095DC00082CF9D1174B4A2217480021174C04606C
:1095EC00C3F88410C3F88020D3F8482142F080726D
:1095FC00C3F84821BDE8F0814023DFF844803B806C
:10960C00A8F80030AAE700BFB7270020A027002049
:10961C00C01B002038270020B32700209E270020E5
:10962C00C01A0020B027002048270020B1270020B6
:10963C005174000000002E408027002005750000AA
:10964C009C27002034270020034B10B51C680CB954
:10965C0000F004F8204610BD342700202DE9F84313
:10966C00324E337893B1324F3A787AB90122D90716
:10967C003A7037D49A0719D400225B073A7005D593
:10968C002C4B1A6812B1EFF305820AB1BDE8F883CE
:10969C00EFF3108072B61A681AB1274C21780029A2
:1096AC002FD00028F2D162B6BDE8F883DFF89480A1
:1096BC0098F80020002ADFD00024DFF88C9005E019
:1096CC00013498F80030E4B2A34213D959F824506D
:1096DC002B6828461B6998470028F1D06B699B685A
:1096EC009847EDE7FFF7B0FFD0B9144B1B781BB9C7
:1096FC003378BFE73378BFE7337803F0FE0333707A
:10970C00B8E70126556926701D6065B1A96100B9DD
:10971C0062B6002593681046557798472570B5E7D3
:10972C0000F0ECFBE1E7064B1D60F0E7AF14002006
:10973C00AC270020F4210020A8270020AA1F0060DD
:10974C0000220020A92700200422002010B4EFF3EF
:10975C00108272B6437F33B9017F012908D00329E7
:10976C0010D00123437702B962B65DF8044B704701
:10977C00114C2168A1B1114943610B6808608361E8
:10978C005861EEE70E4C216881B10E4943610B68BC
:10979C000860836158610C4B4FF080511960E0E711
:1097AC00064B4161816120601860DAE7054B41612D
:1097BC00816120601860EEE7F42100200022002077
:1097CC00FC210020F821002004ED00E010B4047FFF
:1097DC004160022CC26003D05DF8044BFFF7B6BFAA
:1097EC0083685DF8044B184770B5EFF3108172B6BF
:1097FC000C4C23688BB10C4E00255A6922607AB14F
:10980C00956101B962B65D7718469B689847EFF38E
:10981C00108172B62368002BEFD101B962B670BD0E
:10982C003260EEE7FC210020F8210020FFF7DCBFBE
:10983C00044A054B1168054A19601368013313601B
:10984C00704700BF041000E0782700207C27002020
:10985C00964A974B90422DE9F043964CD3F814E07E
:10986C009969E6681CD9944B984240F21581934B48
:10987C0040F22765924F0344924C1A0AA7FB02321E
:10988C00D30903EB830303EB830202F2E243AB4203
:10989C0028BF2B46A3F54873A4FB0335ED0804E061
:1098AC00894DA84294BF06250E25814A06F01F0754
:1098BC00D2F88030AF4243F0C003C2F880300AD2F5
:1098CC007C4B26F01F061A462E43DE601368002BD5
:1098DC00FCDA06F01F071EF0007331D17B4C7C4A7A
:1098EC00D4F810C014460CEA0202A2420ABF4FF090
:1098FC00C0534FF4805200228EEA030414F0605FD0
:10990C0008D02EF0605E03F06053694C43EA0E0EF3
:10991C00C4F814E081EA020313F4405F08D0644BEE
:10992C0021F4405111431A469961936C1C07FCD4E5
:10993C004EF0007E5E4AC2F814E0936C9906FCD49B
:10994C000121644C0A4601FB02F300FB03F3A34222
:10995C0009D8072A00F29580013201FB02F300FBC3
:10996C0003F3A342F5D95C485C4C1844A4FB0003F8
:10997C001B0D6C2B00F28B80352B00F28F80DFF8E7
:10998C00888136235648DFF844C1564CDCF80090E9
:10999C00B0FBF2F009EA04044445B0FBF1F00BD043
:1099AC0043F400534FF480586446CCF80080CCF854
:1099BC0000302368002BFCDADFF8F4C0013ADCF845
:1099CC00103003F00703934207D002F007026446FD
:1099DC00CCF81020A36CDB03FCD4013989028EEA8D
:1099EC00010313F4E05F0CD0314B2EF4E05E01F474
:1099FC00E0511A4641EA0E0EC3F814E0936C990735
:109A0C00FCD4394B39490344DB09A1FB0331090B65
:109A1C00042928BF04214B1E1B028EEA030212F4F8
:109A2C00407F07D02EF4407E03F44073204A43EA73
:109A3C000E0353611E4B5C691A4624F000745C6182
:109A4C00936C9B06FCD42A4B4FF0FF32294CBD4241
:109A5C00A3FB00E320604FEA9343274CB2FBF3F3E4
:109A6C00B0FBF1F1254A2160136008D2114B26F0AE
:109A7C001F061A462E43DE601368002BFCDABDE885
:109A8C00F08304293FF66FAF013101225BE7DFF869
:109A9C007C806C231A4876E7122506E71948DFF814
:109AAC00708000FB03F043EA08086CE700A4781F01
:109ABC0000C00F40000008400046C32300BA3CDC45
:109ACC0023B24C001F85EB5100366E0100800D4017
:109ADC0040300080FFB19F26808D5B00819F5E1619
:109AEC0000B29F267F3001807FD1F0089F10E500E7
:109AFC0083DE1B4318100020141000207427002054
:109B0C0000643F4D001BB700362000806C200080A5
:109B1C000020008000010F4B1A181B5810B4D0689D
:109B2C005C68044205D059B1C3F884005DF8044B5D
:109B3C007047936849B9084A5DF8044B1A6070473E
:109B4C00C3F888005DF8044B7047044A5DF8044B79
:109B5C001A607047440700203830010038F00100CB
:109B6C000001054B1A5819189268CB681A4214BF99
:109B7C0001200020704700BF44070020362801D880
:109B8C00FFF7C8BF704700BF362801D8FFF7E8BF02
:109B9C000020704736281CD800011A4A012902EB14
:109BAC000003105810B415D0042913D0DC68426897
:109BBC0022EA040242609A68E9B102291ED0032904
:109BCC005B685DF8044B0CBF0F49104911601522FE
:109BDC001A607047DA680129446842EA040242605C
:109BEC009A6808D040F6380111605B6815225DF860
:109BFC00044B1A60704738211160F6E70449116074
:109C0C00F3E700BF440700203830010038000100A2
:109C1C0038F00100A4484FF00F0CA44B826F42F4B3
:109C2C007F02F0B582670025D0F880204FF4704693
:109C3C009F4C4FF4604E29464FF4806714432A46DC
:109C4C00C0F88040A3F88C6148F2B826A3F88EC106
:109C5C00A3F89051B3F8880180B240F0F000A3F85B
:109C6C00880101EB4100914B0131002540011C465C
:109C7C0004290344A3F804E0DF805A841A865A802E
:109C8C005A81DE815A82DA825A83DA83E9D1B4F8B6
:109C9C0088014FF00F0C874B4FF4704680B2294669
:109CAC004FF460472A4640EA0C004FF4806EA4F84B
:109CBC008801B4F8880180B240F47060A4F888017F
:109CCC00A3F88C6148F2B826A3F88EC1A3F8905182
:109CDC00B3F8880180B240F0F000A3F8880101EBE2
:109CEC004100744B0131002540011C4604290344FA
:109CFC009F80A3F806E05A841A865A805A81DE8126
:109D0C005A82DA825A83DA83E9D1B4F888014FF0A7
:109D1C000F0C694B4FF4704680B229464FF46047E4
:109D2C002A4640EA0C004FF4806EA4F88801B4F87F
:109D3C00880180B240F47060A4F88801A3F88C61AB
:109D4C0048F2B826A3F88EC1A3F89051B3F8880155
:109D5C0080B240F0F000A3F8880101EB4100564BB3
:109D6C000131002540011C46042903449F80A3F8BF
:109D7C0006E05A841A865A805A81DE815A82DA8227
:109D8C005A83DA83E9D1B4F888014FF00F0C4B4BAE
:109D9C004FF4704780B229464FF460462A4640EA99
:109DAC000C004FF4806EA4F88801B4F8880180B2DE
:109DBC0040F47060A4F88801A3F88C7148F2B827BD
:109DCC00A3F88EC1A3F89051B3F8880180B240F08B
:109DDC00F000A3F8880101EB4100384B0131400140
:109DEC001C46042903449E80A3F806E05A841A8674
:109DFC005A805A81DF815A82DA825A83DA83EAD115
:109E0C00B4F888310F27002241F201069BB245F6C7
:109E1C00C05E114643F226053B43A4F88831B4F8E2
:109E2C0088319BB243F47063A4F888315001244B01
:109E3C0001320344042A99815981DF819E82A3F85F
:109E4C0006E0198019829D81F0D100220F2741F282
:109E5C00010645F6C055114643F226045001194B34
:109E6C0001320344042A99815981DF819E82DD806D
:109E7C00198019829C81F1D100220F2741F2010631
:109E8C0045F6C055114643F2260450010E4B0132E3
:109E9C000344042A99815981DF819E82DD801980D7
:109EAC0019829C81F1D1F0BD00C00F4000C03D4033
:109EBC00000003FC00003E4000403E4000803E405D
:109ECC0000C01D4000001E4000401E400A4B30B434
:109EDC00586A1C46996A626AA36A994208BF904202
:109EEC00104619460CBF01250025002DF3D0D90BC7
:109EFC0030BC41EA4240704700400D40704700BF03
:109F0C0008B503684268BBB17AB1104BA3FB0213CE
:109F1C00DB0803EB4303B2EB830303D0D21A42609A
:109F2C00F02A02D90123184608BD03F035FB1C2288
:109F3C0000230260184608BD044BA3FB0213DB0888
:109F4C0003EB4303B2EB8303E8D1E9E7ABAAAAAA7C
:109F5C0070B5044600283AD019B1B2FA82F56D09F1
:109F6C00FDB1206808B1626832B903F015FB162305
:109F7C0000220360104670BD1849A1FB0231C908CC
:109F8C0001EB4101B2EB8101EFD1A3680BB103F0FE
:109F9C002BFE00230122236010466360A360E36064
:109FAC0070BD1E46049B80E80600C360FFF7A8FF47
:109FBC0002460028DED016B90122104670BD94E886
:109FCC000500A660294603F00FFE0122D2E703F03C
:109FDC00E3FA162322460360CCE700BFABAAAAAA79
:109FEC000B460146184603F0D1BA00BF70B440F2DC
:109FFC000125046825611BB31E46F1B10D780131B2
:10A00C00013B6566256FAD0706D4656F013EEDB269
:10A01C0012B11570013204686569ED07F2D5002B99
:10A02C00EBD16EB101680B6F9B07FCD44B6FDBB2AD
:10A03C000AB113700132013EF3E790F83C50DFE7B0
:10A04C0070BC7047F0B5304C304BA06C656C01792E
:10A05C00226CD9772979197701791977FAB1B2F588
:10A06C00004F18D22B6892B2D98B0E043BD4DA83F2
:10A07C00D98B89B2D9820368D98B09042CD4DA83A1
:10A08C000021DA8B92B2DA82216402791F4BDA76E4
:10A09C002A79DA76F0BD1E4B13442364F5E7E06CA5
:10A0AC000F25236840F2013E01684FF47C579D65F3
:10A0BC0003260D681749DA618D42C3F810E05F6121
:10A0CC0084F83D6017D1037F4260022BC26017D029
:10A0DC00BDE8F040FFF73ABBD98BC2F3080201F49C
:10A0EC007E410A43CBE7D98BC2F3080601F47E41CB
:10A0FC003143D983BCE72B461146BDE8F0401847E5
:10A10C008368BDE8F04018471C10002000800E400A
:10A11C000180FFFF2D7800004368F0B593E88200C2
:10A12C00DFF8FCE1B8260A680225754C22EA070222
:10A13C00744F0A60DEF818201440734A27430F242A
:10A14C00CEF81870077C1F443F7C02EB0717BF68E2
:10A15C003E60477C1F4497F8247002EB0717BF68DA
:10A16C003E60877C1F4497F8387002EB0717BF6876
:10A17C003E600F685E683E430E60017C5E1803EB28
:10A18C008101367C4F6902EB061149680F60417CF6
:10A19C005E180A3196F8246053F8217002EB061110
:10A1AC0049680F60817CD3F848E05E1803EB8101AD
:10A1BC001F6A96F83860C96B02EB06125E6B526828
:10A1CC001160817C0268194491F84410CEF800109B
:10A1DC00017C1944097F3960417C0B4493F8303081
:10A1EC00336015619465C37C002B29D072B6C37C97
:10A1FC00DC0706D5454A436911680B40836213603E
:10A20C00C37C990706D5424A836911680B40C36227
:10A21C001360C37C5A0706D53E4AC36911680B40CC
:10A22C0003631360C37C1F0706D53B4A036A11689E
:10A23C000B4043631360C37CDE064BD462B60268EA
:10A24C00364D8368AB424CD0354B85609B69354CA1
:10A25C00C3F30116C3F38261334B54F8264001312A
:10A26C00B4FBF1F1A3FB01431B0D29D1C360002604
:10A27C0003250724012116615562136414661161CC
:10A28C00C37CE3B1DD0703D5284B826A1A60C37C1B
:10A29C009C0703D5264BC26A1A60C37C590703D5A9
:10A2AC00244B026B1A60C37C1A0703D5224B426BFA
:10A2BC001A60C37CDB0602D5826B204B1A60F0BDA2
:10A2CC00B1FBF3F1A94288BF0133B3F5817F0AD307
:10A2DC001B4BCBE71B4A436A11680B40836313602B
:10A2EC00ACE7C368C3E7022B98BF0023BED9023B7F
:10A2FC005C08210443EA042301F47F010B43B5E716
:10A30C00CFFFFFE3100000084407002080E100E0CD
:10A31C0084E100E088E100E08CE100E000093D0010
:10A32C0000C00F403007002083DE1B4300E100E03B
:10A33C0004E100E008E100E00CE100E010E100E0E5
:10A34C00FF7F7F0090E100E00BB1FFF74FBE70473D
:10A35C00436893E806000968114200D1704710B5B4
:10A36C0002680446002005211061227C1344187CED
:10A37C00FFF710FC6268637C0521134493F82400FA
:10A38C00FFF708FC6268A37C05211344BDE810406C
:10A39C0093F83800FFF7FEBB2DE9F0410446002688
:10A3AC001F464FF49060C4F888142146C4F88064AA
:10A3BC009046FCF75DFA3A4680F84464054680F80E
:10A3CC00796480F87A6480F87B64C4F88404D4F8E7
:10A3DC008814FAF74DF908BB0026214640F26C4070
:10A3EC00C4F88464FCF744FA0223C6713A4680F838
:10A3FC004864054680F8496480F84A640372C4F8DE
:10A40C008004D4F88814FCF7D5F8F0B90023194A65
:10A41C001846C4F880341360BDE8F08105F58966F0
:10A42C003046F8F7D7FC29463046F8F701FD0028EE
:10A43C00D2D0114B1A68BAB10E4BB8F1000F15D12E
:10A44C001A689AB10120BDE8F08105F5896630469D
:10A45C00FAF770FA29463046FAF764FC0028D5D092
:10A46C00064B1A68002AE7D11D60E5E71C60012045
:10A47C00BDE8F08154220020F02100205822002059
:10A48C00F8B500254FF47A77064E044687600571BF
:10A49C0005738564C56440F8106BFCF779F92046A8
:10A4AC00F8BD00BFF40500202DE9F843DDF820804D
:10A4BC00099FB3B116460C46054603EB010904E0AF
:10A4CC0020460134C0474C450BD02B683246214600
:10A4DC0028461B6998473A4631460028F0D1BDE81A
:10A4EC00F8830120BDE8F8832DE9F843DDF82080DE
:10A4FC00AAB11F460C46054602EB010901E04C458A
:10A50C000DD02B68414620465E6AB847214602466C
:10A51C0028460134B0470028F1D1BDE8F88301206A
:10A52C00BDE8F8830020704700207047002070477A
:10A53C004FF0FF30704700BF704700BF012BF0B5E4
:10A54C00054695B03BD0022B01F1040140F20223E9
:10A55C00684618BF0023FFF793FF129B002B37D0E0
:10A56C005C2004AFFEF720F99DF8042004461F4B35
:10A57C000026DFF888E022733946029A1830A3606F
:10A58C009DF80C3022612375C4F800E06660FCF77E
:10A59C00A9F863684FF47A7115480133154AA6651A
:10A5AC002E712E732C61A0606360A9602A60124B1F
:10A5BC0038460093FCF7D8F8284615B0F0BD44F2A5
:10A5CC00022304316846FFF75BFF129B002BC7D1B7
:10A5DC00139B002BC4D14FF47A71064A2B7104AF34
:10A5EC002B732B61A9602A60E1E700BF7406002081
:10A5FC00F4050020C8050020F804002018060020EF
:10A60C0070B5D0F884448EB01646C4B1002504F55C
:10A61C0089640A46684621462B468DF800508DF811
:10A62C0001508DF80250FAF7F3FA08B90EB070BD6C
:10A63C00324621466846FAF77FFC0EB070BDD0F862
:10A64C0088040028F2D000F589650A46234668463E
:10A65C0029468DF831408DF832408DF83340F8F7AB
:10A66C0093FF0028E2D0324629466846F9F7C6FA2D
:10A67C000EB070BD30B5D0F884448FB0A4B10025B5
:10A68C000A466846214601238DF800508DF801508A
:10A69C008DF80250FAF722FB08B90FB030BD6846AE
:10A6AC00FBF7E8FB0FB030BDD0F888040028F4D0DD
:10A6BC000A460123014668468DF831408DF8324038
:10A6CC008DF83340F8F7DEFF0028E6D06846F9F73E
:10A6DC0043F80FB030BD00BF30B5D0F884448FB014
:10A6EC00A4B100250A46684621462B468DF8005039
:10A6FC008DF801508DF80250FAF7F0FA08B90FB046
:10A70C0030BD6846FAF70AFD0FB030BDD0F88804AA
:10A71C000028F4D00A462346014668468DF831409D
:10A72C008DF832408DF83340F8F7ACFF0028E6D0B6
:10A73C006846F9F771F80FB030BD00BF30B5D0F8EE
:10A74C0084448FB07CB100250A46012304F589614D
:10A75C0068468DF800508DF801508DF80250FAF7CC
:10A76C00EFF90FB030BDD0F888040028F9D00A46B4
:10A77C00012300F5896168468DF831408DF832402F
:10A78C008DF83340F9F7CEF90FB030BD30B5D0F8B5
:10A79C0084448FB074B100250A46684621462B4686
:10A7AC008DF800508DF801508DF80250FAF796FA9A
:10A7BC000FB030BDD0F888040028F9D00A462346E3
:10A7CC00014668468DF831408DF832408DF83340A3
:10A7DC00F8F758FF0FB030BDF8B590F8D034002B17
:10A7EC0046D0D0F884240446002A46D0D369D0F849
:10A7FC0090045F1E00283ED00368DB6B984730B195
:10A80C00D4F8900430B303681B6C9847A0B1D4F80B
:10A81C0084240026002A4AD01046FBF76DFE05461C
:10A82C003EB1D4F89004A8B1036800215B6C984742
:10A83C0080B1D4F8842410E0D4F8900450B10368AB
:10A84C0001215B6C984728B1D4F884240126002A96
:10A85C00E2D12CE00025D4F884247B1BF2B1907952
:10A86C004FF4007202FA00F080B2A0FB0301F8BDB5
:10A87C0000200021F8BD0646CEE7D0F88834F3B1AD
:10A88C00D3F83074D4F890040028B5D11946A3B18C
:10A89C0006460846F9F7B4FE0546C1E7D4F8882405
:10A8AC00002AE5D0D2F83C04A3FB0001F8BDD4F893
:10A8BC0088140029EDD11546B2E71D46CDE71F4699
:10A8CC00E0E700BF90F8D03463B1D0F8842462B1D3
:10A8DC0091794FF40073D0698B4001389BB2A3FB84
:10A8EC0000017047002000217047D0F88824002A0E
:10A8FC00F8D0D2F83034D2F83C04A3FB00017047F6
:10A90C002DE9F041D0F8905492B04DB11F462B6810
:10A91C0004462846DB699847B0F5405F064603D8E5
:10A92C00002012B0BDE8F0814FF4007002F062FE1E
:10A93C0080460028F4D0B6F1806F07AE02463B4645
:10A94C002946304644D800F003FF0746404602F043
:10A95C0059FE002FE4D02B6828461B6A984794F8C0
:10A96C00C054FF2D38D094F8C18401AAD4F8C4C4C3
:10A97C0004ABD4F8C8E404F594678DF804508DF852
:10A98C000580CDF808C0CDF80CE007CA83E80700B5
:10A99C008DF81180CDF814C0CDF818E08DF810505A
:10A9AC0093E8070086E80700384696E80E0001F0A9
:10A9BC0031FC94F8B134C4F890742BB901233946A6
:10A9CC00201D1A46FFF7E8FC012012B0BDE8F0810B
:10A9DC0000F0A4F90746B9E704F2944384F8C05494
:10A9EC0094F8CC141D46184602F06CF9C4F8905437
:10A9FC00284601F0E7FC0028E6D10123D4F8901496
:10AA0C00201D1A46FFF7C8FCDEE700BF2DE9F04118
:10AA1C00D0F890648AB00446002E48D090F8D03418
:10AA2C00002B4AD190F8D134FE2B5AD090F8D20496
:10AA3C00362835D994F8C064FF2E71D094F8C184AF
:10AA4C0003ADD4F8C4C406ABD4F8C8E404F59467D9
:10AA5C008DF800608DF80180CDF804C0CDF808E0C9
:10AA6C009DE8070085E807008DF80D80CDF810C033
:10AA7C00CDF814E08DF80C6095E8070083E807002A
:10AA8C0038460ECB01F0C6FB94F8B134C4F8907480
:10AA9C006BB901233946201D1A46FFF77DFC07E0F0
:10AAAC00FFF772F8003018BF01200028C2D1002037
:10AABC0084F8D0040AB0BDE8F08190F8D134FE2BB4
:10AACC0016D094F8D204362805D8FFF75DF800307C
:10AADC0018BF0120ECE73368304606A99B6C9847F9
:10AAEC00E6E71B4B9868C0F340400028DFD0A1E795
:10AAFC00336830465B6D9847431C0546E1D048B936
:10AB0C0094F8D134FE2BD2D12E200321FFF742F83A
:10AB1C002846CDE7012084F8D0040AB0BDE8F081C6
:10AB2C0004F2944594F8CC1484F8C064284602F0DE
:10AB3C00C9F8C4F89054284601F044FC0028B6D15A
:10AB4C000123D4F89014201D1A46FFF725FCAFE71B
:10AB5C0000800042F0B4184B0024184EFF2507214A
:10AB6C0017482927174AC3F89464174E18601846DB
:10AB7C00C3F8A824C3F8AC1483F8B174C3F8A06468
:10AB8C00C3F88444C3F88844C3F8904483F89C44C5
:10AB9C0083F89D4483F8B54483F8BC4483F8CC44D3
:10ABAC0083F8D04483F8D15483F8D254074A084927
:10ABBC00F0BCFFF715BA00BF641C0020C8060020CB
:10ABCC009806002000093D004C05002010100020C4
:10ABDC009985000070B5044608460D4603F080F8D0
:10ABEC0023680246294620465B68BDE8704018473A
:10ABFC0083680146C3F3080363B100200A69D0548B
:10AC0C000133B3F5007FF9D1C8680A690368096894
:10AC1C005B6A184701207047826803460069C2F3DB
:10AC2C00080230B4815440F2FF145D689868A24267
:10AC3C0001EB750100F101005960986002D0012010
:10AC4C0030BC7047D868196802684D1C546A1D6086
:10AC5C001A69234630BC184738B50C46C9B20546AC
:10AC6C00FFF7DAFF00B938BD210A2846BDE83840A5
:10AC7C00FFF7D2BF2DE9F8430023804601601E4642
:10AC8C0083604360B0B2FBF711FFB04281460546CA
:10AC9C000DD001464046FFF7DFFFA0B30136B6F5F5
:10ACAC00803FEFD34046BDE8F843FFF7A1BF741CCB
:10ACBC00B4F5803F14D1C6F580374FF48034B7F526
:10ACCC00007F1AD2A9B240460135FFF7C5FFD0B1BB
:10ACDC00A542F7D32E46E2E70134B4F5803FEAD023
:10ACEC00A0B2FBF7E3FEA042F6D0A71BB7F5007F9E
:10ACFC0003D2A642E6D34E46C4E74FF6FF71404658
:10AD0C00FFF7AAFF10B90020BDE8F883B9B240469E
:10AD1C00FFF7A2FF0028F6D02646C0E72DE9F04F3A
:10AD2C0081461F460B6889B0C9F80C100846C9F853
:10AD3C0010200E46DB6915469847B0F5801F12D2DD
:10AD4C00002F69D03B681522AE4938465B6898479E
:10AD5C003B6838460F22AC495B6800249847204674
:10AD6C0009B0BDE8F08F04460023012201E09442B3
:10AD7C0003D901335200DBB2F9D11C2B51D901227A
:10AD8C00A3F10B0848FA02F85FFA88F102FA08F20C
:10AD9C000691049201220133134102FA03F303FAE0
:10ADAC0002F205939B0001920293029B00214FF447
:10ADBC0000722846E31A8A464FF0010B23FA08F377
:10ADCC00039303FA08F8019B984402F00DFFFF234C
:10ADDC000722FE2085F8BFB185F8C2214AF6552E10
:10ADEC0085F8C301514685F8C4312A4685F8C5312A
:10ADFC00304685F8C0B185F8C1A1019BD6F800C0DA
:10AE0C00C5F8C631C5F8CA81DCF82430A5F8FEE1D6
:10AE1C009847D0B9002F9BD10024204609B0BDE83B
:10AE2C00F08F1A2B4FF0080800F22D824FF40043DC
:10AE3C00CDF8188002934FF4804301934FF4807344
:10AE4C0004934FF400530593AFE751464FF400724F
:10AE5C00284602F0C9FE059B762201982B659021AD
:10AE6C006B654FF0410C039B4FF0540E6A704FF022
:10AE7C004502EB659DF818302864A865202085F8FC
:10AE8C006D306FF01403EA704FF05802C5F844A00F
:10AE9C00C5F848804FF00908C5F84CA06C664FF017
:10AEAC004604A5F86AA085F86EB04FF0040B85F83F
:10AEBC0070A04FF4807A2B7005F17703A97005F21E
:10AECC00FD112A71F42228726872A8726FF07F004B
:10AEDC006C7185F806C085F807E0C5F860B0A5F878
:10AEEC0068A085F86C8085F86F0003F8012F9942F3
:10AEFC00FBD14FF000084AF655234446A5F8FE3125
:10AF0C00A8F16A03012B06D9B8F1700F03D015F81C
:10AF1C00083003EB740408F10108B8F5007FEFD199
:10AF2C0033682A46019930465B6A984700283FF4FB
:10AF3C0071AF33682A46019930465B6A0C319847E9
:10AF4C0000283FF467AF019B42460021284603F1DD
:10AF5C00010A02F049FE019A4AF65523CDF81C90DD
:10AF6C0005F2FF1802F1090B6A1EA5F8FE31914695
:10AF7C0006924B4613F8012F984502EB7404F9D155
:10AF8C0033682A46514630465B6A984700283FF49E
:10AF9C0041AF33682A460AF10C0130465B6A984788
:10AFAC0000283FF437AF0AF1010AD345E1D1019BE8
:10AFBC004FF4007200212846DDF81C9003F10B0AB7
:10AFCC0002F012FE069B13F8012F984502EB740455
:10AFDC00F9D133682A46594630465B6A98470028AF
:10AFEC003FF418AF33682A460BF10C0130465B6A0C
:10AFFC00984700283FF40EAF0BF10103534505D0E1
:10B00C009B46DFE7BC0A0020200B00202B1F05F518
:10B01C00FE7243F8044F9A42FBD1336851462A46DC
:10B02C0030465B6A984700283FF4F4AE33680BF166
:10B03C000D012A4630465B6A9847044600283FF4C7
:10B04C00E9AE2FB13B680C22974938465B689847AC
:10B05C00039B4FF40072002128464FEA8308059B9E
:10B06C0008F207289B46019B9B4402F0BDFD4FEA6A
:10B07C005823F82005F11301FF229E462B46287019
:10B08C0003F8012F9942FBD17346002B31D03B1CA6
:10B09C004FF0000ACDF818904FEA983818BF0123EA
:10B0AC00F1460593234654469A4605E0002C00F0E1
:10B0BC00F0800134A14519D001227C493846B4FBFB
:10B0CC00F8F308FB134323B9059B13B13B685B688A
:10B0DC00984733682A4604EB0B0130465B6A984765
:10B0EC000028E3D1002F7FF433AE95E65446DDF80B
:10B0FC001890002F35D03B6802226D4938465B68AA
:10B10C009847039B03F10708049B4FEAD80808F201
:10B11C00FF1A4FEA5A2A9A453FF61AAE4FF40072BC
:10B12C000021284602F060FD07232B70BAF1000FB6
:10B13C007CD04FF0000B07E0BBF1000F00F0B080AB
:10B14C000BF1010BDA456FD033682A460299304671
:10B15C005B6A594498470028EED1002F7FF4F8AD74
:10B16C005AE6039B03F10708049B4FEAD80808F240
:10B17C00FF1A4FEA5A2A9A453FF64EAE4FF4007228
:10B18C003946284602F030FD07232B70BAF1000F28
:10B19C00CFD1019B48464FEA430A049B0AEB0301BB
:10B1AC00FFF768FD00283FF437AED9F80830049A51
:10B1BC00B3EB422F3FF630AE049B4FF400720021EC
:10B1CC0028460AEB430A02F00FFD03228123822159
:10B1DC0002202A7085F820300023686385F840101F
:10B1EC00D9F804106A656964D9F80820C5F8388064
:10B1FC00AA65049AEB65002A3DD0984607E0B8F1A1
:10B20C00000F31D008F10108049B984533D0336806
:10B21C002A460AEB080130465B6A98470028EED1B3
:10B22C00002F7FF495ADF7E5002FB2D0019B384687
:10B23C0020494FEA430AFFF7CDFC049B48460AEB32
:10B24C000301FFF717FD00283FF482ADD9F8083051
:10B25C00049AB3EB422F3FF67BAD002FACD01649CE
:10B26C003846FFF7B7FCA7E74FF400724146284673
:10B27C0002F0BAFCC6E7002F3FF471AD38460F4917
:10B28C00FFF7A8FC6BE54FF48072CDF818800492A0
:10B29C0080E54FF400722146284602F0A5FC08E731
:10B2AC0085F800B04CE700BFD40A0020E40A002067
:10B2BC00FC0A0020E80A0020000B0020100B0020E4
:10B2CC00486810B50C4668B10B894A8901339BB2AA
:10B2DC009A420B8106D80368012203495B689847A0
:10B2EC0000232381206810BDE40A0020F0B5044639
:10B2FC0087B00E4615460021406A4FF4007202F0EA
:10B30C0073FC206A28B103680C2222495B689847B9
:10B31C00206AE36903AA616A002704901846039126
:10B32C0019686B0900926A1ECD6AE168ADF8163097
:10B33C00ADF814700131184BA847E8B1206A20B160
:10B34C000368022215495B689847102E626A4FF019
:10B35C00F8054FF0010314BF0C200420FF211570D9
:10B36C00626AD15401339842FAD1E069626A036887
:10B37C00E1685B6A984710B9002007B0F0BDE0693E
:10B38C00A268E16803681144626A5B6A984707B077
:10B39C00F0BD00BFD40A002021930000FC0A00205D
:10B3AC00F8B5446A4FF40072002105462046EB279D
:10B3BC0002F01AFC76262346902004F10A01202282
:10B3CC002770667003F8020F03F8012F8B42FBD134
:10B3DC004FF40071F82302204AF65522A4F80B1002
:10B3EC0095F82B106173298D207463752B69E1819D
:10B3FC00E361AB69A4F8FE212362F8BD2DE9F041AD
:10B40C0004464FF400720021406A02F0EDFB656ABD
:10B41C0022694AF6552605F2BF10216802F068F839
:10B42C00A369226905F2C31021681A44013A02F09B
:10B43C005FF894F82A30002185F8C2312369E0695D
:10B44C00C5F8C6310368A769626A5B6AC5F8CA7138
:10B45C00A5F8FE61BDE8F041184700BFD0F814C054
:10B46C004FF48071F8B5ACF5807390F82B600446FE
:10B47C00456A4160B3FBF6F303F20112120A500065
:10B48C00A26000F1A1078F4274D94FF4C07200E0A2
:10B49C007246C2EB0C0302F1800EB3FBF6F303F21F
:10B4AC000111090A480000F1A1079742F0D8626027
:10B4BC00A160D21BA3F6F57102F18007B1F5704FB4
:10B4CC00276108D3206A20B1036813222A495B68DC
:10B4DC0098470020F8BD21308132012103FB060082
:10B4EC00E260B0F5803FA0612185204634BF042383
:10B4FC00062384F82A30FFF781FF0028E9D0204684
:10B50C008027FFF74DFFA2684FF4007129261B48D6
:10B51C0005F12A03A5F8111005F13501EA82202264
:10B52C0085F8247085F82660C5F8270003F8012FEC
:10B53C008B42FBD14120542131223623462685F8FB
:10B54C00370085F8381085F8366085F8392085F88D
:10B55C003A30E069626A036821695B6A984700289F
:10B56C00B7D062682046E3681021D21ABDE8F840D3
:10B57C00FFF7BCBE0A469CE7300B002087D61200B2
:10B58C00F8B504464FF4005242F209004FF48041E2
:10B59C00D4F814C094F82BE0ACF580432261656AB2
:10B5AC006160B3FBFEF303F18102D2095600A26085
:10B5BC003044884214D94FF4C04100E03946C1EB05
:10B5CC000C0342F2090001F50057B3FBFEF303F143
:10B5DC008102D209560030448842EFD86160A260E3
:10B5EC004FF6F472934208D8206A20B103681322F4
:10B5FC0051495B6898470020F8BDA1F5005203FB48
:10B60C000E134E492046961BA3F500528B42B6B240
:10B61C00A26194BF0B230C2306F50052268584F8F7
:10B62C002A30E260FFF7EAFE0028E4D020468027AB
:10B63C00FFF7B6FEA368022101224FF0060E292661
:10B64C006B6205F146033E48E96205F151012A8619
:10B65C002022A5F832E085F8407085F84260C5F8E4
:10B66C00430003F8012F9942FBD14120542133228E
:10B67C003223462685F8530085F8541085F852601D
:10B68C0085F8552085F85630E069626A03682169AF
:10B69C005B6A98470028AED0E069216903680631DF
:10B6AC00626A5B6A98470028A5D04FF400720021AB
:10B6BC00606A02F099FA234BE069C5F8FC31036823
:10B6CC0021695B6A0231626A9847002893D0E0696D
:10B6DC00216903680831626A5B6A984700288AD03E
:10B6EC00E3694FF0FF321848184928601846C5F82E
:10B6FC00E821C5F8EC21C5F8E4111B6821695B6AE7
:10B70C000131626A984700283FF475AFE0692169FE
:10B71C0003680731626A5B6A984700283FF46BAF95
:10B72C00A268204694F82B30202103EB4202BDE89E
:10B73C00F840FFF7DBBD00BF300B00200004FB001E
:10B74C0087D61200000055AA5252614172724161B3
:10B75C0038B504460D680846E16162622362EB6904
:10B76C00984700F2FF736061DB0A062B236008D850
:10B77C00206A20B10368142226495B689847002090
:10B78C0038BD102B13D8022384F82B30B0F5800F62
:10B79C00204614D2FFF762FE0546206AADB108B30D
:10B7AC0003680D221C495B689847012038BD202B8B
:10B7BC0014D9402B18D8082384F82B30E6E7FFF770
:10B7CC00DFFE0546206A002DE9D10028D7D003689A
:10B7DC000F2212495B689847284638BD042384F829
:10B7EC002B30D3E7012038BD802B06D9B3F5806F01
:10B7FC0007D8202384F82B30C8E7102384F82B308B
:10B80C00C4E7B3F5004F94BF4023802384F82B305A
:10B81C00BCE700BF440B00205C0B00206C0B00202D
:10B82C00407C7047007D7047407D70470120704719
:10B83C00007F704710B4046801236469A4465DF866
:10B84C00044B604738B5036804460D461B6A98479D
:10B85C0000B1257738BD00BF2DE9F0471E46C37CEB
:10B86C0005460C46022B9146089F23D02B68214697
:10B87C0028461B6E984798B1AC61B9F1000F12D0F5
:10B88C0004EB090801E0A0450DD039462046B0472D
:10B89C002B6801462846DB6D013498470028F2D10D
:10B8AC000020BDE8F087AB69287F4B44AB6128B121
:10B8BC00BDE8F08783698B42D8D1DEE72B68284638
:10B8CC005B6EBDE8F0471847704700BF043001F0CD
:10B8DC00BDBD00BF10B504462021FCF767FF204614
:10B8EC0010BD00BF2DE9F0411F46C37C06460D4636
:10B8FC00022B14461FD03368294630461B6E9847DE
:10B90C0078B1B56187B1002501E0AF420CD0336846
:10B91C00214630460135DB6D04F50074984700284C
:10B92C00F3D10020BDE8F081B369307F1F44B761CB
:10B93C0028B1BDE8F08183698B42DCD1E2E7336842
:10B94C0030465B6EBDE8F041184700BF38B5051DA9
:10B95C000446284601F0B2FC207C002101F0ACFC2E
:10B96C002846FF2101F092FD0123A37438BD00BFCE
:10B97C0003685B6E184700BF38B5051D04460121EE
:10B98C00007C01F099FCFF21284601F07FFD284640
:10B99C0001F030FD0023A37438BD00BFF8B5164E7E
:10B9AC000746051D346804F51674A4B203E0336829
:10B9BC00E31A1B040ED4284601F04CFDFF28F6D1E7
:10B9CC002846FD2101F062FDBB7C6BB900230120F0
:10B9DC00FB74F8BD1E23B87C7B7400B9F8BD3846E7
:10B9EC00FFF7CAFF0020F8BD3846FFF7C5FF00235C
:10B9FC000120FB74F8BD00BF7C27002038B5C37C48
:10BA0C00012B16D0837C044663B9FFF79FFF201DE2
:10BA1C0001F020FDA37CB0F1FF0518BF012553B93F
:10BA2C00284638BD043001F015FDFF3818BF012041
:10BA3C0038BD002038BD2046FFF79EFF284638BD94
:10BA4C002DE9F041036882B00646884601921B6AD4
:10BA5C00984718B9FF2002B0BDE8F081B37C002BE9
:10BA6C003ED0B8F10C0F3FD0204F341D3D6805F58A
:10BA7C009675ADB203E03B68EB1A1A042CD4204641
:10BA8C0001F0E8FCFF28F6D148F04001204601AF58
:10BA9C0002AD01F0FBFC15F8011D204601F0F6FC8F
:10BAAC00AF42F8D1B8F1000F20464FF00A0514BF91
:10BABC008721952101F0EAFC204601F0CBFC2046C1
:10BACC0001F0C8FC03063075C5D5013DADB2002DA3
:10BADC00F5D102B0BDE8F081B8F1000FBAD1D3E7CF
:10BAEC003046FFF733FFBCE7341DCDE77C27002041
:10BAFC002DE9F04788B000250646071D01AC85747A
:10BB0C004574457584E80E009DF80400DDF8088046
:10BB1C00307401F0CDFB307C012101F0CDFB594993
:10BB2C00072205ABB160F26094E8070083E80700D8
:10BB3C0038460ECB01F044FCB37CF574002B67D077
:10BB4C000121307C0A2401F0B7FBFF21384601F0BB
:10BB5C009DFC611E11F0FF04F7D12146307C0A25B3
:10BB6C0001F0AAFB002230461146FFF769FF0128BD
:10BB7C00044605F1FF330DD013F0FF05F2D101237C
:10BB8C007374B07C18B13046FFF7F6FE002008B095
:10BB9C00BDE8F0874FF4D57208213046FFF750FF0F
:10BBAC00420739D574753368DFF8E0A09B6D5345B7
:10BBBC0045D1707D344D02282C680CBF4FF0804964
:10BBCC004FF0000904F5FA64A4B203E02B68E31A01
:10BBDC001B0431D4002237213046FFF731FF4A468F
:10BBEC0029213046FFF72CFF0028EFD133689B6DDD
:10BBFC00534527D1707D022827D0B37C13B1304632
:10BC0C00FFF7BAFE0723C6F808800120F360BEE7F1
:10BC1C003046FFF79BFE93E70223042473753846E6
:10BC2C0001F018FC631E307513F0FF04F7D1AA283D
:10BC3C00B9D006237374A4E717237374A1E73046B5
:10BC4C009847B7E730469847D5E700223A21304667
:10BC5C00FFF7F6FE10B11223737492E7384601F029
:10BC6C00F9FB00F0C000C02809D0384601F0F2FB07
:10BC7C00384601F0EFFB384601F0ECFBBDE703233F
:10BC8C007375F2E7801A06007C2700208998000063
:10BC9C00F8B500220D463A210646FFF7D1FE68B9E9
:10BCAC00371D2C1D384601F0D5FB04F8010DA542BB
:10BCBC00F8D1B47C6CB901242046F8BD1223B47CB5
:10BCCC007374002CF8D000243046FFF755FE204644
:10BCDC00F8BD3046FFF750FE2046F8BD03680A4613
:10BCEC0030B59B6D83B0114D0446AB4214D1407DF1
:10BCFC0003284FF01901204618BF5202FFF7A0FE8F
:10BD0C0028B10E23A07C637450B903B030BD02235C
:10BD1C000120E37403B030BD01919847019AE7E725
:10BD2C002046FFF729FE002003B030BD89980000A3
:10BD3C002DE9F8431A4E0546884691463468071D8E
:10BD4C0004F59674A4B203E03368E31A1B0411D40F
:10BD5C00384601F07FFBFF282875F5D0FE280CD063
:10BD6C0018236B74A87C18B12846FFF705FE002039
:10BD7C00BDE8F8831D236B74F4E74A464146384608
:10BD8C0001F074FB287510B125236B74EAE7384673
:10BD9C0001F060FB384601F05DFB0120BDE8F88343
:10BDAC007C27002038B5154600220446FFF748FED4
:10BDBC0040B11B236374A07C18B12046FFF7DCFD57
:10BDCC00002038BD294610222046FFF7B1FF00287D
:10BDDC00F1D0A57C002DF4D02046FFF7CDFD2846F0
:10BDEC0038BD00BF0A460921FFF7DCBF0A460A210D
:10BDFC00FFF7D8BF0368244ADB6C934230B585B09B
:10BE0C002FD16A460921FFF7CDFF38B19DF80030DC
:10BE1C0013F0C00304D0402B26D0002005B030BD59
:10BE2C009DF809409DF806309DF8072004F00304A6
:10BE3C009DF80A0003F0030364009DF805109200BE
:10BE4C009DF8085044EAD01001F00F0142EA832318
:10BE5C00084443EA95130738013303FA00F005B0A0
:10BE6C0030BD69469847D0E79DF809309DF807101A
:10BE7C005A1C9DF8080001F03F0302EB034303EB4F
:10BE8C000020800205B030BD459E000003682DE9FE
:10BE9C00F041DB6C84B0324C05460F461646A3428B
:10BEAC002ED16A460921FFF77DFF044684B19DF827
:10BEBC000A305A0616D56B7D032B01D07F02760211
:10BECC003A4620212846FFF7BBFDE8B126236B74C8
:10BEDC00AC7C1CB128460024FFF74EFD204604B074
:10BEEC00BDE8F08103F03F039DF80B10721C5B0062
:10BEFC003A4343EAD1131342DDD027236B74E7E7AF
:10BF0C00694698470446D1E7324621212846FFF777
:10BF1C0097FD0028DAD1024626212846FFF790FD2E
:10BF2C000028D3D10F4F42F2107605F104083B687C
:10BF3C001E44B6B203E03B68F31A1B040CD4404613
:10BF4C0001F088FAFF28F6D1AB7C002BC6D028462E
:10BF5C001C46FFF711FDC1E728236B74B8E700BF3F
:10BF6C00459E00007C27002003680A4630B59B6D77
:10BF7C0083B0114D0446AB4214D1407D03284FF0E1
:10BF8C001201204618BF5202FFF75AFD28B10C23AC
:10BF9C00A07C637450B903B030BD01231846E37420
:10BFAC0003B030BD01919847019AE7E72046FFF7AF
:10BFBC00E3FC002003B030BD8998000070B500266A
:10BFCC000C210446C6743246FFF73AFD28B109230A
:10BFDC00A57C63745DB9284670BDA57C15B9012597
:10BFEC00284670BD2046FFF7C7FC284670BD354675
:10BFFC002046FFF7C1FC284670BD00BFC37C022B56
:10C00C0005D0012B01D001207047FFF7D7BFFFF7F8
:10C01C00AFBC00BF2DE9F0479A46C37C06460C46E0
:10C02C00012B1546DDF82080099F24D0214630468F
:10C03C00FFF79AFFA8B1B461BAF1000F14D004EB6A
:10C04C000A0904E020460134C047A1450CD04FF446
:10C05C00007229463046FFF76BFE3A462946002807
:10C06C00F0D10020BDE8F087B369307F5344B36151
:10C07C0028B1BDE8F08783698B42D7D1DCE7304625
:10C08C00BDE8F047FFF79ABFF8B51F46C37C0646DC
:10C09C000D46012B14461CD029463046FFF764FF91
:10C0AC0078B1B5617FB1002501E0AF420BD04FF400
:10C0BC0000722146304601351444FFF739FE002842
:10C0CC00F3D10020F8BDB369307F1F44B76120B1B4
:10C0DC00F8BD83698B42DFD1E4E73046BDE8F84018
:10C0EC00FFF76CBF70B5041D16460546204601F0DF
:10C0FC00CDF94FF400723146204601F0D1F92046BB
:10C10C00FF2101F0C3F92046FF2101F0BFF92046C1
:10C11C0001F0A0F900F01F032875052B09D020238E
:10C12C00A87C6B7400B970BD2846FFF725FC002075
:10C13C0070BD012070BD00BF2DE9F041144D0746C4
:10C14C008846061D2C6804F51674A4B203E02B680F
:10C15C00E31A1B040ED4304601F07CF9FF28F6D10B
:10C16C004246FC213846FFF7BDFF70B9B87C30B9A8
:10C17C00BDE8F0812423B87C7B740028F8D03846C5
:10C18C00FFF7FAFB0020BDE8F081BDE8F08100BFAD
:10C19C007C270020036870B59B6D82B0154D04465A
:10C1AC001646AB4222D1407D0328204618BF4902D7
:10C1BC000A461821FFF744FC48B10D236374A07C98
:10C1CC0018B12046FFF7D8FB002002B070BD3246F4
:10C1DC00FE212046FFF786FF0028F0D0A57C002D1D
:10C1EC00F3D02046FFF7C8FB2846EEE701919847AD
:10C1FC000199D9E78998000010B4047F1CB95DF847
:10C20C00044BFFF7C7BF04680123A46AA4465DF87A
:10C21C00044B604730B585B0054601AC84E80E0090
:10C22C0094E80E00FFF764FC20B19DF8053003F094
:10C23C0001032B7705B030BD704700BF084B0021C0
:10C24C00084A094810B499631C6B146012685DF8B5
:10C25C00044B1A639A6C22F081029A640170704745
:10C26C0000002C406C210020A6270020034B044822
:10C27C001B6B1840B0FA80F04009704700002C404E
:10C28C0001000F00024B586A00F00100704700BF1C
:10C29C0000002C40034B586A80F08070C0F30060A3
:10C2AC00704700BF00002C40014B1878704700BF4E
:10C2BC00A6270020034B586A80F40060C0F3C0200E
:10C2CC00704700BF00002C40034B586A80F480601C
:10C2DC00C0F38020704700BF00002C40034B044883
:10C2EC001B6B1840B0FA80F04009704700002C40DE
:10C2FC0002007F114FF47A722B4B2C4902FB00F099
:10C30C00496AD3F800212A4BC1F3C22102F03F0243
:10C31C000131A3FB0223F0B49B08264DB5FBF3F5CA
:10C32C00B5FBF1F5B0EB151F38D2012201E0FF2A65
:10C33C0005D852001301B5FBF3F39842F7D351081B
:10C34C000F02B5FBF2F398422BD25400012100E00E
:10C35C001C464E1CB5FBF4F3984202EB04031BD2B3
:10C36C00102E3146F4D1F0234FF47A72124E134949
:10C37C0002FB04F412483246B5FBF4F50D60F16A89
:10C38C00084040F4602040EA07011943F162536A07
:10C39C001B07FCD5F0BC70470B01E5E70027012219
:10C3AC00CFE714460023DFE700800D4000C00F40AC
:10C3BC00ABAAAAAA00EC695E00002C403821002030
:10C3CC000F00F0FF014B1878704700BFAE1400202F
:10C3DC00014B1868704700BF6C21002030B4054C2D
:10C3EC000D460FCC286001206960AA60EB6030BC60
:10C3FC00704700BF4021002030B4054C0D460FCCD7
:10C40C00286001206960AA60EB6030BC704700BFF7
:10C41C0050210020024B01201B680B60704700BFAD
:10C42C0060210020704700BFF8B50546074FFCF7A8
:10C43C00E7F8064604E0FCF7E3F8801BB84203D8A3
:10C44C00A84704460028F6D12046F8BD40420F000C
:10C45C002DE9F041DFF8408005460E4FC8F800008A
:10C46C00FCF7CEF8064606E0FCF7CAF8801BB8428B
:10C47C000AD8FDF7F3F8A84704460028F4D1C8F809
:10C48C0000002046BDE8F08100232046C8F80030AB
:10C49C00BDE8F08140420F006821002010B5044631
:10C4AC000C21FCF783F9204610BD00BF0F4B002276
:10C4BC0047F2B80141F2B800C3F8CC21C3F8D0213F
:10C4CC00C3F8BC21C3F8C021C3F8C421C3F8C821E8
:10C4DC00C3F8BC13C3F8C013C3F8AC13C3F8B00350
:10C4EC00C3F8B413C3F8B813704700BF00801F40E3
:10C4FC00054B1B7833B1054B1B78002B14BF032065
:10C50C000220704701207047A3270020A427002099
:10C51C0038B5044614480D46FFF786FF08BB134B8D
:10C52C00A1029D6007D5996CE2B221F0FF019964DC
:10C53C00996C0A439A6424F0FF040C4D0C48EC608F
:10C54C00FFF772FF68B92A6B0A4B1A601A682A63E4
:10C55C001A68D20705D51B6813F4702F01D101207E
:10C56C0038BD002038BD00BFE5A2000000002C4003
:10C57C00CDA200006C21002008B5074B07481968B4
:10C58C00FFF7C6FF30B1064B186980F48070C0F31A
:10C59C00002008BD012008BD6421002000001A0DF8
:10C5AC0000002C4008B5044B04481968FFF7B0FF95
:10C5BC0008B1034B186908BD6421002000001A0D56
:10C5CC0000002C40144B70B50E4684B01968FFF770
:10C5DC009FFFF0B1114906F10F0500230A69009283
:10C5EC004C6901948C690294C969039101E054F877
:10C5FC00102C03F003010133C90023F003040F2BAB
:10C60C0022FA01F204A905F8012D0C44EFD1002304
:10C61C00F37304B070BD00BF6421002000002C40F7
:10C62C00054B186810F0020005D01B680348184031
:10C63C00B0FA80F0400970476C21002000007F1197
:10C64C00F8B512F0030418BF0124002B08BF44F006
:10C65C00010444B11E4925201E4B40F2F51208700E
:10C66C001A600020F8BD06461B481D460F461446AE
:10C67C00FFF7EEFE10BB2B04184A194D4FF0010EBC
:10C68C001A40184985F800E0174B42F40072086014
:10C69C00164D17491C605A609D630B78B3B979022B
:10C6AC003046FFF735FF0028DBD01248FFF7D0FEED
:10C6BC000028D6D1BDE8F840FFF7B2BF04490A20E4
:10C6CC00044B4FF4FC7208701A60CAE73946E7E76E
:10C6DC00AE1400203C210020D9A500000000FF1F53
:10C6EC00A62700206C21002000002C4002007F11A6
:10C6FC00A427002009A30000194970B40B7813F08B
:10C70C00C00311D0402B02D0002070BC70474B7A74
:10C71C00CC795A1C087A04F03F0302EB034303EB79
:10C72C00002070BC800270474D7A8B79CA7905F075
:10C73C000305887A03F003036D004C7992000E7A9E
:10C74C0045EAD01004F00F0142EA8323084443EA7F
:10C75C0096130738013370BC03FA00F0704700BF22
:10C76C0050210020037ADB0703D50E4B1B6893B1D5
:10C77C0018470D4B1B7833B90C4B586A80F08070FE
:10C78C00C0F300607047094B09481B6B1840B0FAA6
:10C79C0080F040097047074B18780028F2D0FFF75B
:10C7AC00EBBE00BF68210020A527002000002C4014
:10C7BC0002007F11A22700202C4838B5837A154639
:10C7CC0003F040025AB903F03F0302F0FF04C27AAF
:10C7DC00681C5B00084343EAD213034221D1244B6B
:10C7EC001B780BB949026D022248FFF791FE0446F3
:10C7FC0040B921490F20214B40F2EB2208701A60FE
:10C80C00204638BD29461E48FFF782FE044688B9EB
:10C81C0019491020194B40F2EE22087020461A607C
:10C82C0038BD15492720154B40F2E32208702046ED
:10C83C001A6038BD00211348FFF76AFE044638B968
:10C84C000D4911200D4B40F2F12208701A60D7E708
:10C85C000D48FFF7E9FD0028D2D007492820074BE7
:10C86C004FF43D72002408701A60C9E75021002073
:10C87C00A427002000001A20AE1400203C21002028
:10C88C0000001A2100001B26D9A5000010B50E4887
:10C89C000024FFF7C9FD0D490D4A0E4B0C70116BAE
:10C8AC0019601968116318B91A680B4B134043B11E
:10C8BC000A491F240A4B40F27A2200200C701A609D
:10C8CC0010BD012010BD00BF3DA30000A527002016
:10C8DC0000002C406C21002000007F11AE140020C1
:10C8EC003C21002038B5184C00211848A36A23F4C9
:10C8FC008033A362FFF70CFE054640B914490920AA
:10C90C00144B40F23D2208701A60284638BD12487C
:10C91C00FFF79EFD70B9636A9B07F6D5616B2846DD
:10C92C00A36AE26A23F4803342F08062E2626163BC
:10C93C00A36238BD06490A20064B4FF4107200253D
:10C94C0008701A60284638BD00002C400000DB0C33
:10C95C00AE1400203C210020F5A2000070B51E4E44
:10C96C000D463378002B31D11C4B5A6AD10507D4B4
:10C97C009A6A22F480329A629A6A42F400329A627B
:10C98C00164C1748A36A43F48033A362FFF74CFD9F
:10C99C0098B920462B1F05F5FE74426A5205FCD54A
:10C9AC0003F1400153F8042F99420262FAD18C42F0
:10C9BC000B46F2D10120307070BD0A4921240A4B7C
:10C9CC0040F2D93200200C701A6070BDFFF75EFF88
:10C9DC000028C9D170BD00BFA527002000002C4045
:10C9EC0029A30000AE1400203C21002010B51448EF
:10C9FC000C46FFF72DFDC8B9124B4FF400701249CD
:10CA0C009A6A22F480329A6258600B7863B9610298
:10CA1C000E48FFF77DFD30B90D490E240D4B4FF438
:10CA2C0087620C701A6010BD2146F1E708490A2094
:10CA3C00084B40F22C42087000201A6010BD00BF59
:10CA4C00D9A5000000002C40A427002020003A1992
:10CA5C00AE1400203C210020F8B50646007A0C46A6
:10CA6C001546C0071F4613D483B10F4401E0BC42E6
:10CA7C000CD033682A46214630465B6A05F50075B2
:10CA8C00013498470028F2D10020F8BD0120F8BDF0
:10CA9C00900712D0002BF9D00F4401E0A742F5D03B
:10CAAC0033682A46214630465B6A05F50075013429
:10CABC0098470028F2D10020F8BD0648FFF7C0FDCA
:10CACC000028E3D104490E24044B40F21E420C70A2
:10CADC001A60F8BD27003A19AE1400203C21002042
:10CAEC0070B5037A1546ADF5007D0E46DA0719D5FB
:10CAFC00AB0706D029464FF4007268466D46FBF72B
:10CB0C00B9FD2A46314601232148FFF799FD30B97A
:10CB1C0020490D24204B40F2F2320C701A600DF5B6
:10CB2C00007D70BD1D4B04461B78ABB9637A022B9C
:10CB3C0008D0236820461B6A984798B900200DF549
:10CB4C00007D70BD63689E4216D0236820461B6A28
:10CB5C0098470028F2D005E0FFF798FE0028E5D1B1
:10CB6C000020ECE72368314620461B6E98470028CE
:10CB7C00E4D0022366606372236829462046DB6D8D
:10CB8C0098470028DAD0636801336360C7E700BFB9
:10CB9C0001003A18AE1400203C210020A5270020EB
:10CBAC00F8B50646007A0C461546C0071F4613D446
:10CBBC0083B10F4401E0BC420CD033682A462146B5
:10CBCC0030461B6905F50075013498470028F2D1F1
:10CBDC000020F8BD0120F8BD900712D0002BF9D031
:10CBEC000F4401E0A742F5D033682A46214630466F
:10CBFC001B6905F50075013498470028F2D1002017
:10CC0C00F8BD0648FFF71CFD0028E3D104490C24AD
:10CC1C00044B40F282320C701A60F8BD37003A12A5
:10CC2C00AE1400203C210020F8B505461B480C46EC
:10CC3C00FFF7FAFB40B11A490A201A4B4FF4CC7299
:10CC4C00087000201A60F8BD174A0127174B2946B7
:10CC5C001770174E174D184A30601C6017485D60EE
:10CC6C009A63FFF755FC38B90D4904240D4B40F27B
:10CC7C009F120C701A60F8BD1148FFF7E9FB18B948
:10CC8C00FFF7CEFC00B1F8BD05492520054B4FF44C
:10CC9C00D172087000201A60F8BD00BFD9A5000041
:10CCAC00AE1400203C210020A627002000002C40C0
:10CCBC006C2100204000010002007F1111003A0697
:10CCCC0009A300002DE9F043B74A0023B74D052412
:10CCDC00017291B02B704372D2F80001B44F40F046
:10CCEC008000B44EDFF834833B70337088F800302A
:10CCFC00C2F80001D2F80001AF4B20F03F00AF4961
:10CD0C00C2F80001D2F8000140F01800C2F800018E
:10CD1C00D2F8000120F08000C2F80001D3F8802086
:10CD2C00A74842F00C02C3F880205A6A22F46052E1
:10CD3C005A62DA6942F48032DA615A6A42F4006269
:10CD4C005A620246C1F8CC41C1F8D041C1F8BC418D
:10CD5C00C1F8C041C1F8C441C1F8C841816C994BBC
:10CD6C0041F000418164C16A0B43C362D36A944CA5
:10CD7C00D901FBD44FF4C870FFF7BCFAFFF796FB50
:10CD8C009149924B924A6163C3F8F821914B602010
:10CD9C00914A4FF48041187023461160E26A42F0C8
:10CDAC000062E262D96A11F00061FBD10846FFF71C
:10CDBC00AFFB044600284DD003244FF4D5718748AF
:10CDCC00FFF7A6FB00285CD1013CF6D198F80030A7
:10CDDC00834C002B08BF4FF44014FBF711FCDFF819
:10CDEC004082814600217F48FFF792FB50B9172102
:10CDFC007D4B40F29F22002429701A60204611B00E
:10CE0C00BDE8F08321467948FFF782FB0028EED07D
:10CE1C00FBF7F6FBC9EB0000694A4045E7D81369FC
:10CE2C00002BDFDA1169724B196013695A0001D5B6
:10CE3C000123337000216F48FFF76AFB044698B951
:10CE4C000221694B4FF42A72204629701A6011B0E6
:10CE5C00BDE8F0830121644B40F28E2220462970FC
:10CE6C001A6011B0BDE8F08300216348FFF750FB56
:10CE7C000446C0B903215C4B40F2AB2229701A6006
:10CE8C00BCE74F4B1B69B3F5D57F07D00621564B3A
:10CE9C004FF42572002429701A60AFE70123504C1F
:10CEAC0088F8003099E7464E544B3269DFF87481AC
:10CEBC00134053495348C8F80030FFF783FB04462E
:10CECC0030B90721484B4FF42C7229701A6095E742
:10CEDC004D494E48FFF776FB044630B90821424BCA
:10CEEC0040F2B32229701A6088E7D8F8001048483D
:10CEFC00FFF70EFB044630B905213B4B40F2B6223E
:10CF0C0029701A607AE7D8F800103648FFF700FB52
:10CF1C0038B91421344B40F2BA22002429701A601B
:10CF2C006CE702213B48FFF7F3FA04460028F0D0E7
:10CF3C00B36A4FF010126FF07F40694623F006037E
:10CF4C00B362B36A43F00203B3627264FFF76CFE20
:10CF5C0018B19DF80D309B0716D446F2A810174B4C
:10CF6C000522C3F8CC21C3F8D021C3F8BC21C3F8E7
:10CF7C00C021C3F8C421C3F8C821FFF7BBF9FFF7E0
:10CF8C0095FA01233B7039E769462348FFF74CFEBD
:10CF9C000028E2D09DF8103003F00F03012BDCD1F8
:10CFAC004CF25030DBE700BF00800D40AE14002087
:10CFBC00A2270020A427002000C00F4000801F40A3
:10CFCC0000002C40008000010B007F110018002095
:10CFDC009DA200006EE400E00CE100E000001A08E5
:10CFEC000000304000001A373C21002000000229CC
:10CFFC00602100200000090200001A030000FFFF5E
:10D00C005021002000000909402100200000090ADD
:10D01C0000001B0700001A06F1FFFF80A327002069
:10D02C0040420F006421002038B5274B0D465A6A48
:10D03C0094050DD49A6A22F480329A6272B69A6A76
:10D04C0042F400329A629A6A42F480329A6262B670
:10D05C001E48FFF7E9F900282DD12B1F1A4905F5B9
:10D06C00FE754A6A1005FCD503F140000A6A164C9D
:10D07C0043F8042F9842F9D185420346F1D1144864
:10D08C00FFF7D2F970B9226B124B1A601A6822633F
:10D09C001A68920717D51B680F481840B0FA80F031
:10D0AC00400938BD0D491D200D4B40F2423208702D
:10D0BC0000201A6038BD09491A24094B40F2373256
:10D0CC0000200C701A6038BD00002C4015A3000025
:10D0DC003DA300006C21002000007F11AE14002045
:10D0EC003C21002010B514480C46FFF7B1F9C8B923
:10D0FC00124B4FF4007012499A6A42F480329A62D1
:10D10C0058600B7863B961020E48FFF701FA30B929
:10D11C000D490C240D4B40F29E320C701A6010BD60
:10D12C002146F1E708490A20084B40F29232087078
:10D13C0000201A6010BD00BFD9A5000000002C40D3
:10D14C00A427002030003A12AE1400203C2100200D
:10D15C0070B5037AADF5007D1546DC0711D5930744
:10D16C0020D0012329486A46FFF76AFA00B36946C2
:10D17C0028464FF40072FBF77DFA01200DF5007D77
:10D18C0070BD234B04460E461B7833BB637A012BD0
:10D19C0019D0236820461B6A984720BB00200DF548
:10D1AC00007D70BD01231948FFF74AFA0028E4D12D
:10D1BC000B201849184B40F25532087000201A60A9
:10D1CC000DF5007D70BD63689E4215D02368204626
:10D1DC001B6A98470028E1D005E0FFF757FB0028B1
:10D1EC00D4D10020DBE731462046FFF77BFF002837
:10D1FC00D4D001236660637229462046FFF714FFE2
:10D20C000028CBD0636801336360D9E711003A1171
:10D21C00A5270020AE1400203C21002070B5144A34
:10D22C0000250E4645722946936A124823F4803332
:10D23C009362FFF76DF9044688B10EB9204670BDB4
:10D24C000D48FFF705F90028F8D02C460B490A20A9
:10D25C000B4B4FF46E72087020461A6070BD074974
:10D26C000920074B4FF46D72087020461A6070BD90
:10D27C0000002C400000DB0CF5A20000AE140020D6
:10D28C003C210020094B1B7810B504464BB9637A3E
:10D29C000BB9012010BD20460121BDE81040FFF75D
:10D2AC00BDBFFFF7F3FA0028F1D110BDA527002070
:10D2BC000121FCF76FBC00BFFCF760BC0368416840
:10D2CC0030B4DA7C8468002A28D072B6DA7CD507B0
:10D2DC0006D533485A6905682A409A620260DA7C9E
:10D2EC00900706D52F489A6905682A40DA620260D1
:10D2FC00DA7C550706D52C48DA6905682A401A638A
:10D30C000260DA7C100706D528481A6A05682A409C
:10D31C005A630260DA7CD2062BD462B69A688A42CF
:10D32C002ED0234A996092692248C2F30115C2F3A8
:10D33C00826250F825000132B0FBF2F0B9B1B0FBBB
:10D34C00F1F242B1B0FBF2F0884288BF0132B2F583
:10D35C00817F17D3184ADA601B680025032001214E
:10D36C001D6158621A641C66196130BC7047024614
:10D37C00E7E712485A6A05682A409A630260CCE7CC
:10D38C00DA68E9E7022A98BF0022E4D9023A500889
:10D39C00010442EA002201F47F010A43DBE700BFEB
:10D3AC0080E100E084E100E088E100E08CE100E055
:10D3BC0000C00F4030070020FF7F7F0090E100E0AD
:10D3CC0000B585B00DF1100E0EE90E00039B33B1C4
:10D3DC000360184605B05DF804EBFCF79DBE044AEB
:10D3EC0013460260184605B05DF804EBFCF794BEDA
:10D3FC001C1000200268D37CE3B1D80703D50E4B78
:10D40C00916A1960D37C990703D50C4BD16A1960CA
:10D41C00D37C580703D50A4B116B1960D37C1907C1
:10D42C0003D5084B516B1960D37CDB0602D5926B8C
:10D43C00054B1A60704700BF00E100E004E100E01A
:10D44C0008E100E00CE100E010E100E00068FCF70E
:10D45C007FBF00BF0268FF2312685366D36D13F4BD
:10D46C00F81FFBD0506FC0B2704700BF70B50C46B0
:10D47C0016460546FF21204600F0B6FB28683346C9
:10D48C0022462146FCF760FF002070BD03681A6835
:10D49C005166D36D13F4F81FFBD0536F704700BF68
:10D4AC0030B5551EADF5017D1346B5F5007F10D393
:10D4BC0062B10268C818126811F8013B5366D36D4B
:10D4CC0013F4F81FFBD08142536FF5D10DF5017D9C
:10D4DC0030BD144605466846FBF7CCF823466A4631
:10D4EC0069462868FCF730FF0DF5017D30BD00BFA3
:10D4FC00B1F5807F70B41DD810293FD84023202669
:10D50C00B2FBF3F1B1F5806F1DD203FB11238C0834
:10D51C00C9B224F03F048170B2FBF6F506FB15226C
:10D52C00B3FBF6F30132DBB222430370D2B270BC10
:10D53C00427070473F231E4680290CD9B1F5FC7F01
:10D54C000BD81B01DCE7FF21FE230A460370817018
:10D55C00427070BC7047DB00D2E7B1F57C7F04D918
:10D56C00B1F5FC6F03D89B01CAE75B01C8E7B1F5C5
:10D57C007C6F94BFDB01C3EB0323C1E7202902D8E6
:10D58C0080232026BCE720231E46D5E713460A46F7
:10D59C000146022000F062BC014B1868704700BFC6
:10D5AC008014002070B50F4E0F4D761BB61018BFAF
:10D5BC00002405D0013455F8043B9847A642F9D114
:10D5CC000A4E0B4D761B00F0D7FDB61018BF002489
:10D5DC0006D0013455F8043B9847A642F9D170BDEA
:10D5EC0070BD00BFC01E0060C01E0060D41E006075
:10D5FC00C01E0060024B0146186800F00BB800BF5B
:10D60C0080140020024B0146186800F0C7BC00BF14
:10D61C00801400202DE9F04F01F10B05162D83B07D
:10D62C00064640F29F8035F0070500F1BF80A94205
:10D63C0000F2BC8000F026FBB5F5FC7FC0F09C82AC
:10D64C006B0A00F0BA80042B00F28381A80900F168
:10D65C00390E4FEA4E033830C44F07EB8303A3F166
:10D66C0008015C68A14207D1ACE0002A80F2AC80D2
:10D67C00E468A14200F0A680636823F003035A1B00
:10D68C000F2AF2DDB9493C6901F1080E744500F02E
:10D69C00B381636823F003035A1B0F2A00F39981AB
:10D6AC00002AC1F814E0C1F810E080F29E80B3F5B6
:10D6BC00007F80F06781DB0803F1010C01229B10D5
:10D6CC0002FA03F34A6851F83C80C4F8088001EB75
:10D6DC00CC091A43A9F10803E3604A6041F83C40C5
:10D6EC00C8F80C40831001249C40944200F28A80BC
:10D6FC00144206D120F003006400144200F104002F
:10D70C00FAD007EBC009CC468046DCF80C108C45EF
:10D71C0007D173E1002A80F28181C9688C4500F041
:10D72C006D814B6823F003035A1B0F2AF2DD0C4664
:10D73C00D1F80CC054F8088F4B1945F001054D6019
:10D74C0042F00101C8F80CC03046CCF808807B616F
:10D75C003B61C3F80CE0C3F808E059609A5000F044
:10D76C0093FA1FE0102921D800F08CFA102506231B
:10D77C0002207E4F07EB8303A3F108025C689442FE
:10D78C0000F045816368E168A56823F00303234436
:10D79C0030465A68E96042F001028D605A6000F030
:10D7AC0073FA0834204603B0BDE8F08F00240C2334
:10D7BC002046336003B0BDE8F08F80234FF0400E5D
:10D7CC003F2049E770465DE72344E1685A68A56845
:10D7DC0042F00102E96030468D605A6000F054FA64
:10D7EC000834204603B0BDE8F08F234430465A6815
:10D7FC0042F001025A6000F047FA0834204603B0A8
:10D80C00BDE8F08FBC68636823F00308A84504D317
:10D81C00C5EB08030F2B00F38C80554BDFF86091A0
:10D82C001A68D9F8003001332A4404EB080A00F0D6
:10D83C00608102F580520F3222F47F6222F00F02D7
:10D84C0011463046019200F021FAB0F1FF3F8346B9
:10D85C00019A00F05881824500F2FC80454B196812
:10D86C00DA451144196000F05381D9F80000DFF853
:10D87C0010E101301BBFCAEB0B0A5144CEF800B0CB
:10D88C0019601BF0070100F01781C1F10800C1F508
:10D89C008051834408315A44C2F30B02C2EB010994
:10D8AC0049463046019300F0F1F9431C019B00F00E
:10D8BC003F81CBEB00024A4442F001021968C7F8E1
:10D8CC0008B04944BC42CBF804201960DFF8A4909E
:10D8DC0016D0B8F10F0F40F2FD806268A8F10C036E
:10D8EC0023F00703E01802F001024FF0050E1A4373
:10D8FC000F2B6260C0F804E0C0F808E000F21C8155
:10D90C001D4BBC681A68914288BF19601B4B1A6882
:10D91C009142626888BF196022F003029542A2EB23
:10D92C00050301D80F2B04DC304600F0ADF90024C0
:10D93C0038E7621943F0010345F001056560304694
:10D94C00BA60536000F0A0F90834204603B0BDE87B
:10D95C00F08F142B71D9542B00F2A480280B00F1FA
:10D96C006F0E4FEA4E036E3076E600BF701000204B
:10D97C00E4220020B4220020DC220020E02200203F
:10D98C00781400205A0A042A5ED9142A00F2B380B3
:10D99C0002F15C0149005B3207EB810C57F8211056
:10D9AC00DFF8DC81ACF1080C8C4500F088804A680B
:10D9BC0022F00302934202D289688C45F7D1D1F848
:10D9CC000CC07A68C4F80CC0A160CCF80840CC60DC
:10D9DC0088E6631942F0010745F0010565603046A1
:10D9EC004B610B61C3F80CE0C3F808E05F609A5020
:10D9FC00083400F049F9D5E64A6873E608F10108E5
:10DA0C0018F0030F0CF1080C7FF47FAE30E0DC68EB
:10DA1C00A34208BF02303FF435AEB3E60B440C46CC
:10DA2C005A68C96854F8085F42F001025A603046DF
:10DA3C00E9608D6000F028F9B4E603F15C0E03F1A7
:10DA4C005B004FEA4E0307E69A0902F139014900DF
:10DA5C003832A1E7BC424A4B3FF400AF9C68626885
:10DA6C0022F003025AE759F80839994540F08280B0
:10DA7C0010F0030F00F1FF30F5D17B6823EA0403AB
:10DA8C007B6064009C423FF6BDAE002C3FF4BAAE06
:10DA9C001C4240467FF435AE64001C4200F1040089
:10DAAC00FAD02EE6B3F5AA7F18D8E80B00F1780E61
:10DABC004FEA4E037730CFE54FF48051EBE601216E
:10DACC00D8F80430921001FA02F21A43C8F8042074
:10DADC00614677E70123CBF8043025E740F2545236
:10DAEC00934220D8A80C00F17D0E4FEA4E037C30F7
:10DAFC00B2E51032A4E6542A26D81A0B02F16F01B3
:10DB0C0049006E3248E7BC68626822F0030205E700
:10DB1C00CAF30B0000287FF4A8AE4244BB6842F065
:10DB2C0001025A60ECE6FE234FF07F0E7E2093E557
:10DB3C0001224FF00009C1E604F10801304600F063
:10DB4C002DFAD9F80010DBE6B2F5AA7F05D8DA0B6E
:10DB5C0002F17801490077321EE740F254518A42B3
:10DB6C0005D89A0C02F17D0149007C3214E7FE21A4
:10DB7C007E2211E77B6884E7E808431C5B00F8E52C
:10DB8C0070100020032A70B426D940EA01039B07C9
:10DB9C0011D004780D78AC4222D10244431C05E02C
:10DBAC0013F8014B11F8015FAC4219D19342F7D134
:10DBBC00002070BC70470C4603461E682568AE42B8
:10DBCC001846214603F1040304F10404E1D1043A9C
:10DBDC00032A18462146F0D8002ADAD11046E8E785
:10DBEC00601B70BC704700BF70B4840746D0541ED5
:10DBFC00002A41D0CDB2034602E0621EE4B31446C3
:10DC0C0003F8015B9A07F8D1032C2ED9CDB245EA63
:10DC1C0005250F2C45EA054519D903F110022646B6
:10DC2C00103E0F2E42F8105C42F80C5C42F8085C77
:10DC3C0042F8045C02F11002F2D8A4F1100222F0B6
:10DC4C000F0204F00F041032032C13440DD91E469E
:10DC5C002246043A032A46F8045BFAD8221F22F023
:10DC6C0003020432134404F003042CB1C9B21C4463
:10DC7C0003F8011BA342FBD170BC7047144603464A
:10DC8C00C2E700BF704700BF704700BF38B5074CF4
:10DC9C000023054608462360FAF77AFE431C00D0A1
:10DCAC0038BD2368002BFBD02B6038BD202800200A
:10DCBC000000000000000000000000000000000058
:10DCCC000000000000000000000000000000000048
:10DCDC000000000000000000000000000000000038
:10DCEC0090F800F06DE9024520F007016FF0000C90
:10DCFC0010F0070491F820F040F049804FF0000438
:10DD0C006FF00700D1E9002391F840F000F1080012
:10DD1C0082FA4CF2A4FA8CF283FA4CF3A2FA8CF34A
:10DD2C004BBBD1E9022382FA4CF200F10800A4FAB1
:10DD3C008CF283FA4CF3A2FA8CF3E3B9D1E9042305
:10DD4C0082FA4CF200F10800A4FA8CF283FA4CF33C
:10DD5C00A2FA8CF37BB9D1E9062301F1200182FAF6
:10DD6C004CF200F10800A4FA8CF283FA4CF3A2FAFC
:10DD7C008CF3002BC6D0002A04BF04301A4612BA0A
:10DD8C00B2FA82F2FDE8024500EBD2007047D1E90D
:10DD9C00002304F00305C4F100004FEAC50514F09C
:10DDAC00040F91F840F00CFA05F562EA05021CBF6D
:10DDBC0063EA050362464FF00004A9E7002A41D04C
:10DDCC0040EA010313F00303F0B425D1032A23D94D
:10DDDC0004680D68AC421FD1043A35D0A4F101356A
:10DDEC0025EA040414F0803F31D1071D0D1D0DE010
:10DDFC0057F8043B0E68A3F10134B34224EA030440
:10DE0C000AD1043A20D014F0803F23D1032A2946AA
:10DE1C00384605F10405EBD803780C789C4202F1E6
:10DE2C00FF320CD182B114B916E06AB17BB110F893
:10DE3C00013F11F8014FA34202F1FF32F5D0181B3C
:10DE4C00F0BC7047104670471046F0BC704718463F
:10DE5C00F0BC70470020F3E72046F1E72DE9F047CE
:10DE6C00254C2568D5F84841064688469246994681
:10DE7C00C4B360681F2817DC431C76B104EB800523
:10DE8C000122C5F888A0D4F8881182401143022ED3
:10DE9C00C4F88811C5F808911ED00230636044F8AC
:10DEAC0020800020BDE8F087144B03B34FF4C870FA
:10DEBC00FFF7A0FB0446D0B1D5F84831002780E825
:10DECC008800C5F8484138460123C4F88871C4F865
:10DEDC008C71002EE1D0D1E7D4F88C110A43C4F830
:10DEEC008C21DAE705F5A674C5F84841C1E74FF077
:10DEFC00FF30BDE8F08700BF4007002055B600009A
:10DF0C00F8B5234F0C460646FFF7BCFEBB685D68B0
:10DF1C0025F00305291B01F6EF7121F47F6121F037
:10DF2C000F01A1F58054B4F5805F07DB002130466A
:10DF3C00FFF7ACFEBB682B44984204D03046FFF789
:10DF4C00A3FE0020F8BD61423046FFF79FFE013072
:10DF5C000DD0104BBA6819682D1B45F001053046E1
:10DF6C00091B55601960FFF78FFE0120F8BD0021D9
:10DF7C003046FFF78BFEBA68831A0F2BDEDD064C9A
:10DF8C000449246843F00103001B53600860D5E783
:10DF9C0070100020B422002078140020002945D0F5
:10DFAC002DE9F0410D468046FFF76CFE55F8047CD8
:10DFBC006A4927F00103A5F10804E2188E6850683D
:10DFCC00B24220F0030062D0FE0750600BD455F82B
:10DFDC00087CE41B01F1080EA56875453B446FD025
:10DFEC00E768EF60BD6015186D68ED0742D543F02A
:10DFFC0001026260E350B3F5007F18D2DB085A1CB3
:10E00C004D6851F83270A76001209B1000FA03F3A1
:10E01C0001EBC2001D430838E0604D6041F832400E
:10E02C00FC604046BDE8F041FFF72EBE70475A0A2F
:10E03C00042A53D89A0902F139077F0002F13805F6
:10E04C0001EB870051F827204449083890424DD005
:10E05C00516821F003018B4202D292689042F7D1B1
:10E06C00D068E060A2608460D4604046BDE8F041B6
:10E07C00FFF70ABE95683A4FBD4203443FD0D068C3
:10E08C00E86043F0010285606260E350B3E7FF078C
:10E09C00034407D455F8082CA41A1344A068E2686A
:10E0AC00C26090602F4A126843F001009342606096
:10E0BC008C60B6D32C4B40461968FFF721FFB0E7B4
:10E0CC0011184968C90744D49168D268CA600344DE
:10E0DC0043F0010091606060E350A2E7142A17D866
:10E0EC0002F15C077F0002F15B05A9E7AA104B68FF
:10E0FC00012505FA02F213434B600246B1E743F0E7
:10E10C0001024C610C61E560A5606260E35088E738
:10E11C00542A06D81A0B02F16F077F0002F16E0524
:10E12C008EE7B2F5AA7F06D8DA0B02F178077F00EA
:10E13C0002F1770584E740F25450824206D89A0CDB
:10E14C0002F17D077F0002F17C0579E7FE277E2531
:10E15C0076E743F001026260E35062E77010002042
:10E16C00781000207C140020E42200200000000025
:10E17C005FF800F0C91D00605FF800F0751E0060CC
:10E18C005FF800F055160060000000000000000071
:04E19C00F8B500BF13
:08E1A0004CBEFF7F01000000EE
:10E1A8000000000000000000000000000000000067
:10E1B8000000000000000000000000000000000057
:10E1C8000000000000000000000000000000000047
:10E1D8000000000000000000000000000000000037
:10E1E8000000000000000000000000000000000027
:10E1F8000000000000000000000000000000000017
:10E208000000000000000000000000000000000006
:10E2180000000000000000000000000000000000F6
:10E2280000000000000000000000000000000000E6
:10E2380000000000000000000000000000000000D6
:10E2480000000000000000000000000000000000C6
:10E2580000000000000000000000000000000000B6
:10E2680000000000000000000000000000000000A6
:10E278000000000000000000000000000000000096
:10E288000000000000000000000000000000000086
:10E298000000000000000000000000000000000076
:10E2A8000000000000000000000000000000000066
:10E2B8000000000000000000000000000000000056
:10E2C8000000000000000000000000000000000046
:10E2D8000000000000000000000000000000000036
:10E2E8000000000000000000000000000000000026
:10E2F8000000000000000000000000000000000016
:10E308000000000000000000000000000000000005
:10E3180000000000000000000000000000000000F5
:10E3280000000000000000000000000000000000E5
:10E3380000000000000000000000000000000000D5
:10E3480000000000000000000000000000000000C5
:10E3580000000000000000000000000000000000B5
:10E3680000000000000000000000000000000000A5
:10E378000000000000000000000000000000000095
:10E388000000000000000000000000000000000085
:10E398000000000000000000000000000000000075
:10E3A8000000000000000000000000000000000065
:10E3B8000000000000000000000000000000000055
:10E3C8000000000000000000000000000000000045
:10E3D8000000000000000000000000000000000035
:10E3E8000000000000000000000000000000000025
:10E3F8000000000000000000000000000000000015
:10E408000000000000000000000000000000000004
:10E4180000000000000000000000000000000000F4
:10E42800FF00780180014302880187018C018B017C
:10E43800920191019501F601990198019A013D0215
:10E448009E012002A801A701AD01AC01B001AF01F6
:10E45800B901B801BD01BC01BF01F701C601C40182
:10E46800C901C701CC01CA01DD018E01F301F10127
:10E47800F501F4013A02652C3C023B023E02662C8F
:10E488004202410253028101540286015602890167
:10E4980057028A0159028F015B02900160029301C1
:10E4A8006302940168029701690296016B02622C6B
:10E4B8006F029C0172029D0175029F017D02642C0E
:10E4C8008002A6018302A9018802AE0189024402E2
:10E4D8008A02B1018B02B2018C0245029202B70195
:10E4E8007B03FD037C03FE037D03FF03AC0386036C
:10E4F800C203A303CC038C03CD038E03CE038F0387
:10E50800F203F903F803F703FB03FA03CF04C0048B
:10E518007D1D632C511F591F531F5B1F551F5D1F06
:10E52800571F5F1F781FF81F791FF91FB31FBC1FE4
:10E53800CC1FC31FE51FEC1FFC1FF31F4E21322108
:10E5480084218321612C602C762C752C6100E01AC3
:10E55800E000E017F800E007000101303201010691
:10E56800390101104A01012E7901010682010104D5
:10E57800A0010106B3010104CD010110DE01011261
:10E58800F8010128220201124602010AAD03DB0349
:10E59800B103E011C303E009D80301183004E020F7
:10E5A8005004B010600401228A040136C104010E2F
:10E5B800D00401446105D026001E0196A01E015A10
:10E5C800001F0808101F0806201F0808301F080829
:10E5D800401F0806601F0808701F4A02721F560471
:10E5E800761F64027A1F70027C1F7E02801F080853
:10E5F800901F0808A01F0808B01F0802D01F0802B3
:10E60800E01F08027021F010D024E61A302CD02F19
:10E61800672C0106802C0164002D002641FFE01ABA
:10E628006CC00F40C0000000504F0000A5800000E3
:10E638000CFF0000130000000000000000000000B4
:10E6480024851F400BFF000013000000000000009D
:10E658000000000028851F400DFF00001300000087
:10E66800000000000000000020851F400A2524004B
:10E678001300000012000000120000000102030055
:10E68800000000001C851F40000000000000000082
:10E6980000000000000000005906000031060000DC
:10E6A8007D000000310500002D07000085010000F5
:10E6B8006D0100000000000000000000C14B0000D8
:10E6C8000000000000000000216A000000000000B7
:10E6D80000000000A95C000000000000000000002D
:10E6E800094E000000000000000000002999000009
:10E6F800359900002D9900005D9A0000959800005A
:10E70800E9A0000075A00000559E00005DA0000073
:10E7180059A2000045990000B9980000ED9E00003C
:10E7280081980000859800008D980000919800005D
:10E73800A59800004D9E0000459E0000F19C000039
:10E74800918500008998000099A100003D9D000076
:10E75800FD9900000000000000000000CD550000F9
:10E768000000000000000000590500008D060000B0
:10E778007D0000000905000099040000D90500008B
:10E78800AD050000550900009908000000000000D0
:10E798000000000059060000310600007D0000005E
:10E7A800310500002D070000850100006D01000003
:10E7B80000000000000000001108000051080000DF
:10E7C800ED03000045060000D10600000504000026
:10E7D800450500000903000089070000B503000093
:10E7E800D1030000990000008500000069020000C4
:10E7F8001D040000C100000025020000BD0100004A
:10E808004D030000B50200004504000000000000B0
:10E8180000000000216A0000696500007D0000001A
:10E8280081000000216A0000216A0000216A0000BE
:10E8380000000000000000009D850000ED8700003A
:10E848009D87000061860000D5860000398700009A
:10E858003988000025890000618900006D8A000060
:10E86800000000000000000085A40000FDA40000D6
:10E8780099A20000C5A70000B1B1000001AC0000DA
:10E888000985000059A70000E5B2000041AB00006F
:10E89800B9AA00004985000019A8000025A40000B5
:10E8A80031A4000085850000898500008D85000061
:10E8B8003DA4000059A4000075A4000005A60000AE
:10E8C80051A50000BDA900004DAA000045A90000FF
:10E8D800D8399D270054EA2A00A4781F007B9A178C
:10E8E800E80B002000000042C8801F40B8821F408B
:10E8F8000800000000000042C4801F40B4821F408E
:10E908000400000000C0004224801F4014821F4001
:10E918001000000000C0004228801F4018821F40DD
:10E928002000000000C000422C801F401C821F40B5
:10E938004000000000C0004234801F4024821F4075
:10E94800000100000040004264811F4054831F40C2
:10E95800000400000040004280811F4070831F4077
:10E9680000000200004000427C811F406C831F4071
:10E97800000001000040004268811F4058831F408A
:10E9880000080000004000423C811F402C831F40CB
:10E99800010000000040004244811F4034831F40B2
:10E9A800040000000040004240811F4030831F40A7
:10E9B800020000000040004248811F4038831F4089
:10E9C800080000000000004204811F40F4821F403C
:10E9D800000004000000004208811F40F8821F4028
:10E9E800000008000000004218811F4008831F40F3
:10E9F800000080000000004214811F4004831F4073
:10EA0800000040000000004200811F40F0821F40CB
:10EA18000000020000000042FC801F40EC821F4002
:10EA2800000001000000004224811F4014831F40A1
:10EA3800000000040000004228811F4018831F4086
:10EA480000000008000000421C811F400C831F408A
:10EA5800000000010000004220811F4010831F4079
:10EA68000000000200000042EC801F40DC821F40D2
:10EA78000010000000000042F0801F40E0821F40AC
:10EA8800002000000000004234811F4024831F4002
:10EA9800000000400000004238811F4028831F40CA
:10EAA800000000800080004294801F4084821F4044
:10EAB8000000040000C0004290801F4080821F4078
:10EAC8000000008000800042A8801F4098821F40FC
:10EAD8000000800000800042A4801F4094821F40F4
:10EAE80000004000004000426C811F405C831F40D2
:10EAF8000010000000C0004230801F4020821F40EC
:10EB08008000000000400042B0811F40A0831F40E9
:10EB18000000002000400042AC811F409C831F4041
:10EB2800000000100040004284811F4074831F4091
:10EB3800000004000040004288811F4078831F4085
:10EB480000000800000000422C811F401C831F4069
:10EB5800000000100000004230811F4020831F4049
:10EB680000000020000000420C811F40FC821F4072
:10EB7800000010000000004210811F4000831F4069
:10EB88000000200000800042C8811F40B8831F4059
:10EB98000080000000800042C4811F40B4831F40F1
:10EBA8000040000000800042C0811F40B0831F4029
:10EBB8000020000000800042BC811F40AC831F4041
:10EBC8000010000000800042D0811F40C0831F4019
:10EBD8000000020000800042CC811F40BC831F401F
:10EBE8000000010000C0004274801F4064821F4082
:10EBF8000000000100C0004280801F4070821F405A
:10EC08000000000800C0004284801F4074821F403A
:10EC18000000001000C000426C801F405C821F4052
:10EC28000000400000C000427C801F406C821F40F2
:10EC38000000000400C0004278801F4068821F4026
:10EC48000000000200C0004288801F4078821F40F8
:10EC5800000000204558464154000000446576698C
:10EC6800636520697320746F6F20736D616C6C0D20
:10EC78000A00000057726974696E67204641542083
:10EC8800000000002E00000057726974696E67204A
:10EC9800757063617365207461626C650D0A0000AC
:10ECA80057726974696E6720726F6F740D0A00007D
:10ECB800466F726D617420646F6E650D0A00000006
:10ECC800466F726D6174206661696C65640D0A0037
:10ECD80042616420636C757374657220636F756E2E
:10ECE800740D0A004361726420697320746F6F2089
:10ECF800736D616C6C2E0D0A00000000466F726D1A
:10ED0800617420446F6E650D0A000000466F726DD5
:10ED18006174204661696C65640D0A000001000099
:10ED2800841400201200000000060000A01F0060EC
:10ED38000A00000000020000541F00604B000000A1
:10ED480000070000081F00604B00000000030000DF
:10ED5800041F00600000000001030904EC1E0060AD
:10ED68000000000002030904D41E00600000000037
:10ED780003030904981400200000000000000000AC
:10ED8800000000000000000000000000D40E002079
:10ED98003C0F0020A40F002000000000000000002D
:10EDA800000000000000000000000000000000005B
:10EDB800000000000000000000000000000000004B
:10EDC800000000000000000000000000000000003B
:10EDD800000000000000000000000000000000002B
:10EDE800000000000000000000000000000000001B
:10EDF800000000000000000000000000000000000B
:10EE080000000000000000000000000000000000FA
:10EE180000000000000000000000000000000000EA
:10EE280000000000000000000000000000000000DA
:10EE380001000000000000000E33CDAB34126DE677
:10EE4800ECDE05000B0000000000000000000000E0
:10EE580000000000000000000000000000000000AA
:10EE6800000000000000000000000000000000009A
:10EE7800000000000000000000000000000000008A
:10EE8800000000000000000000000000000000007A
:10EE9800000000000000000000000000000000006A
:10EEA800000000000000000000000000000000005A
:10EEB800000000000000000000000000000000004A
:10EEC800000000000000000000000000000000003A
:10EED800000000000000000000000000000000002A
:10EEE800000000000000000000000000000000001A
:10EEF800000000000000000000000000000000000A
:10EF080000000000000000000000000000000000F9
:10EF180000000000000000000000000000000000E9
:10EF280000000000000000000000000000000000D9
:10EF380000000000000000000000000000000000C9
:10EF480000000000000000000000000000000000B9
:10EF580000000000000000000000000000000000A9
:10EF68000000000000000000000000000000000099
:10EF78000000000000000000000000000000000089
:10EF88000000000000000000000000000000000079
:10EF98000000000000000000000000000000000069
:10EFA8000000000000000000000000000000000059
:10EFB8000000000000000000000000000000000049
:10EFC8000000000000000000000000000000000039
:10EFD8000000000000000000000000000000000029
:10EFE8000000000000000000000000000000000019
:10EFF8000000000000000000000000000000000009
:10F0080000000000000000000000000000000000F8
:10F0180000000000000000000000000000000000E8
:10F0280000000000000000000000000000000000D8
:10F0380000000000000000000000000000000000C8
:10F0480000000000000000000000000000000000B8
:10F0580000000000000000000000000000000000A8
:10F068000000000000000000000000000000000098
:10F078000000000000000000000000000000000088
:10F088000000000000000000000000000000000078
:10F098000000000000000000000000000000000068
:10F0A8000000000000000000000000000000000058
:10F0B8000000000000000000000000000000000048
:10F0C8000000000000000000000000000000000038
:10F0D8000000000000000000000000000000000028
:10F0E8000000000000000000000000000000000018
:10F0F8000000000000000000000000000000000008
:10F1080000000000000000000000000000000000F7
:10F1180000000000000000000000000000000000E7
:10F1280000000000000000000000000000000000D7
:10F1380000000000000000000000000000000000C7
:10F1480000000000000000000000000000000000B7
:10F1580000000000000000000000000000000000A7
:10F168000000000000000000000000000000000097
:10F178000000000000000000000000000000000087
:10F188000000000000000000000000000000000077
:10F198000000000000000000000000000000000067
:10F1A8000000000000000000000000000000000057
:10F1B800000000000029DE07007B9A1700003A4093
:10F1C8008004002000000000000000000000000093
:10F1D8000000000000000000000000000000000027
:10F1E8000000000000000000000000000000000017
:10F1F8000000000000000000000000000000000007
:10F20800000000000000000000000000603A20201C
:10F2180000000000000000007010002070100020A6
:10F228007810002078100020801000208010002026
:10F2380088100020881000209010002090100020D6
:10F248009810002098100020A0100020A010002086
:10F25800A8100020A8100020B0100020B010002036
:10F26800B8100020B8100020C0100020C0100020E6
:10F27800C8100020C8100020D0100020D010002096
:10F28800D8100020D8100020E0100020E010002046
:10F29800E8100020E8100020F0100020F0100020F6
:10F2A800F8100020F81000200011002000110020A4
:10F2B8000811002008110020101100201011002052
:10F2C8001811002018110020201100202011002002
:10F2D80028110020281100203011002030110020B2
:10F2E8003811002038110020401100204011002062
:10F2F8004811002048110020501100205011002012
:10F3080058110020581100206011002060110020C1
:10F318006811002068110020701100207011002071
:10F328007811002078110020801100208011002021
:10F3380088110020881100209011002090110020D1
:10F348009811002098110020A0110020A011002081
:10F35800A8110020A8110020B0110020B011002031
:10F36800B8110020B8110020C0110020C0110020E1
:10F37800C8110020C8110020D0110020D011002091
:10F38800D8110020D8110020E0110020E011002041
:10F39800E8110020E8110020F0110020F0110020F1
:10F3A800F8110020F811002000120020001200209F
:10F3B800081200200812002010120020101200204D
:10F3C80018120020181200202012002020120020FD
:10F3D80028120020281200203012002030120020AD
:10F3E800381200203812002040120020401200205D
:10F3F800481200204812002050120020501200200D
:10F4080058120020581200206012002060120020BC
:10F41800681200206812002070120020701200206C
:10F42800781200207812002080120020801200201C
:10F4380088120020881200209012002090120020CC
:10F448009812002098120020A0120020A01200207C
:10F45800A8120020A8120020B0120020B01200202C
:10F46800B8120020B8120020C0120020C0120020DC
:10F47800C8120020C8120020D0120020D01200208C
:10F48800D8120020D8120020E0120020E01200203C
:10F49800E8120020E8120020F0120020F0120020EC
:10F4A800F8120020F812002000130020001300209A
:10F4B8000813002008130020101300201013002048
:10F4C80018130020181300202013002020130020F8
:10F4D80028130020281300203013002030130020A8
:10F4E8003813002038130020401300204013002058
:10F4F8004813002048130020501300205013002008
:10F5080058130020581300206013002060130020B7
:10F518006813002068130020701300207013002067
:10F528007813002078130020801300208013002017
:10F5380088130020881300209013002090130020C7
:10F548009813002098130020A0130020A013002077
:10F55800A8130020A8130020B0130020B013002027
:10F56800B8130020B8130020C0130020C0130020D7
:10F57800C8130020C8130020D0130020D013002087
:10F58800D8130020D8130020E0130020E013002037
:10F59800E8130020E8130020F0130020F0130020E7
:10F5A800F8130020F8130020001400200014002095
:10F5B8000814002008140020101400201014002043
:10F5C80018140020181400202014002020140020F3
:10F5D80028140020281400203014002030140020A3
:10F5E8003814002038140020401400204014002053
:10F5F8004814002048140020501400205014002003
:10F6080058140020581400206014002060140020B2
:10F618006814002068140020FFFFFFFF00000200AC
:10F62800E80B002012010002EF020140C01683041B
:10F6380080020102030100000C030000000000002A
:10F648000000000000000000000000000000290188
:10F6580000000000000000000000000000000000A2
:10F668000000000000000000000000000000000092
:10F678000000000000000000000000000000000082
:10F688000000000000000000000000000000000072
:10F698000000000000000000000000000000000062
:10F6A8000000000000000000000000000000000052
:10F6B8000000000000000000000000000000000042
:10F6C8000000000000000000000000000000000032
:10F6D8000000000000000000000000000000000022
:10F6E8000000000000000000000000000000000012
:10F6F8000000000000000000000000000000000002
:10F7080000000000000000000000000000000000F1
:10F7180000000000000000000000000000000000E1
:10F7280000000000000000000000000000000000D1
:10F7380000000000000000000000000000000000C1
:10F7480000000000000000000000000000000000B1
:10F7580000000000000000000000000000000000A1
:10F768000000000000000000000000000000000091
:10F778000000000000000000000000000000000081
:10F788000000000000000000000000000000000071
:10F798000000000000000000000000000000000061
:10F7A8000000000000000000000000000000000051
:10F7B8000000000000000000000000000000000041
:10F7C8000000000000000000000000000000000031
:10F7D8000000000000000000000000000000000021
:10F7E8000000000000000000000000000000000011
:10F7F8000000000000000000000000000000000001
:10F8080000000000000000000000000000000000F0
:10F8180000000000000000000000000000000000E0
:10F8280000000000000000000000000000000000D0
:10F8380000000000000000000000000000000000C0
:10F8480000000000000000000000000000000000B0
:10F8580000000000000000000000000000000000A0
:10F868000000000000000000000000000000000090
:10F878000000000000000000000000000000000080
:10F888000000000000000000000000000000000070
:10F898000000000000000000000000000000000060
:10F8A8000000000000000000000000000000000050
:10F8B8000000000000000000000000000000000040
:10F8C8000000000000000000000000000000000030
:10F8D8000000000000000000000000000000000020
:10F8E8000000000000000000000000000000000010
:10F8F8000000000000000000000000000000000000
:10F9080000000000000000000000000000000000EF
:10F9180000000000000000000000000000000000DF
:10F9280000000000000000000000000000000000CF
:10F9380000000000000000000000000000000000BF
:10F9480000000000000000000000000000000000AF
:10F95800000000000000000000000000000000009F
:10F96800000000000000000000000000000000008F
:10F97800000000000000000000000000000000007F
:10F98800000000000000000000000000000000006F
:10F99800000000000000000000000000000000005F
:10F9A800000000000000000000000000000000004F
:10F9B800000000000000000000000000000000003F
:10F9C800000000000000000000000000000000002F
:10F9D800000000000000000000000000000000001F
:10F9E800000000000000000000000000000000000F
:10F9F80000000000000000000000000000000000FF
:10FA080000000000000000000000000000000000EE
:10FA180000000000000000000000000000000000DE
:10FA280000000000000000000000000000000000CE
:10FA380000000000000000000000000000000000BE
:10FA480000000000000000000000000000000000AE
:10FA5800000000000000000000000000000000009E
:10FA6800000000000000000000000000000000008E
:10FA7800000000000000000000000000000000007E
:10FA8800000000000000000000000000000000006E
:10FA9800000000000000000000000000000000005E
:10FAA800000000000000000000000000000000004E
:10FAB800000000000000000000000000000000003E
:10FAC800000000000000000000000000000000002E
:10FAD800000000000000000000000000000000001E
:10FAE800000000000000000000000000000000000E
:10FAF80000000000000000000000000000000000FE
:10FB080000000000000000000000000000000000ED
:10FB180000000000000000000000000000000000DD
:10FB280000000000000000000000000000000000CD
:10FB380000000000000000000000000000000000BD
:10FB480000000000000000000000000000000000AD
:10FB5800000000000000000000000000000000009D
:10FB6800000000000000000000000000000000008D
:10FB7800000000000000000000000000000000007D
:10FB8800000000000000000000000000000000006D
:10FB9800000000000000000000000000000000005D
:10FBA800000000000000000000000000000000004D
:10FBB800000000000000000000000000000000003D
:10FBC800000000000000000000000000000000002D
:10FBD800000000000000000000000000000000001D
:10FBE800000000000000000000000000000000000D
:10FBF80000000000000000000000000000000000FD
:10FC080000000000000000000000000000000000EC
:10FC180000000000000000000000000000000000DC
:10FC280000000000000000000000000000000000CC
:10FC380000000000000000000000000000000000BC
:10FC480000000000000000000000000000000000AC
:10FC5800000000000000000000000000000000009C
:10FC6800FFFFFFFFFFFFFFFFFFFFFFFFFFFFFFFF9C
:10FC7800FFFFFFFFFFFFFFFFFFFFFFFFFFFFFFFF8C
:10FC8800FFFFFFFFFFFFFFFFFFFFFFFFFFFFFFFF7C
:10FC9800FFFFFFFFFFFFFFFFFFFFFFFFFFFFFFFF6C
:10FCA800FFFFFFFFFFFFFFFFFFFFFFFFFFFFFFFF5C
:10FCB800FFFFFFFFFFFFFFFFFFFFFFFFFFFFFFFF4C
:10FCC800FFFFFFFFFFFFFFFFFFFFFFFFFFFFFFFF3C
:10FCD800FFFFFFFFFFFFFFFFFFFFFFFFFFFFFFFF2C
:10FCE800FFFFFFFFFFFFFFFFFFFFFFFFFFFFFFFF1C
:10FCF800FFFFFFFFFFFFFFFFFFFFFFFFFFFFFFFF0C
:10FD0800FFFFFFFFFFFFFFFFFFFFFFFFFFFFFFFFFB
:10FD1800FFFFFFFFFFFFFFFFFFFFFFFFFFFFFFFFEB
:10FD2800FFFFFFFFFFFFFFFFFFFFFFFFFFFFFFFFDB
:10FD3800FFFFFFFFFFFFFFFFFFFFFFFFFFFFFFFFCB
:10FD4800FFFFFFFFFFFFFFFFFFFFFFFFFFFFFFFFBB
:10FD5800FFFFFFFFFFFFFFFFFFFFFFFFFFFFFFFFAB
:10FD6800FFFFFFFFFFFFFFFFFFFFFFFFFFFFFFFF9B
:10FD7800FFFFFFFFFFFFFFFFFFFFFFFFFFFFFFFF8B
:10FD8800FFFFFFFFFFFFFFFFFFFFFFFFFFFFFFFF7B
:10FD9800FFFFFFFFFFFFFFFFFFFFFFFFFFFFFFFF6B
:10FDA800FFFFFFFFFFFFFFFFFFFFFFFFFFFFFFFF5B
:10FDB800FFFFFFFFFFFFFFFFFFFFFFFFFFFFFFFF4B
:10FDC800FFFFFFFFFFFFFFFFFFFFFFFFFFFFFFFF3B
:10FDD800FFFFFFFFFFFFFFFFFFFFFFFFFFFFFFFF2B
:10FDE800FFFFFFFFFFFFFFFFFFFFFFFFFFFFFFFF1B
:10FDF800FFFFFFFFFFFFFFFFFFFFFFFFFFFFFFFF0B
:10FE0800FFFFFFFFFFFFFFFFFFFFFFFFFFFFFFFFFA
:10FE1800FFFFFFFFFFFFFFFFFFFFFFFFFFFFFFFFEA
:10FE2800FFFFFFFFFFFFFFFFFFFFFFFFFFFFFFFFDA
:10FE3800FFFFFFFFFFFFFFFFFFFFFFFFFFFFFFFFCA
:10FE4800FFFFFFFFFFFFFFFFFFFFFFFFFFFFFFFFBA
:10FE5800FFFFFFFFFFFFFFFFFFFFFFFFFFFFFFFFAA
:10FE6800FFFFFFFFFFFFFFFFFFFFFFFFFFFFFFFF9A
:10FE7800FFFFFFFFFFFFFFFFFFFFFFFFFFFFFFFF8A
:10FE8800FFFFFFFFFFFFFFFFFFFFFFFFFFFFFFFF7A
:10FE9800FFFFFFFFFFFFFFFFFFFFFFFFFFFFFFFF6A
:10FEA800FFFFFFFFFFFFFFFFFFFFFFFFFFFFFFFF5A
:10FEB800FFFFFFFFFFFFFFFFFFFFFFFFFFFFFFFF4A
:10FEC800FFFFFFFFFFFFFFFFFFFFFFFFFFFFFFFF3A
:10FED800FFFFFFFFFFFFFFFFFFFFFFFFFFFFFFFF2A
:10FEE800FFFFFFFFFFFFFFFFFFFFFFFFFFFFFFFF1A
:10FEF800FFFFFFFFFFFFFFFFFFFFFFFFFFFFFFFF0A
:10FF0800FFFFFFFFFFFFFFFFFFFFFFFFFFFFFFFFF9
:10FF1800FFFFFFFFFFFFFFFFFFFFFFFFFFFFFFFFE9
:10FF2800FFFFFFFFFFFFFFFFFFFFFFFFFFFFFFFFD9
:10FF3800FFFFFFFFFFFFFFFFFFFFFFFFFFFFFFFFC9
:10FF4800FFFFFFFFFFFFFFFFFFFFFFFFFFFFFFFFB9
:10FF5800FFFFFFFFFFFFFFFFFFFFFFFFFFFFFFFFA9
:10FF6800FFFFFFFFFFFFFFFFFFFFFFFFFFFFFFFF99
:10FF7800FFFFFFFFFFFFFFFFFFFFFFFFFFFFFFFF89
:10FF8800FFFFFFFFFFFFFFFFFFFFFFFFFFFFFFFF79
:10FF9800FFFFFFFFFFFFFFFFFFFFFFFFFFFFFFFF69
:10FFA800FFFFFFFFFFFFFFFFFFFFFFFFFFFFFFFF59
:10FFB800FFFFFFFFFFFFFFFFFFFFFFFFFFFFFFFF49
:10FFC800FFFFFFFFFFFFFFFFFFFFFFFFFFFFFFFF39
:10FFD800FFFFFFFFFFFFFFFFFFFFFFFFFFFFFFFF29
:10FFE800FFFFFFFFFFFFFFFFFFFFFFFFFFFFFFFF19
:08FFF800FFFFFFFFFFFFFFFF09
:02000004600199
:1000000000000000000000000000000000000000F0
:1000100000000000000000000000000000000000E0
:1000200000000000000000000000000000000000D0
:1000300000000000000000000000000000000000C0
:1000400000000000000000000000000000000000B0
:1000500000000000000000000000000000000000A0
:100060000000000000000000000000000000000090
:100070000000000000000000000000000000000080
:100080000000000000000000000000000000000070
:100090000000000000000000000000000000000060
:1000A0000000000000000000000000000000000050
:1000B0000000000000000000000000000000000040
:1000C0000000000000000000000000000000000030
:1000D0000000000000000000000000000000000020
:1000E0000000000000000000000000000000000010
:1000F0000000000000000000000000000000000000
:1001000000000000000000000000000000000000EF
:1001100000000000000000000000000000000000DF
:1001200000000000000000000000000000000000CF
:1001300000000000000000000000000000000000BF
:1001400000000000000000000000000000000000AF
:10015000000000000000000000000000000000009F
:10016000000000000000000000000000000000008F
:10017000000000000000000000000000000000007F
:10018000000000000000000000000000000000006F
:10019000000000000000000000000000000000005F
:1001A000000000000000000000000000000000004F
:1001B000000000000000000000000000000000003F
:1001C000000000000000000000000000000000002F
:1001D000000000000000000000000000000000001F
:1001E000000000000000000000000000000000000F
:1001F00000000000000000000000000000000000FF
:1002000000000000000000000000000000000000EE
:1002100000000000000000000000000000000000DE
:1002200000000000000000000000000000000000CE
:1002300000000000000000000000000000000000BE
:1002400000000000000000000000000000000000AE
:10025000000000000000000000000000000000009E
:10026000000000000000000000000000000000008E
:10027000000000000000000000000000000000007E
:10028000000000000000000000000000000000006E
:10029000000000000000000000000000000000005E
:1002A000000000000000000000000000000000004E
:1002B000000000000000000000000000000000003E
:1002C000000000000000000000000000000000002E
:1002D000000000000000000000000000000000001E
:1002E000000000000000000000000000000000000E
:1002F00000000000000000000000000000000000FE
:1003000000000000000000000000000000000000ED
:1003100000000000000000000000000000000000DD
:1003200000000000000000000000000000000000CD
:1003300000000000000000000000000000000000BD
:1003400000000000000000000000000000000000AD
:10035000000000000000000000000000000000009D
:10036000000000000000000000000000000000008D
:10037000000000000000000000000000000000007D
:10038000000000000000000000000000000000006D
:10039000000000000000000000000000000000005D
:1003A000000000000000000000000000000000004D
:1003B000000000000000000000000000000000003D
:1003C000000000000000000000000000000000002D
:1003D000000000000000000000000000000000001D
:1003E000000000000000000000000000000000000D
:1003F00000000000000000000000000000000000FD
:1004000000000000000000000000000000000000EC
:1004100000000000000000000000000000000000DC
:1004200000000000000000000000000000000000CC
:1004300000000000000000000000000000000000BC
:1004400000000000000000000000000000000000AC
:10045000000000000000000000000000000000009C
:10046000000000000000000000000000000000008C
:10047000000000000000000000000000000000007C
:10048000000000000000000000000000000000006C
:10049000000000000000000000000000000000005C
:1004A000000000000000000000000000000000004C
:1004B000000000000000000000000000000000003C
:1004C000000000000000000000000000000000002C
:1004D000000000000000000000000000000000001C
:1004E000000000000000000000000000000000000C
:1004F00000000000000000000000000000000000FC
:1005000000000000000000000000000000000000EB
:1005100000000000000000000000000000000000DB
:1005200000000000000000000000000000000000CB
:1005300000000000000000000000000000000000BB
:1005400000000000000000000000000000000000AB
:10055000000000000000000000000000000000009B
:10056000000000000000000000000000000000008B
:10057000000000000000000000000000000000007B
:10058000000000000000000000000000000000006B
:10059000000000000000000000000000000000005B
:1005A000000000000000000000000000000000004B
:1005B000000000000000000000000000000000003B
:1005C000000000000000000000000000000000002B
:1005D000000000000000000000000000000000001B
:1005E000000000000000000000000000000000000B
:1005F00000000000000000000000000000000000FB
:1006000000000000000000000000000000000000EA
:1006100000000000000000000000000000000000DA
:1006200000000000000000000000000000000000CA
:1006300000000000000000000000000000000000BA
:1006400000000000000000000000000000000000AA
:10065000000000000000000000000000000000009A
:10066000000000000000000000000000000000008A
:10067000000000000000000000000000000000007A
:10068000000000000000000000000000000000006A
:10069000000000000000000000000000000000005A
:1006A000000000000000000000000000000000004A
:1006B000000000000000000000000000000000003A
:1006C000000000000000000000000000000000002A
:1006D000000000000000000000000000000000001A
:1006E000000000000000000000000000000000000A
:1006F00000000000000000000000000000000000FA
:1007000000000000000000000000000000000000E9
:1007100000000000000000000000000000000000D9
:1007200000000000000000000000000000000000C9
:1007300000000000000000000000000000000000B9
:1007400000000000000000000000000000000000A9
:100750000000000000000000000000000000000099
:100760000000000000000000000000000000000089
:100770000000000000000000000000000000000079
:100780000000000000000000000000000000000069
:100790000000000000000000000000000000000059
:1007A0000000000000000000000000000000000049
:1007B0000000000000000000000000000000000039
:1007C0000000000000000000000000000000000029
:1007D0000000000000000000000000000000000019
:1007E0000000000000000000000000000000000009
:1007F00000000000000000000000000000000000F9
:1008000000000000000000000000000000000000E8
:1008100000000000000000000000000000000000D8
:1008200000000000000000000000000000000000C8
:1008300000000000000000000000000000000000B8
:1008400000000000000000000000000000000000A8
:100850000000000000000000000000000000000098
:100860000000000000000000000000000000000088
:100870000000000000000000000000000000000078
:100880000000000000000000000000000000000068
:100890000000000000000000000000000000000058
:1008A0000000000000000000000000000000000048
:1008B0000000000000000000000000000000000038
:1008C0000000000000000000000000000000000028
:1008D0000000000000000000000000000000000018
:1008E0000000000000000000000000000000000008
:1008F00000000000000000000000000000000000F8
:1009000000000000000000000000000000000000E7
:1009100000000000000000000000000000000000D7
:1009200000000000000000000000000000000000C7
:1009300000000000000000000000000000000000B7
:1009400000000000000000000000000000000000A7
:100950000000000000000000000000000000000097
:100960000000000000000000000000000000000087
:100970000000000000000000000000000000000077
:100980000000000000000000000000000000000067
:100990000000000000000000000000000000000057
:1009A0000000000000000000000000000000000047
:1009B0000000000000000000000000000000000037
:1009C0000000000000000000000000000000000027
:1009D0000000000000000000000000000000000017
:1009E0000000000000000000000000000000000007
:1009F00000000000000000000000000000000000F7
:100A000000000000000000000000000000000000E6
:100A100000000000000000000000000000000000D6
:100A200000000000000000000000000000000000C6
:100A300000000000000000000000000000000000B6
:100A400000000000000000000000000000000000A6
:100A50000000000000000000000000000000000096
:100A60000000000000000000000000000000000086
:100A70000000000000000000000000000000000076
:100A80000000000000000000000000000000000066
:100A90000000000000000000000000000000000056
:100AA0000000000000000000000000000000000046
:100AB0000000000000000000000000000000000036
:100AC0000000000000000000000000000000000026
:100AD0000000000000000000000000000000000016
:100AE0000000000000000000000000000000000006
:100AF00000000000000000000000000000000000F6
:100B000000000000000000000000000000000000E5
:100B100000000000000000000000000000000000D5
:100B200000000000000000000000000000000000C5
:100B300000000000000000000000000000000000B5
:100B400000000000000000000000000000000000A5
:100B50000000000000000000000000000000000095
:100B60000000000000000000000000000000000085
:100B70000000000000000000000000000000000075
:100B80000000000000000000000000000000000065
:100B90000000000000000000000000000000000055
:100BA0000000000000000000000000000000000045
:100BB0000000000000000000000000000000000035
:100BC0000000000000000000000000000000000025
:100BD0000000000000000000000000000000000015
:100BE0000000000000000000000000000000000005
:100BF00000000000000000000000000000000000F5
:040000056000100087
:00000001FF
